

  ╔═══════════════════════════════════════════════════════╗
  ║                                                       ║
  ║   📊  통합 모니터링 시스템  📊                       ║
  ║                                                       ║
  ║   DART 배당 공시 + TrendForce 뉴스                    ║
  ║   v2.1.0  (Python + DART + TrendForce + Gmail)        ║
  ║                                                       ║
  ╚═══════════════════════════════════════════════════════╝


📂 설정을 로드합니다...

╔══════════════════════════════════════════════╗
║          📋 애플리케이션 설정 정보           ║
╠══════════════════════════════════════════════╣
║ DART API Key : 5d51********
║ 이메일 발송  : Selenium Gmail 자동화
║ 수신자       : jinyoung22.jo@samsung.com, jin.jo202@gmail.com, meejin.an@samsung.com, songyee.lee@samsung.com, eg222.ko@samsung.com, jiwon99.kwon@samsung.com, bokyu.kim@samsung.com, jeonghwan.lim@samsung.com
║ 폴링 간격    : 5분
╚══════════════════════════════════════════════╝
📥 DART 기업 고유번호 데이터를 다운로드 중...
✅ 기업 고유번호 로드 완료: 총 118344개 기업, 3971개 상장사 매핑
💾 공시 처리 이력 로드 완료: 20개 로드됨 (C:\Users\ocarr\OneDrive\dev\dart-mail-sender\processed_disclosures.txt)
🎯 감시 종목 필터 설정 완료: 14개 종목 매핑됨
   감시 대상 종목:
     ✅ LG유플러스 (032640)
     ✅ SK텔레콤 (017670)
     ✅ KT (030200)
     ✅ KB금융 (105560)
     ✅ 신한지주 (055550)
     ✅ 하나금융지주 (086790)
     ✅ 기업은행 (024110)
     ✅ 우리금융지주 (316140)
     ✅ 현대자동차 (005380)
     ✅ 기아 (000270)
     ✅ 맥쿼리인프라 (088980)
     ✅ 삼성전자 (005930)
     ✅ 삼성E&A (028050)
     ✅ 에스원 (012750)

🚀 공시 모니터링을 시작합니다.
   폴링 간격: 5분
   수신자: ['jinyoung22.jo@samsung.com', 'jin.jo202@gmail.com', 'meejin.an@samsung.com', 'songyee.lee@samsung.com', 'eg222.ko@samsung.com', 'jiwon99.kwon@samsung.com', 'bokyu.kim@samsung.com', 'jeonghwan.lim@samsung.com']
   감시 키워드: "현금ㆍ현물배당 결정"

💡 종료하려면 Ctrl+C를 누르세요.

[23:53:55] 🔍 DART 공시 확인 중... (조회기간: 20260622 ~ 20260623)
[23:53:55]    총 71건의 주요사항보고 조회됨
[23:53:55]    배당 결정 공시 없음
[23:53:55] 🔍 KIND ETF 공시 확인 중... (조회기간: 2026-06-22 ~ 2026-06-23)
[23:53:55]    새로운 감시 ETF 이익분배금 공시 없음
[23:58:56] 🔍 DART 공시 확인 중... (조회기간: 20260622 ~ 20260623)
[23:58:56]    총 71건의 주요사항보고 조회됨
[23:58:56]    배당 결정 공시 없음
[23:58:57] 🔍 KIND ETF 공시 확인 중... (조회기간: 2026-06-22 ~ 2026-06-23)
[23:58:57]    새로운 감시 ETF 이익분배금 공시 없음
[00:03:57] 🔍 DART 공시 확인 중... (조회기간: 20260623 ~ 20260624)
[00:03:57]    총 37건의 주요사항보고 조회됨
[00:03:57]    배당 결정 공시 없음
[00:03:58] 🔍 KIND ETF 공시 확인 중... (조회기간: 2026-06-23 ~ 2026-06-24)
[00:03:58]    새로운 감시 ETF 이익분배금 공시 없음
[00:08:59] 🔍 DART 공시 확인 중... (조회기간: 20260623 ~ 20260624)
[00:08:59]    총 37건의 주요사항보고 조회됨
[00:08:59]    배당 결정 공시 없음
[00:08:59] 🔍 KIND ETF 공시 확인 중... (조회기간: 2026-06-23 ~ 2026-06-24)
[00:08:59]    새로운 감시 ETF 이익분배금 공시 없음
[00:13:59] 🔍 DART 공시 확인 중... (조회기간: 20260623 ~ 20260624)
[00:13:59]    총 37건의 주요사항보고 조회됨
[00:13:59]    배당 결정 공시 없음
[00:14:00] 🔍 KIND ETF 공시 확인 중... (조회기간: 2026-06-23 ~ 2026-06-24)
[00:14:00]    새로운 감시 ETF 이익분배금 공시 없음
[00:19:00] 🔍 DART 공시 확인 중... (조회기간: 20260623 ~ 20260624)
[00:19:00]    총 37건의 주요사항보고 조회됨
[00:19:00]    배당 결정 공시 없음
[00:19:01] 🔍 KIND ETF 공시 확인 중... (조회기간: 2026-06-23 ~ 2026-06-24)
[00:19:01]    새로운 감시 ETF 이익분배금 공시 없음
[00:24:01] 🔍 DART 공시 확인 중... (조회기간: 20260623 ~ 20260624)
[00:24:01]    총 37건의 주요사항보고 조회됨
[00:24:01]    배당 결정 공시 없음
[00:24:01] 🔍 KIND ETF 공시 확인 중... (조회기간: 2026-06-23 ~ 2026-06-24)
[00:24:01]    새로운 감시 ETF 이익분배금 공시 없음
[00:29:02] 🔍 DART 공시 확인 중... (조회기간: 20260623 ~ 20260624)
[00:29:02]    총 37건의 주요사항보고 조회됨
[00:29:02]    배당 결정 공시 없음
[00:29:02] 🔍 KIND ETF 공시 확인 중... (조회기간: 2026-06-23 ~ 2026-06-24)
[00:29:02]    새로운 감시 ETF 이익분배금 공시 없음
[00:34:03] 🔍 DART 공시 확인 중... (조회기간: 20260623 ~ 20260624)
[00:34:03]    총 37건의 주요사항보고 조회됨
[00:34:03]    배당 결정 공시 없음
[00:34:03] 🔍 KIND ETF 공시 확인 중... (조회기간: 2026-06-23 ~ 2026-06-24)
[00:34:03]    새로운 감시 ETF 이익분배금 공시 없음
[00:39:04] 🔍 DART 공시 확인 중... (조회기간: 20260623 ~ 20260624)
[00:39:04]    총 37건의 주요사항보고 조회됨
[00:39:04]    배당 결정 공시 없음
[00:39:04] 🔍 KIND ETF 공시 확인 중... (조회기간: 2026-06-23 ~ 2026-06-24)
[00:39:04]    새로운 감시 ETF 이익분배금 공시 없음
[00:44:05] 🔍 DART 공시 확인 중... (조회기간: 20260623 ~ 20260624)
[00:44:05]    총 37건의 주요사항보고 조회됨
[00:44:05]    배당 결정 공시 없음
[00:44:06] 🔍 KIND ETF 공시 확인 중... (조회기간: 2026-06-23 ~ 2026-06-24)
[00:44:06]    새로운 감시 ETF 이익분배금 공시 없음
[00:49:08] 🔍 DART 공시 확인 중... (조회기간: 20260623 ~ 20260624)
[00:49:08]    총 37건의 주요사항보고 조회됨
[00:49:08]    배당 결정 공시 없음
[00:49:08] 🔍 KIND ETF 공시 확인 중... (조회기간: 2026-06-23 ~ 2026-06-24)
[00:49:08]    새로운 감시 ETF 이익분배금 공시 없음
[00:54:08] 🔍 DART 공시 확인 중... (조회기간: 20260623 ~ 20260624)
[00:54:08]    총 37건의 주요사항보고 조회됨
[00:54:08]    배당 결정 공시 없음
[00:54:09] 🔍 KIND ETF 공시 확인 중... (조회기간: 2026-06-23 ~ 2026-06-24)
[00:54:09]    새로운 감시 ETF 이익분배금 공시 없음
[00:59:09] 🔍 DART 공시 확인 중... (조회기간: 20260623 ~ 20260624)
[00:59:09]    총 37건의 주요사항보고 조회됨
[00:59:09]    배당 결정 공시 없음
[00:59:10] 🔍 KIND ETF 공시 확인 중... (조회기간: 2026-06-23 ~ 2026-06-24)
[00:59:10]    새로운 감시 ETF 이익분배금 공시 없음
[01:04:10] 🔍 DART 공시 확인 중... (조회기간: 20260623 ~ 20260624)
[01:04:10]    총 37건의 주요사항보고 조회됨
[01:04:10]    배당 결정 공시 없음
[01:04:11] 🔍 KIND ETF 공시 확인 중... (조회기간: 2026-06-23 ~ 2026-06-24)
[01:04:11]    새로운 감시 ETF 이익분배금 공시 없음
[01:09:11] 🔍 DART 공시 확인 중... (조회기간: 20260623 ~ 20260624)
[01:09:11]    총 37건의 주요사항보고 조회됨
[01:09:11]    배당 결정 공시 없음
[01:09:12] 🔍 KIND ETF 공시 확인 중... (조회기간: 2026-06-23 ~ 2026-06-24)
[01:09:12]    새로운 감시 ETF 이익분배금 공시 없음
[01:14:13] 🔍 DART 공시 확인 중... (조회기간: 20260623 ~ 20260624)
[01:14:13]    총 37건의 주요사항보고 조회됨
[01:14:13]    배당 결정 공시 없음
[01:14:13] 🔍 KIND ETF 공시 확인 중... (조회기간: 2026-06-23 ~ 2026-06-24)
[01:14:13]    새로운 감시 ETF 이익분배금 공시 없음
[01:19:13] 🔍 DART 공시 확인 중... (조회기간: 20260623 ~ 20260624)
[01:19:13]    총 37건의 주요사항보고 조회됨
[01:19:13]    배당 결정 공시 없음
[01:19:14] 🔍 KIND ETF 공시 확인 중... (조회기간: 2026-06-23 ~ 2026-06-24)
[01:19:14]    새로운 감시 ETF 이익분배금 공시 없음
[01:24:14] 🔍 DART 공시 확인 중... (조회기간: 20260623 ~ 20260624)
[01:24:14]    총 37건의 주요사항보고 조회됨
[01:24:14]    배당 결정 공시 없음
[01:24:15] 🔍 KIND ETF 공시 확인 중... (조회기간: 2026-06-23 ~ 2026-06-24)
[01:24:15]    새로운 감시 ETF 이익분배금 공시 없음
[01:29:15] 🔍 DART 공시 확인 중... (조회기간: 20260623 ~ 20260624)
[01:29:15]    총 37건의 주요사항보고 조회됨
[01:29:15]    배당 결정 공시 없음
[01:29:16] 🔍 KIND ETF 공시 확인 중... (조회기간: 2026-06-23 ~ 2026-06-24)
[01:29:16]    새로운 감시 ETF 이익분배금 공시 없음
[01:34:16] 🔍 DART 공시 확인 중... (조회기간: 20260623 ~ 20260624)
[01:34:16]    총 37건의 주요사항보고 조회됨
[01:34:16]    배당 결정 공시 없음
[01:34:17] 🔍 KIND ETF 공시 확인 중... (조회기간: 2026-06-23 ~ 2026-06-24)
[01:34:17]    새로운 감시 ETF 이익분배금 공시 없음
[01:39:18] 🔍 DART 공시 확인 중... (조회기간: 20260623 ~ 20260624)
[01:39:18]    총 37건의 주요사항보고 조회됨
[01:39:18]    배당 결정 공시 없음
[01:39:18] 🔍 KIND ETF 공시 확인 중... (조회기간: 2026-06-23 ~ 2026-06-24)
[01:39:18]    새로운 감시 ETF 이익분배금 공시 없음
[01:44:19] 🔍 DART 공시 확인 중... (조회기간: 20260623 ~ 20260624)
[01:44:19]    총 37건의 주요사항보고 조회됨
[01:44:19]    배당 결정 공시 없음
[01:44:19] 🔍 KIND ETF 공시 확인 중... (조회기간: 2026-06-23 ~ 2026-06-24)
[01:44:19]    새로운 감시 ETF 이익분배금 공시 없음
[01:49:20] 🔍 DART 공시 확인 중... (조회기간: 20260623 ~ 20260624)
[01:49:20]    총 37건의 주요사항보고 조회됨
[01:49:20]    배당 결정 공시 없음
[01:49:20] 🔍 KIND ETF 공시 확인 중... (조회기간: 2026-06-23 ~ 2026-06-24)
[01:49:20]    새로운 감시 ETF 이익분배금 공시 없음
[01:54:20] 🔍 DART 공시 확인 중... (조회기간: 20260623 ~ 20260624)
[01:54:20]    총 37건의 주요사항보고 조회됨
[01:54:20]    배당 결정 공시 없음
[01:54:21] 🔍 KIND ETF 공시 확인 중... (조회기간: 2026-06-23 ~ 2026-06-24)
[01:54:21]    새로운 감시 ETF 이익분배금 공시 없음
[01:59:21] 🔍 DART 공시 확인 중... (조회기간: 20260623 ~ 20260624)
[01:59:21]    총 37건의 주요사항보고 조회됨
[01:59:21]    배당 결정 공시 없음
[01:59:22] 🔍 KIND ETF 공시 확인 중... (조회기간: 2026-06-23 ~ 2026-06-24)
[01:59:22]    새로운 감시 ETF 이익분배금 공시 없음
[02:04:23] 🔍 DART 공시 확인 중... (조회기간: 20260623 ~ 20260624)
[02:04:23]    총 37건의 주요사항보고 조회됨
[02:04:23]    배당 결정 공시 없음
[02:04:23] 🔍 KIND ETF 공시 확인 중... (조회기간: 2026-06-23 ~ 2026-06-24)
[02:04:23]    새로운 감시 ETF 이익분배금 공시 없음
[02:09:24] 🔍 DART 공시 확인 중... (조회기간: 20260623 ~ 20260624)
[02:09:24]    총 37건의 주요사항보고 조회됨
[02:09:24]    배당 결정 공시 없음
[02:09:24] 🔍 KIND ETF 공시 확인 중... (조회기간: 2026-06-23 ~ 2026-06-24)
[02:09:24]    새로운 감시 ETF 이익분배금 공시 없음
[02:14:25] 🔍 DART 공시 확인 중... (조회기간: 20260623 ~ 20260624)
[02:14:25]    총 37건의 주요사항보고 조회됨
[02:14:25]    배당 결정 공시 없음
[02:14:25] 🔍 KIND ETF 공시 확인 중... (조회기간: 2026-06-23 ~ 2026-06-24)
[02:14:25]    새로운 감시 ETF 이익분배금 공시 없음
[02:19:26] 🔍 DART 공시 확인 중... (조회기간: 20260623 ~ 20260624)
[02:19:26]    총 37건의 주요사항보고 조회됨
[02:19:26]    배당 결정 공시 없음
[02:19:26] 🔍 KIND ETF 공시 확인 중... (조회기간: 2026-06-23 ~ 2026-06-24)
[02:19:26]    새로운 감시 ETF 이익분배금 공시 없음
[02:24:27] 🔍 DART 공시 확인 중... (조회기간: 20260623 ~ 20260624)
[02:24:27]    총 37건의 주요사항보고 조회됨
[02:24:27]    배당 결정 공시 없음
[02:24:27] 🔍 KIND ETF 공시 확인 중... (조회기간: 2026-06-23 ~ 2026-06-24)
[02:24:27]    새로운 감시 ETF 이익분배금 공시 없음
[02:29:27] 🔍 DART 공시 확인 중... (조회기간: 20260623 ~ 20260624)
[02:29:27]    총 37건의 주요사항보고 조회됨
[02:29:27]    배당 결정 공시 없음
[02:29:28] 🔍 KIND ETF 공시 확인 중... (조회기간: 2026-06-23 ~ 2026-06-24)
[02:29:28]    새로운 감시 ETF 이익분배금 공시 없음
[02:34:28] 🔍 DART 공시 확인 중... (조회기간: 20260623 ~ 20260624)
[02:34:28]    총 37건의 주요사항보고 조회됨
[02:34:28]    배당 결정 공시 없음
[02:34:29] 🔍 KIND ETF 공시 확인 중... (조회기간: 2026-06-23 ~ 2026-06-24)
[02:34:29]    새로운 감시 ETF 이익분배금 공시 없음
[02:39:29] 🔍 DART 공시 확인 중... (조회기간: 20260623 ~ 20260624)
[02:39:29]    총 37건의 주요사항보고 조회됨
[02:39:29]    배당 결정 공시 없음
[02:39:30] 🔍 KIND ETF 공시 확인 중... (조회기간: 2026-06-23 ~ 2026-06-24)
[02:39:30]    새로운 감시 ETF 이익분배금 공시 없음
[02:44:30] 🔍 DART 공시 확인 중... (조회기간: 20260623 ~ 20260624)
[02:44:30]    총 37건의 주요사항보고 조회됨
[02:44:30]    배당 결정 공시 없음
[02:44:31] 🔍 KIND ETF 공시 확인 중... (조회기간: 2026-06-23 ~ 2026-06-24)
[02:44:31]    새로운 감시 ETF 이익분배금 공시 없음
[02:49:31] 🔍 DART 공시 확인 중... (조회기간: 20260623 ~ 20260624)
[02:49:31]    총 37건의 주요사항보고 조회됨
[02:49:31]    배당 결정 공시 없음
[02:49:32] 🔍 KIND ETF 공시 확인 중... (조회기간: 2026-06-23 ~ 2026-06-24)
[02:49:32]    새로운 감시 ETF 이익분배금 공시 없음
[02:54:32] 🔍 DART 공시 확인 중... (조회기간: 20260623 ~ 20260624)
[02:54:32]    총 37건의 주요사항보고 조회됨
[02:54:32]    배당 결정 공시 없음
[02:54:33] 🔍 KIND ETF 공시 확인 중... (조회기간: 2026-06-23 ~ 2026-06-24)
[02:54:33]    새로운 감시 ETF 이익분배금 공시 없음
[02:59:33] 🔍 DART 공시 확인 중... (조회기간: 20260623 ~ 20260624)
[02:59:33]    총 37건의 주요사항보고 조회됨
[02:59:33]    배당 결정 공시 없음
[02:59:34] 🔍 KIND ETF 공시 확인 중... (조회기간: 2026-06-23 ~ 2026-06-24)
[02:59:34]    새로운 감시 ETF 이익분배금 공시 없음
[03:04:34] 🔍 DART 공시 확인 중... (조회기간: 20260623 ~ 20260624)
[03:04:34]    총 37건의 주요사항보고 조회됨
[03:04:34]    배당 결정 공시 없음
[03:04:35] 🔍 KIND ETF 공시 확인 중... (조회기간: 2026-06-23 ~ 2026-06-24)
[03:04:35]    새로운 감시 ETF 이익분배금 공시 없음
[03:09:35] 🔍 DART 공시 확인 중... (조회기간: 20260623 ~ 20260624)
[03:09:35]    총 37건의 주요사항보고 조회됨
[03:09:35]    배당 결정 공시 없음
[03:09:36] 🔍 KIND ETF 공시 확인 중... (조회기간: 2026-06-23 ~ 2026-06-24)
[03:09:36]    새로운 감시 ETF 이익분배금 공시 없음
[03:14:36] 🔍 DART 공시 확인 중... (조회기간: 20260623 ~ 20260624)
[03:14:36]    총 37건의 주요사항보고 조회됨
[03:14:36]    배당 결정 공시 없음
[03:14:37] 🔍 KIND ETF 공시 확인 중... (조회기간: 2026-06-23 ~ 2026-06-24)
[03:14:37]    새로운 감시 ETF 이익분배금 공시 없음
[03:19:37] 🔍 DART 공시 확인 중... (조회기간: 20260623 ~ 20260624)
[03:19:37]    총 37건의 주요사항보고 조회됨
[03:19:37]    배당 결정 공시 없음
[03:19:38] 🔍 KIND ETF 공시 확인 중... (조회기간: 2026-06-23 ~ 2026-06-24)
[03:19:38]    새로운 감시 ETF 이익분배금 공시 없음
[03:24:38] 🔍 DART 공시 확인 중... (조회기간: 20260623 ~ 20260624)
[03:24:38]    총 37건의 주요사항보고 조회됨
[03:24:38]    배당 결정 공시 없음
[03:24:39] 🔍 KIND ETF 공시 확인 중... (조회기간: 2026-06-23 ~ 2026-06-24)
[03:24:39]    새로운 감시 ETF 이익분배금 공시 없음
[03:29:39] 🔍 DART 공시 확인 중... (조회기간: 20260623 ~ 20260624)
[03:29:39]    총 37건의 주요사항보고 조회됨
[03:29:39]    배당 결정 공시 없음
[03:29:40] 🔍 KIND ETF 공시 확인 중... (조회기간: 2026-06-23 ~ 2026-06-24)
[03:29:40]    새로운 감시 ETF 이익분배금 공시 없음
[03:34:40] 🔍 DART 공시 확인 중... (조회기간: 20260623 ~ 20260624)
[03:34:40]    총 37건의 주요사항보고 조회됨
[03:34:40]    배당 결정 공시 없음
[03:34:41] 🔍 KIND ETF 공시 확인 중... (조회기간: 2026-06-23 ~ 2026-06-24)
[03:34:41]    새로운 감시 ETF 이익분배금 공시 없음
[03:39:41] 🔍 DART 공시 확인 중... (조회기간: 20260623 ~ 20260624)
[03:39:41]    총 37건의 주요사항보고 조회됨
[03:39:41]    배당 결정 공시 없음
[03:39:42] 🔍 KIND ETF 공시 확인 중... (조회기간: 2026-06-23 ~ 2026-06-24)
[03:39:42]    새로운 감시 ETF 이익분배금 공시 없음
[03:44:42] 🔍 DART 공시 확인 중... (조회기간: 20260623 ~ 20260624)
[03:44:42]    총 37건의 주요사항보고 조회됨
[03:44:42]    배당 결정 공시 없음
[03:44:43] 🔍 KIND ETF 공시 확인 중... (조회기간: 2026-06-23 ~ 2026-06-24)
[03:44:43]    새로운 감시 ETF 이익분배금 공시 없음
[03:49:43] 🔍 DART 공시 확인 중... (조회기간: 20260623 ~ 20260624)
[03:49:43]    총 37건의 주요사항보고 조회됨
[03:49:43]    배당 결정 공시 없음
[03:49:44] 🔍 KIND ETF 공시 확인 중... (조회기간: 2026-06-23 ~ 2026-06-24)
[03:49:44]    새로운 감시 ETF 이익분배금 공시 없음
[03:54:44] 🔍 DART 공시 확인 중... (조회기간: 20260623 ~ 20260624)
[03:54:44]    총 37건의 주요사항보고 조회됨
[03:54:44]    배당 결정 공시 없음
[03:54:44] 🔍 KIND ETF 공시 확인 중... (조회기간: 2026-06-23 ~ 2026-06-24)
[03:54:44]    새로운 감시 ETF 이익분배금 공시 없음
[03:59:45] 🔍 DART 공시 확인 중... (조회기간: 20260623 ~ 20260624)
[03:59:45]    총 37건의 주요사항보고 조회됨
[03:59:45]    배당 결정 공시 없음
[03:59:45] 🔍 KIND ETF 공시 확인 중... (조회기간: 2026-06-23 ~ 2026-06-24)
[03:59:45]    새로운 감시 ETF 이익분배금 공시 없음
[04:04:46] 🔍 DART 공시 확인 중... (조회기간: 20260623 ~ 20260624)
[04:04:46]    총 37건의 주요사항보고 조회됨
[04:04:46]    배당 결정 공시 없음
[04:04:47] 🔍 KIND ETF 공시 확인 중... (조회기간: 2026-06-23 ~ 2026-06-24)
[04:04:47]    새로운 감시 ETF 이익분배금 공시 없음
[04:09:47] 🔍 DART 공시 확인 중... (조회기간: 20260623 ~ 20260624)
[04:09:47]    총 37건의 주요사항보고 조회됨
[04:09:47]    배당 결정 공시 없음
[04:09:48] 🔍 KIND ETF 공시 확인 중... (조회기간: 2026-06-23 ~ 2026-06-24)
[04:09:48]    새로운 감시 ETF 이익분배금 공시 없음
[04:14:48] 🔍 DART 공시 확인 중... (조회기간: 20260623 ~ 20260624)
[04:14:48]    총 37건의 주요사항보고 조회됨
[04:14:48]    배당 결정 공시 없음
[04:14:48] 🔍 KIND ETF 공시 확인 중... (조회기간: 2026-06-23 ~ 2026-06-24)
[04:14:48]    새로운 감시 ETF 이익분배금 공시 없음
[04:19:49] 🔍 DART 공시 확인 중... (조회기간: 20260623 ~ 20260624)
[04:19:49]    총 37건의 주요사항보고 조회됨
[04:19:49]    배당 결정 공시 없음
[04:19:49] 🔍 KIND ETF 공시 확인 중... (조회기간: 2026-06-23 ~ 2026-06-24)
[04:19:49]    새로운 감시 ETF 이익분배금 공시 없음
[04:24:50] 🔍 DART 공시 확인 중... (조회기간: 20260623 ~ 20260624)
[04:24:50]    총 37건의 주요사항보고 조회됨
[04:24:50]    배당 결정 공시 없음
[04:24:50] 🔍 KIND ETF 공시 확인 중... (조회기간: 2026-06-23 ~ 2026-06-24)
[04:24:50]    새로운 감시 ETF 이익분배금 공시 없음
[04:29:51] 🔍 DART 공시 확인 중... (조회기간: 20260623 ~ 20260624)
[04:29:51]    총 37건의 주요사항보고 조회됨
[04:29:51]    배당 결정 공시 없음
[04:29:51] 🔍 KIND ETF 공시 확인 중... (조회기간: 2026-06-23 ~ 2026-06-24)
[04:29:51]    새로운 감시 ETF 이익분배금 공시 없음
[04:34:52] 🔍 DART 공시 확인 중... (조회기간: 20260623 ~ 20260624)
[04:34:52]    총 37건의 주요사항보고 조회됨
[04:34:52]    배당 결정 공시 없음
[04:34:52] 🔍 KIND ETF 공시 확인 중... (조회기간: 2026-06-23 ~ 2026-06-24)
[04:34:52]    새로운 감시 ETF 이익분배금 공시 없음
[04:39:53] 🔍 DART 공시 확인 중... (조회기간: 20260623 ~ 20260624)
[04:39:53]    총 37건의 주요사항보고 조회됨
[04:39:53]    배당 결정 공시 없음
[04:39:53] 🔍 KIND ETF 공시 확인 중... (조회기간: 2026-06-23 ~ 2026-06-24)
[04:39:53]    새로운 감시 ETF 이익분배금 공시 없음
[04:44:54] 🔍 DART 공시 확인 중... (조회기간: 20260623 ~ 20260624)
[04:44:54]    총 37건의 주요사항보고 조회됨
[04:44:54]    배당 결정 공시 없음
[04:44:54] 🔍 KIND ETF 공시 확인 중... (조회기간: 2026-06-23 ~ 2026-06-24)
[04:44:54]    새로운 감시 ETF 이익분배금 공시 없음
[04:49:54] 🔍 DART 공시 확인 중... (조회기간: 20260623 ~ 20260624)
[04:49:54]    총 37건의 주요사항보고 조회됨
[04:49:54]    배당 결정 공시 없음
[04:49:55] 🔍 KIND ETF 공시 확인 중... (조회기간: 2026-06-23 ~ 2026-06-24)
[04:49:55]    새로운 감시 ETF 이익분배금 공시 없음
[04:54:56] 🔍 DART 공시 확인 중... (조회기간: 20260623 ~ 20260624)
[04:54:56]    총 37건의 주요사항보고 조회됨
[04:54:56]    배당 결정 공시 없음
[04:54:56] 🔍 KIND ETF 공시 확인 중... (조회기간: 2026-06-23 ~ 2026-06-24)
[04:54:56]    새로운 감시 ETF 이익분배금 공시 없음
[04:59:57] 🔍 DART 공시 확인 중... (조회기간: 20260623 ~ 20260624)
[04:59:57]    총 37건의 주요사항보고 조회됨
[04:59:57]    배당 결정 공시 없음
[04:59:57] 🔍 KIND ETF 공시 확인 중... (조회기간: 2026-06-23 ~ 2026-06-24)
[04:59:57]    새로운 감시 ETF 이익분배금 공시 없음
[05:04:57] 🔍 DART 공시 확인 중... (조회기간: 20260623 ~ 20260624)
[05:04:57]    총 37건의 주요사항보고 조회됨
[05:04:57]    배당 결정 공시 없음
[05:04:58] 🔍 KIND ETF 공시 확인 중... (조회기간: 2026-06-23 ~ 2026-06-24)
[05:04:58]    새로운 감시 ETF 이익분배금 공시 없음
[05:09:58] 🔍 DART 공시 확인 중... (조회기간: 20260623 ~ 20260624)
[05:09:58]    총 37건의 주요사항보고 조회됨
[05:09:58]    배당 결정 공시 없음
[05:09:59] 🔍 KIND ETF 공시 확인 중... (조회기간: 2026-06-23 ~ 2026-06-24)
[05:09:59]    새로운 감시 ETF 이익분배금 공시 없음
[05:14:59] 🔍 DART 공시 확인 중... (조회기간: 20260623 ~ 20260624)
[05:14:59]    총 37건의 주요사항보고 조회됨
[05:14:59]    배당 결정 공시 없음
[05:15:00] 🔍 KIND ETF 공시 확인 중... (조회기간: 2026-06-23 ~ 2026-06-24)
[05:15:00]    새로운 감시 ETF 이익분배금 공시 없음
[05:20:00] 🔍 DART 공시 확인 중... (조회기간: 20260623 ~ 20260624)
[05:20:00]    총 37건의 주요사항보고 조회됨
[05:20:00]    배당 결정 공시 없음
[05:20:01] 🔍 KIND ETF 공시 확인 중... (조회기간: 2026-06-23 ~ 2026-06-24)
[05:20:01]    새로운 감시 ETF 이익분배금 공시 없음
[05:25:01] 🔍 DART 공시 확인 중... (조회기간: 20260623 ~ 20260624)
[05:25:01]    총 37건의 주요사항보고 조회됨
[05:25:01]    배당 결정 공시 없음
[05:25:02] 🔍 KIND ETF 공시 확인 중... (조회기간: 2026-06-23 ~ 2026-06-24)
[05:25:02]    새로운 감시 ETF 이익분배금 공시 없음
[05:30:02] 🔍 DART 공시 확인 중... (조회기간: 20260623 ~ 20260624)
[05:30:02]    총 37건의 주요사항보고 조회됨
[05:30:02]    배당 결정 공시 없음
[05:30:03] 🔍 KIND ETF 공시 확인 중... (조회기간: 2026-06-23 ~ 2026-06-24)
[05:30:03]    새로운 감시 ETF 이익분배금 공시 없음
[05:35:03] 🔍 DART 공시 확인 중... (조회기간: 20260623 ~ 20260624)
[05:35:03]    총 37건의 주요사항보고 조회됨
[05:35:03]    배당 결정 공시 없음
[05:35:04] 🔍 KIND ETF 공시 확인 중... (조회기간: 2026-06-23 ~ 2026-06-24)
[05:35:04]    새로운 감시 ETF 이익분배금 공시 없음
[05:40:04] 🔍 DART 공시 확인 중... (조회기간: 20260623 ~ 20260624)
[05:40:04]    총 37건의 주요사항보고 조회됨
[05:40:04]    배당 결정 공시 없음
[05:40:05] 🔍 KIND ETF 공시 확인 중... (조회기간: 2026-06-23 ~ 2026-06-24)
[05:40:05]    새로운 감시 ETF 이익분배금 공시 없음
[05:45:05] 🔍 DART 공시 확인 중... (조회기간: 20260623 ~ 20260624)
[05:45:05]    총 37건의 주요사항보고 조회됨
[05:45:05]    배당 결정 공시 없음
[05:45:06] 🔍 KIND ETF 공시 확인 중... (조회기간: 2026-06-23 ~ 2026-06-24)
[05:45:06]    새로운 감시 ETF 이익분배금 공시 없음
[05:50:06] 🔍 DART 공시 확인 중... (조회기간: 20260623 ~ 20260624)
[05:50:06]    총 37건의 주요사항보고 조회됨
[05:50:06]    배당 결정 공시 없음
[05:50:06] 🔍 KIND ETF 공시 확인 중... (조회기간: 2026-06-23 ~ 2026-06-24)
[05:50:06]    새로운 감시 ETF 이익분배금 공시 없음
[05:55:07] 🔍 DART 공시 확인 중... (조회기간: 20260623 ~ 20260624)
[05:55:07]    총 37건의 주요사항보고 조회됨
[05:55:07]    배당 결정 공시 없음
[05:55:08] 🔍 KIND ETF 공시 확인 중... (조회기간: 2026-06-23 ~ 2026-06-24)
[05:55:08]    새로운 감시 ETF 이익분배금 공시 없음
[06:00:08] 🔍 DART 공시 확인 중... (조회기간: 20260623 ~ 20260624)
[06:00:08]    총 37건의 주요사항보고 조회됨
[06:00:08]    배당 결정 공시 없음
[06:00:09] 🔍 KIND ETF 공시 확인 중... (조회기간: 2026-06-23 ~ 2026-06-24)
[06:00:09]    새로운 감시 ETF 이익분배금 공시 없음
[06:05:09] 🔍 DART 공시 확인 중... (조회기간: 20260623 ~ 20260624)
[06:05:09]    총 37건의 주요사항보고 조회됨
[06:05:09]    배당 결정 공시 없음
[06:05:10] 🔍 KIND ETF 공시 확인 중... (조회기간: 2026-06-23 ~ 2026-06-24)
[06:05:10]    새로운 감시 ETF 이익분배금 공시 없음
[06:10:10] 🔍 DART 공시 확인 중... (조회기간: 20260623 ~ 20260624)
[06:10:10]    총 37건의 주요사항보고 조회됨
[06:10:10]    배당 결정 공시 없음
[06:10:11] 🔍 KIND ETF 공시 확인 중... (조회기간: 2026-06-23 ~ 2026-06-24)
[06:10:11]    새로운 감시 ETF 이익분배금 공시 없음
[06:15:11] 🔍 DART 공시 확인 중... (조회기간: 20260623 ~ 20260624)
[06:15:11]    총 37건의 주요사항보고 조회됨
[06:15:11]    배당 결정 공시 없음
[06:15:12] 🔍 KIND ETF 공시 확인 중... (조회기간: 2026-06-23 ~ 2026-06-24)
[06:15:12]    새로운 감시 ETF 이익분배금 공시 없음
[06:20:12] 🔍 DART 공시 확인 중... (조회기간: 20260623 ~ 20260624)
[06:20:12]    총 37건의 주요사항보고 조회됨
[06:20:12]    배당 결정 공시 없음
[06:20:13] 🔍 KIND ETF 공시 확인 중... (조회기간: 2026-06-23 ~ 2026-06-24)
[06:20:13]    새로운 감시 ETF 이익분배금 공시 없음
[06:25:13] 🔍 DART 공시 확인 중... (조회기간: 20260623 ~ 20260624)
[06:25:13]    총 37건의 주요사항보고 조회됨
[06:25:13]    배당 결정 공시 없음
[06:25:14] 🔍 KIND ETF 공시 확인 중... (조회기간: 2026-06-23 ~ 2026-06-24)
[06:25:14]    새로운 감시 ETF 이익분배금 공시 없음
[06:30:14] 🔍 DART 공시 확인 중... (조회기간: 20260623 ~ 20260624)
[06:30:14]    총 37건의 주요사항보고 조회됨
[06:30:14]    배당 결정 공시 없음
[06:30:15] 🔍 KIND ETF 공시 확인 중... (조회기간: 2026-06-23 ~ 2026-06-24)
[06:30:15]    새로운 감시 ETF 이익분배금 공시 없음
[06:35:15] 🔍 DART 공시 확인 중... (조회기간: 20260623 ~ 20260624)
[06:35:15]    총 37건의 주요사항보고 조회됨
[06:35:15]    배당 결정 공시 없음
[06:35:15] 🔍 KIND ETF 공시 확인 중... (조회기간: 2026-06-23 ~ 2026-06-24)
[06:35:15]    새로운 감시 ETF 이익분배금 공시 없음
[06:40:16] 🔍 DART 공시 확인 중... (조회기간: 20260623 ~ 20260624)
[06:40:16]    총 37건의 주요사항보고 조회됨
[06:40:16]    배당 결정 공시 없음
[06:40:16] 🔍 KIND ETF 공시 확인 중... (조회기간: 2026-06-23 ~ 2026-06-24)
[06:40:16]    새로운 감시 ETF 이익분배금 공시 없음
[06:45:17] 🔍 DART 공시 확인 중... (조회기간: 20260623 ~ 20260624)
[06:45:17]    총 37건의 주요사항보고 조회됨
[06:45:17]    배당 결정 공시 없음
[06:45:18] 🔍 KIND ETF 공시 확인 중... (조회기간: 2026-06-23 ~ 2026-06-24)
[06:45:18]    새로운 감시 ETF 이익분배금 공시 없음
[06:50:18] 🔍 DART 공시 확인 중... (조회기간: 20260623 ~ 20260624)
[06:50:18]    총 37건의 주요사항보고 조회됨
[06:50:18]    배당 결정 공시 없음
[06:50:19] 🔍 KIND ETF 공시 확인 중... (조회기간: 2026-06-23 ~ 2026-06-24)
[06:50:19]    새로운 감시 ETF 이익분배금 공시 없음
[06:55:19] 🔍 DART 공시 확인 중... (조회기간: 20260623 ~ 20260624)
[06:55:19]    총 37건의 주요사항보고 조회됨
[06:55:19]    배당 결정 공시 없음
[06:55:20] 🔍 KIND ETF 공시 확인 중... (조회기간: 2026-06-23 ~ 2026-06-24)
[06:55:20]    새로운 감시 ETF 이익분배금 공시 없음
[07:00:20] 🔍 DART 공시 확인 중... (조회기간: 20260623 ~ 20260624)
[07:00:20]    총 37건의 주요사항보고 조회됨
[07:00:20]    배당 결정 공시 없음
[07:00:21] 🔍 KIND ETF 공시 확인 중... (조회기간: 2026-06-23 ~ 2026-06-24)
[07:00:21]    새로운 감시 ETF 이익분배금 공시 없음
[07:05:21] 🔍 DART 공시 확인 중... (조회기간: 20260623 ~ 20260624)
[07:05:21]    총 37건의 주요사항보고 조회됨
[07:05:21]    배당 결정 공시 없음
[07:05:22] 🔍 KIND ETF 공시 확인 중... (조회기간: 2026-06-23 ~ 2026-06-24)
[07:05:22]    새로운 감시 ETF 이익분배금 공시 없음
[07:10:22] 🔍 DART 공시 확인 중... (조회기간: 20260623 ~ 20260624)
[07:10:22]    총 37건의 주요사항보고 조회됨
[07:10:22]    배당 결정 공시 없음
[07:10:23] 🔍 KIND ETF 공시 확인 중... (조회기간: 2026-06-23 ~ 2026-06-24)
[07:10:23]    새로운 감시 ETF 이익분배금 공시 없음
[07:15:23] 🔍 DART 공시 확인 중... (조회기간: 20260623 ~ 20260624)
[07:15:23]    총 37건의 주요사항보고 조회됨
[07:15:23]    배당 결정 공시 없음
[07:15:23] 🔍 KIND ETF 공시 확인 중... (조회기간: 2026-06-23 ~ 2026-06-24)
[07:15:23]    새로운 감시 ETF 이익분배금 공시 없음
[07:20:24] 🔍 DART 공시 확인 중... (조회기간: 20260623 ~ 20260624)
[07:20:24]    총 37건의 주요사항보고 조회됨
[07:20:24]    배당 결정 공시 없음
[07:20:24] 🔍 KIND ETF 공시 확인 중... (조회기간: 2026-06-23 ~ 2026-06-24)
[07:20:24]    새로운 감시 ETF 이익분배금 공시 없음
[07:25:25] 🔍 DART 공시 확인 중... (조회기간: 20260623 ~ 20260624)
[07:25:25]    총 37건의 주요사항보고 조회됨
[07:25:25]    배당 결정 공시 없음
[07:25:25] 🔍 KIND ETF 공시 확인 중... (조회기간: 2026-06-23 ~ 2026-06-24)
[07:25:25]    새로운 감시 ETF 이익분배금 공시 없음
[07:30:26] 🔍 DART 공시 확인 중... (조회기간: 20260623 ~ 20260624)
[07:30:26]    총 37건의 주요사항보고 조회됨
[07:30:26]    배당 결정 공시 없음
[07:30:26] 🔍 KIND ETF 공시 확인 중... (조회기간: 2026-06-23 ~ 2026-06-24)
[07:30:26]    새로운 감시 ETF 이익분배금 공시 없음
[07:35:27] 🔍 DART 공시 확인 중... (조회기간: 20260623 ~ 20260624)
[07:35:27]    총 37건의 주요사항보고 조회됨
[07:35:27]    배당 결정 공시 없음
[07:35:27] 🔍 KIND ETF 공시 확인 중... (조회기간: 2026-06-23 ~ 2026-06-24)
[07:35:27]    새로운 감시 ETF 이익분배금 공시 없음
[07:40:28] 🔍 DART 공시 확인 중... (조회기간: 20260623 ~ 20260624)
[07:40:28]    총 37건의 주요사항보고 조회됨
[07:40:28]    배당 결정 공시 없음
[07:40:28] 🔍 KIND ETF 공시 확인 중... (조회기간: 2026-06-23 ~ 2026-06-24)
[07:40:28]    새로운 감시 ETF 이익분배금 공시 없음
[07:45:29] 🔍 DART 공시 확인 중... (조회기간: 20260623 ~ 20260624)
[07:45:29]    총 37건의 주요사항보고 조회됨
[07:45:29]    배당 결정 공시 없음
[07:45:29] 🔍 KIND ETF 공시 확인 중... (조회기간: 2026-06-23 ~ 2026-06-24)
[07:45:29]    새로운 감시 ETF 이익분배금 공시 없음
[07:50:30] 🔍 DART 공시 확인 중... (조회기간: 20260623 ~ 20260624)
[07:50:30]    총 37건의 주요사항보고 조회됨
[07:50:30]    배당 결정 공시 없음
[07:50:31] 🔍 KIND ETF 공시 확인 중... (조회기간: 2026-06-23 ~ 2026-06-24)
[07:50:31]    새로운 감시 ETF 이익분배금 공시 없음
[07:55:32] 🔍 DART 공시 확인 중... (조회기간: 20260623 ~ 20260624)
[07:55:32]    총 37건의 주요사항보고 조회됨
[07:55:32]    배당 결정 공시 없음
[07:55:33] 🔍 KIND ETF 공시 확인 중... (조회기간: 2026-06-23 ~ 2026-06-24)
[07:55:33]    새로운 감시 ETF 이익분배금 공시 없음
[08:00:34] 🔍 DART 공시 확인 중... (조회기간: 20260623 ~ 20260624)
[08:00:34]    총 37건의 주요사항보고 조회됨
[08:00:34]    배당 결정 공시 없음
[08:00:34] 🔍 KIND ETF 공시 확인 중... (조회기간: 2026-06-23 ~ 2026-06-24)
[08:00:34]    새로운 감시 ETF 이익분배금 공시 없음
[08:05:35] 🔍 DART 공시 확인 중... (조회기간: 20260623 ~ 20260624)
[08:05:35]    총 37건의 주요사항보고 조회됨
[08:05:35]    배당 결정 공시 없음
[08:05:36] 🔍 KIND ETF 공시 확인 중... (조회기간: 2026-06-23 ~ 2026-06-24)
[08:05:36]    새로운 감시 ETF 이익분배금 공시 없음
[08:10:36] 🔍 DART 공시 확인 중... (조회기간: 20260623 ~ 20260624)
[08:10:36]    총 37건의 주요사항보고 조회됨
[08:10:36]    배당 결정 공시 없음
[08:10:37] 🔍 KIND ETF 공시 확인 중... (조회기간: 2026-06-23 ~ 2026-06-24)
[08:10:37]    새로운 감시 ETF 이익분배금 공시 없음
[08:15:38] 🔍 DART 공시 확인 중... (조회기간: 20260623 ~ 20260624)
[08:15:38]    총 37건의 주요사항보고 조회됨
[08:15:38]    배당 결정 공시 없음
[08:15:39] 🔍 KIND ETF 공시 확인 중... (조회기간: 2026-06-23 ~ 2026-06-24)
[08:15:39]    새로운 감시 ETF 이익분배금 공시 없음
[08:20:39] 🔍 DART 공시 확인 중... (조회기간: 20260623 ~ 20260624)
[08:20:39]    총 37건의 주요사항보고 조회됨
[08:20:39]    배당 결정 공시 없음
[08:20:40] 🔍 KIND ETF 공시 확인 중... (조회기간: 2026-06-23 ~ 2026-06-24)
[08:20:40]    새로운 감시 ETF 이익분배금 공시 없음
[08:25:41] 🔍 DART 공시 확인 중... (조회기간: 20260623 ~ 20260624)
[08:25:41]    총 37건의 주요사항보고 조회됨
[08:25:41]    배당 결정 공시 없음
[08:25:42] 🔍 KIND ETF 공시 확인 중... (조회기간: 2026-06-23 ~ 2026-06-24)
[08:25:42]    새로운 감시 ETF 이익분배금 공시 없음
[08:30:43] 🔍 DART 공시 확인 중... (조회기간: 20260623 ~ 20260624)
[08:30:43]    총 37건의 주요사항보고 조회됨
[08:30:43]    배당 결정 공시 없음
[08:30:43] 🔍 KIND ETF 공시 확인 중... (조회기간: 2026-06-23 ~ 2026-06-24)
[08:30:43]    새로운 감시 ETF 이익분배금 공시 없음
[08:35:44] 🔍 DART 공시 확인 중... (조회기간: 20260623 ~ 20260624)
[08:35:44]    총 37건의 주요사항보고 조회됨
[08:35:44]    배당 결정 공시 없음
[08:35:45] 🔍 KIND ETF 공시 확인 중... (조회기간: 2026-06-23 ~ 2026-06-24)
[08:35:45]    새로운 감시 ETF 이익분배금 공시 없음
[08:40:46] 🔍 DART 공시 확인 중... (조회기간: 20260623 ~ 20260624)
[08:40:46]    총 37건의 주요사항보고 조회됨
[08:40:46]    배당 결정 공시 없음
[08:40:47] 🔍 KIND ETF 공시 확인 중... (조회기간: 2026-06-23 ~ 2026-06-24)
[08:40:47]    새로운 감시 ETF 이익분배금 공시 없음
[08:40:47] ⏰ 아침 배당기준일 리마인드 스케줄러 기동 중...
[08:40:47] ⏰ 리마인드 스케줄러 점검 완료.
[08:45:47] 🔍 DART 공시 확인 중... (조회기간: 20260623 ~ 20260624)
[08:45:47]    총 37건의 주요사항보고 조회됨
[08:45:47]    배당 결정 공시 없음
[08:45:48] 🔍 KIND ETF 공시 확인 중... (조회기간: 2026-06-23 ~ 2026-06-24)
[08:45:48]    새로운 감시 ETF 이익분배금 공시 없음
[08:50:49] 🔍 DART 공시 확인 중... (조회기간: 20260623 ~ 20260624)
[08:50:49]    총 37건의 주요사항보고 조회됨
[08:50:49]    배당 결정 공시 없음
[08:50:50] 🔍 KIND ETF 공시 확인 중... (조회기간: 2026-06-23 ~ 2026-06-24)
[08:50:50]    새로운 감시 ETF 이익분배금 공시 없음
[08:55:51] 🔍 DART 공시 확인 중... (조회기간: 20260623 ~ 20260624)
[08:55:51]    총 37건의 주요사항보고 조회됨
[08:55:51]    배당 결정 공시 없음
[08:55:52] 🔍 KIND ETF 공시 확인 중... (조회기간: 2026-06-23 ~ 2026-06-24)
[08:55:52]    새로운 감시 ETF 이익분배금 공시 없음
[09:00:52] 🔍 DART 공시 확인 중... (조회기간: 20260623 ~ 20260624)
[09:00:52]    총 37건의 주요사항보고 조회됨
[09:00:52]    배당 결정 공시 없음
[09:00:53] 🔍 KIND ETF 공시 확인 중... (조회기간: 2026-06-23 ~ 2026-06-24)
[09:00:53]    새로운 감시 ETF 이익분배금 공시 없음
[09:05:55] 🔍 DART 공시 확인 중... (조회기간: 20260623 ~ 20260624)
[09:05:55]    총 37건의 주요사항보고 조회됨
[09:05:55]    배당 결정 공시 없음
[09:05:55] 🔍 KIND ETF 공시 확인 중... (조회기간: 2026-06-23 ~ 2026-06-24)
[09:05:55]    새로운 감시 ETF 이익분배금 공시 없음
[09:10:56] 🔍 DART 공시 확인 중... (조회기간: 20260623 ~ 20260624)
[09:10:56]    총 37건의 주요사항보고 조회됨
[09:10:56]    배당 결정 공시 없음
[09:10:59] 🔍 KIND ETF 공시 확인 중... (조회기간: 2026-06-23 ~ 2026-06-24)
[09:10:59]    새로운 감시 ETF 이익분배금 공시 없음
[09:16:01] 🔍 DART 공시 확인 중... (조회기간: 20260623 ~ 20260624)
[09:16:01]    총 37건의 주요사항보고 조회됨
[09:16:01]    배당 결정 공시 없음
[09:16:05] 🔍 KIND ETF 공시 확인 중... (조회기간: 2026-06-23 ~ 2026-06-24)
[09:16:05]    새로운 감시 ETF 이익분배금 공시 없음
[09:21:08] 🔍 DART 공시 확인 중... (조회기간: 20260623 ~ 20260624)
[09:21:08]    총 37건의 주요사항보고 조회됨
[09:21:08]    배당 결정 공시 없음
[09:21:09] 🔍 KIND ETF 공시 확인 중... (조회기간: 2026-06-23 ~ 2026-06-24)
[09:21:09]    새로운 감시 ETF 이익분배금 공시 없음
[09:26:10] 🔍 DART 공시 확인 중... (조회기간: 20260623 ~ 20260624)
[09:26:10]    총 37건의 주요사항보고 조회됨
[09:26:10]    배당 결정 공시 없음
[09:26:11] 🔍 KIND ETF 공시 확인 중... (조회기간: 2026-06-23 ~ 2026-06-24)
[09:26:11]    새로운 감시 ETF 이익분배금 공시 없음
[09:31:12] 🔍 DART 공시 확인 중... (조회기간: 20260623 ~ 20260624)
[09:31:12]    총 37건의 주요사항보고 조회됨
[09:31:12]    배당 결정 공시 없음
[09:31:12] 🔍 KIND ETF 공시 확인 중... (조회기간: 2026-06-23 ~ 2026-06-24)
[09:31:12]    새로운 감시 ETF 이익분배금 공시 없음
[09:36:13] 🔍 DART 공시 확인 중... (조회기간: 20260623 ~ 20260624)
[09:36:13]    총 37건의 주요사항보고 조회됨
[09:36:13]    배당 결정 공시 없음
[09:36:14] 🔍 KIND ETF 공시 확인 중... (조회기간: 2026-06-23 ~ 2026-06-24)
[09:36:14]    새로운 감시 ETF 이익분배금 공시 없음
[09:41:15] 🔍 DART 공시 확인 중... (조회기간: 20260623 ~ 20260624)
[09:41:15]    총 37건의 주요사항보고 조회됨
[09:41:15]    배당 결정 공시 없음
[09:41:16] 🔍 KIND ETF 공시 확인 중... (조회기간: 2026-06-23 ~ 2026-06-24)
[09:41:16]    새로운 감시 ETF 이익분배금 공시 없음
[09:46:16] 🔍 DART 공시 확인 중... (조회기간: 20260623 ~ 20260624)
[09:46:16]    총 37건의 주요사항보고 조회됨
[09:46:16]    배당 결정 공시 없음
[09:46:17] 🔍 KIND ETF 공시 확인 중... (조회기간: 2026-06-23 ~ 2026-06-24)
[09:46:17]    새로운 감시 ETF 이익분배금 공시 없음
[09:51:18] 🔍 DART 공시 확인 중... (조회기간: 20260623 ~ 20260624)
[09:51:18]    총 37건의 주요사항보고 조회됨
[09:51:18]    배당 결정 공시 없음
[09:51:19] 🔍 KIND ETF 공시 확인 중... (조회기간: 2026-06-23 ~ 2026-06-24)
[09:51:19]    새로운 감시 ETF 이익분배금 공시 없음
[09:56:19] 🔍 DART 공시 확인 중... (조회기간: 20260623 ~ 20260624)
[09:56:19]    총 37건의 주요사항보고 조회됨
[09:56:19]    배당 결정 공시 없음
[09:56:20] 🔍 KIND ETF 공시 확인 중... (조회기간: 2026-06-23 ~ 2026-06-24)
[09:56:20]    새로운 감시 ETF 이익분배금 공시 없음
[10:01:21] 🔍 DART 공시 확인 중... (조회기간: 20260623 ~ 20260624)
[10:01:21]    총 37건의 주요사항보고 조회됨
[10:01:21]    배당 결정 공시 없음
[10:01:22] 🔍 KIND ETF 공시 확인 중... (조회기간: 2026-06-23 ~ 2026-06-24)
[10:01:22]    새로운 감시 ETF 이익분배금 공시 없음
[10:06:23] 🔍 DART 공시 확인 중... (조회기간: 20260623 ~ 20260624)
[10:06:23]    총 37건의 주요사항보고 조회됨
[10:06:23]    배당 결정 공시 없음
[10:06:24] 🔍 KIND ETF 공시 확인 중... (조회기간: 2026-06-23 ~ 2026-06-24)
[10:06:24]    새로운 감시 ETF 이익분배금 공시 없음
[10:11:24] 🔍 DART 공시 확인 중... (조회기간: 20260623 ~ 20260624)
[10:11:24]    총 37건의 주요사항보고 조회됨
[10:11:24]    배당 결정 공시 없음
[10:11:25] 🔍 KIND ETF 공시 확인 중... (조회기간: 2026-06-23 ~ 2026-06-24)
[10:11:25]    새로운 감시 ETF 이익분배금 공시 없음
[10:16:26] 🔍 DART 공시 확인 중... (조회기간: 20260623 ~ 20260624)
[10:16:26]    총 37건의 주요사항보고 조회됨
[10:16:26]    배당 결정 공시 없음
[10:16:27] 🔍 KIND ETF 공시 확인 중... (조회기간: 2026-06-23 ~ 2026-06-24)
[10:16:27]    새로운 감시 ETF 이익분배금 공시 없음
[10:21:28] 🔍 DART 공시 확인 중... (조회기간: 20260623 ~ 20260624)
[10:21:28]    총 37건의 주요사항보고 조회됨
[10:21:28]    배당 결정 공시 없음
[10:21:29] 🔍 KIND ETF 공시 확인 중... (조회기간: 2026-06-23 ~ 2026-06-24)
[10:21:29]    새로운 감시 ETF 이익분배금 공시 없음
[10:26:29] 🔍 DART 공시 확인 중... (조회기간: 20260623 ~ 20260624)
[10:26:29]    총 38건의 주요사항보고 조회됨
[10:26:29]    배당 결정 공시 없음
[10:26:30] 🔍 KIND ETF 공시 확인 중... (조회기간: 2026-06-23 ~ 2026-06-24)
[10:26:30]    새로운 감시 ETF 이익분배금 공시 없음
[10:31:31] 🔍 DART 공시 확인 중... (조회기간: 20260623 ~ 20260624)
[10:31:31]    총 38건의 주요사항보고 조회됨
[10:31:31]    배당 결정 공시 없음
[10:31:32] 🔍 KIND ETF 공시 확인 중... (조회기간: 2026-06-23 ~ 2026-06-24)
[10:31:32]    새로운 감시 ETF 이익분배금 공시 없음
[10:36:33] 🔍 DART 공시 확인 중... (조회기간: 20260623 ~ 20260624)
[10:36:33]    총 38건의 주요사항보고 조회됨
[10:36:33]    배당 결정 공시 없음
[10:36:34] 🔍 KIND ETF 공시 확인 중... (조회기간: 2026-06-23 ~ 2026-06-24)
[10:36:34]    새로운 감시 ETF 이익분배금 공시 없음
[10:41:34] 🔍 DART 공시 확인 중... (조회기간: 20260623 ~ 20260624)
[10:41:34]    총 38건의 주요사항보고 조회됨
[10:41:34]    배당 결정 공시 없음
[10:41:35] 🔍 KIND ETF 공시 확인 중... (조회기간: 2026-06-23 ~ 2026-06-24)
[10:41:35]    새로운 감시 ETF 이익분배금 공시 없음
[10:46:36] 🔍 DART 공시 확인 중... (조회기간: 20260623 ~ 20260624)
[10:46:36]    총 38건의 주요사항보고 조회됨
[10:46:36]    배당 결정 공시 없음
[10:46:37] 🔍 KIND ETF 공시 확인 중... (조회기간: 2026-06-23 ~ 2026-06-24)
[10:46:37]    새로운 감시 ETF 이익분배금 공시 없음
[10:51:37] 🔍 DART 공시 확인 중... (조회기간: 20260623 ~ 20260624)
[10:51:37]    총 38건의 주요사항보고 조회됨
[10:51:37]    배당 결정 공시 없음
[10:51:38] 🔍 KIND ETF 공시 확인 중... (조회기간: 2026-06-23 ~ 2026-06-24)
[10:51:38]    새로운 감시 ETF 이익분배금 공시 없음
[10:56:39] 🔍 DART 공시 확인 중... (조회기간: 20260623 ~ 20260624)
[10:56:39]    총 38건의 주요사항보고 조회됨
[10:56:39]    배당 결정 공시 없음
[10:56:40] 🔍 KIND ETF 공시 확인 중... (조회기간: 2026-06-23 ~ 2026-06-24)
[10:56:40]    새로운 감시 ETF 이익분배금 공시 없음
[11:01:41] 🔍 DART 공시 확인 중... (조회기간: 20260623 ~ 20260624)
[11:01:41]    총 38건의 주요사항보고 조회됨
[11:01:41]    배당 결정 공시 없음
[11:01:42] 🔍 KIND ETF 공시 확인 중... (조회기간: 2026-06-23 ~ 2026-06-24)
[11:01:42]    새로운 감시 ETF 이익분배금 공시 없음
[11:06:42] 🔍 DART 공시 확인 중... (조회기간: 20260623 ~ 20260624)
[11:06:42]    총 38건의 주요사항보고 조회됨
[11:06:42]    배당 결정 공시 없음
[11:06:43] 🔍 KIND ETF 공시 확인 중... (조회기간: 2026-06-23 ~ 2026-06-24)
[11:06:43]    새로운 감시 ETF 이익분배금 공시 없음
[11:11:44] 🔍 DART 공시 확인 중... (조회기간: 20260623 ~ 20260624)
[11:11:44]    총 38건의 주요사항보고 조회됨
[11:11:44]    배당 결정 공시 없음
[11:11:45] 🔍 KIND ETF 공시 확인 중... (조회기간: 2026-06-23 ~ 2026-06-24)
[11:11:45]    새로운 감시 ETF 이익분배금 공시 없음
[11:16:46] 🔍 DART 공시 확인 중... (조회기간: 20260623 ~ 20260624)
[11:16:46]    총 40건의 주요사항보고 조회됨
[11:16:46]    배당 결정 공시 없음
[11:16:47] 🔍 KIND ETF 공시 확인 중... (조회기간: 2026-06-23 ~ 2026-06-24)
[11:16:47]    새로운 감시 ETF 이익분배금 공시 없음
[11:21:48] 🔍 DART 공시 확인 중... (조회기간: 20260623 ~ 20260624)
[11:21:48]    총 40건의 주요사항보고 조회됨
[11:21:48]    배당 결정 공시 없음
[11:21:48] 🔍 KIND ETF 공시 확인 중... (조회기간: 2026-06-23 ~ 2026-06-24)
[11:21:48]    새로운 감시 ETF 이익분배금 공시 없음
[11:26:50] 🔍 DART 공시 확인 중... (조회기간: 20260623 ~ 20260624)
[11:26:50]    총 40건의 주요사항보고 조회됨
[11:26:50]    배당 결정 공시 없음
[11:26:51] 🔍 KIND ETF 공시 확인 중... (조회기간: 2026-06-23 ~ 2026-06-24)
[11:26:51]    새로운 감시 ETF 이익분배금 공시 없음
[11:31:52] 🔍 DART 공시 확인 중... (조회기간: 20260623 ~ 20260624)
[11:31:52]    총 40건의 주요사항보고 조회됨
[11:31:52]    배당 결정 공시 없음
[11:31:53] 🔍 KIND ETF 공시 확인 중... (조회기간: 2026-06-23 ~ 2026-06-24)
[11:31:53]    새로운 감시 ETF 이익분배금 공시 없음
[11:36:53] 🔍 DART 공시 확인 중... (조회기간: 20260623 ~ 20260624)
[11:36:53]    총 40건의 주요사항보고 조회됨
[11:36:53]    배당 결정 공시 없음
[11:36:54] 🔍 KIND ETF 공시 확인 중... (조회기간: 2026-06-23 ~ 2026-06-24)
[11:36:54]    새로운 감시 ETF 이익분배금 공시 없음
[11:41:55] 🔍 DART 공시 확인 중... (조회기간: 20260623 ~ 20260624)
[11:41:55]    총 40건의 주요사항보고 조회됨
[11:41:55]    배당 결정 공시 없음
[11:41:56] 🔍 KIND ETF 공시 확인 중... (조회기간: 2026-06-23 ~ 2026-06-24)
[11:41:56]    새로운 감시 ETF 이익분배금 공시 없음
[11:46:56] 🔍 DART 공시 확인 중... (조회기간: 20260623 ~ 20260624)
[11:46:56]    총 40건의 주요사항보고 조회됨
[11:46:56]    배당 결정 공시 없음
[11:46:57] 🔍 KIND ETF 공시 확인 중... (조회기간: 2026-06-23 ~ 2026-06-24)
[11:46:57]    새로운 감시 ETF 이익분배금 공시 없음
[11:51:58] 🔍 DART 공시 확인 중... (조회기간: 20260623 ~ 20260624)
[11:51:58]    총 40건의 주요사항보고 조회됨
[11:51:58]    배당 결정 공시 없음
[11:51:59] 🔍 KIND ETF 공시 확인 중... (조회기간: 2026-06-23 ~ 2026-06-24)
[11:51:59]    새로운 감시 ETF 이익분배금 공시 없음
[11:56:59] 🔍 DART 공시 확인 중... (조회기간: 20260623 ~ 20260624)
[11:56:59]    총 40건의 주요사항보고 조회됨
[11:56:59]    배당 결정 공시 없음
[11:57:00] 🔍 KIND ETF 공시 확인 중... (조회기간: 2026-06-23 ~ 2026-06-24)
[11:57:00]    새로운 감시 ETF 이익분배금 공시 없음
[12:02:01] 🔍 DART 공시 확인 중... (조회기간: 20260623 ~ 20260624)
[12:02:01]    총 40건의 주요사항보고 조회됨
[12:02:01]    배당 결정 공시 없음
[12:02:02] 🔍 KIND ETF 공시 확인 중... (조회기간: 2026-06-23 ~ 2026-06-24)
[12:02:02]    새로운 감시 ETF 이익분배금 공시 없음
[12:07:03] 🔍 DART 공시 확인 중... (조회기간: 20260623 ~ 20260624)
[12:07:03]    총 40건의 주요사항보고 조회됨
[12:07:03]    배당 결정 공시 없음
[12:07:03] 🔍 KIND ETF 공시 확인 중... (조회기간: 2026-06-23 ~ 2026-06-24)
[12:07:03]    새로운 감시 ETF 이익분배금 공시 없음
[12:12:07] 🔍 DART 공시 확인 중... (조회기간: 20260623 ~ 20260624)
[12:12:07]    총 40건의 주요사항보고 조회됨
[12:12:07]    배당 결정 공시 없음
[12:12:08] 🔍 KIND ETF 공시 확인 중... (조회기간: 2026-06-23 ~ 2026-06-24)
[12:12:08]    새로운 감시 ETF 이익분배금 공시 없음
[12:17:08] 🔍 DART 공시 확인 중... (조회기간: 20260623 ~ 20260624)
[12:17:08]    총 40건의 주요사항보고 조회됨
[12:17:08]    배당 결정 공시 없음
[12:17:09] 🔍 KIND ETF 공시 확인 중... (조회기간: 2026-06-23 ~ 2026-06-24)
[12:17:09]    새로운 감시 ETF 이익분배금 공시 없음
[12:22:10] 🔍 DART 공시 확인 중... (조회기간: 20260623 ~ 20260624)
[12:22:10]    총 40건의 주요사항보고 조회됨
[12:22:10]    배당 결정 공시 없음
[12:22:11] 🔍 KIND ETF 공시 확인 중... (조회기간: 2026-06-23 ~ 2026-06-24)
[12:22:11]    새로운 감시 ETF 이익분배금 공시 없음
[12:27:12] 🔍 DART 공시 확인 중... (조회기간: 20260623 ~ 20260624)
[12:27:12]    총 40건의 주요사항보고 조회됨
[12:27:12]    배당 결정 공시 없음
[12:27:13] 🔍 KIND ETF 공시 확인 중... (조회기간: 2026-06-23 ~ 2026-06-24)
[12:27:13]    새로운 감시 ETF 이익분배금 공시 없음
[12:32:14] 🔍 DART 공시 확인 중... (조회기간: 20260623 ~ 20260624)
[12:32:14]    총 40건의 주요사항보고 조회됨
[12:32:14]    배당 결정 공시 없음
[12:32:14] 🔍 KIND ETF 공시 확인 중... (조회기간: 2026-06-23 ~ 2026-06-24)
[12:32:14]    새로운 감시 ETF 이익분배금 공시 없음
[12:37:15] 🔍 DART 공시 확인 중... (조회기간: 20260623 ~ 20260624)
[12:37:15]    총 40건의 주요사항보고 조회됨
[12:37:15]    배당 결정 공시 없음
[12:37:16] 🔍 KIND ETF 공시 확인 중... (조회기간: 2026-06-23 ~ 2026-06-24)
[12:37:16]    새로운 감시 ETF 이익분배금 공시 없음
[12:42:17] 🔍 DART 공시 확인 중... (조회기간: 20260623 ~ 20260624)
[12:42:17]    총 40건의 주요사항보고 조회됨
[12:42:17]    배당 결정 공시 없음
[12:42:18] 🔍 KIND ETF 공시 확인 중... (조회기간: 2026-06-23 ~ 2026-06-24)
[12:42:18]    새로운 감시 ETF 이익분배금 공시 없음
[12:47:19] 🔍 DART 공시 확인 중... (조회기간: 20260623 ~ 20260624)
[12:47:19]    총 40건의 주요사항보고 조회됨
[12:47:19]    배당 결정 공시 없음
[12:47:19] 🔍 KIND ETF 공시 확인 중... (조회기간: 2026-06-23 ~ 2026-06-24)
[12:47:19]    새로운 감시 ETF 이익분배금 공시 없음
[12:52:20] 🔍 DART 공시 확인 중... (조회기간: 20260623 ~ 20260624)
[12:52:20]    총 40건의 주요사항보고 조회됨
[12:52:20]    배당 결정 공시 없음
[12:52:21] 🔍 KIND ETF 공시 확인 중... (조회기간: 2026-06-23 ~ 2026-06-24)
[12:52:21]    새로운 감시 ETF 이익분배금 공시 없음
[12:57:22] 🔍 DART 공시 확인 중... (조회기간: 20260623 ~ 20260624)
[12:57:22]    총 40건의 주요사항보고 조회됨
[12:57:22]    배당 결정 공시 없음
[12:57:23] 🔍 KIND ETF 공시 확인 중... (조회기간: 2026-06-23 ~ 2026-06-24)
[12:57:23]    새로운 감시 ETF 이익분배금 공시 없음
[13:02:23] 🔍 DART 공시 확인 중... (조회기간: 20260623 ~ 20260624)
[13:02:23]    총 40건의 주요사항보고 조회됨
[13:02:23]    배당 결정 공시 없음
[13:02:24] 🔍 KIND ETF 공시 확인 중... (조회기간: 2026-06-23 ~ 2026-06-24)
[13:02:24]    새로운 감시 ETF 이익분배금 공시 없음
[13:07:25] 🔍 DART 공시 확인 중... (조회기간: 20260623 ~ 20260624)
[13:07:25]    총 40건의 주요사항보고 조회됨
[13:07:25]    배당 결정 공시 없음
[13:07:26] 🔍 KIND ETF 공시 확인 중... (조회기간: 2026-06-23 ~ 2026-06-24)
[13:07:26]    새로운 감시 ETF 이익분배금 공시 없음
[13:12:27] 🔍 DART 공시 확인 중... (조회기간: 20260623 ~ 20260624)
[13:12:27]    총 40건의 주요사항보고 조회됨
[13:12:27]    배당 결정 공시 없음
[13:12:28] 🔍 KIND ETF 공시 확인 중... (조회기간: 2026-06-23 ~ 2026-06-24)
[13:12:28]    새로운 감시 ETF 이익분배금 공시 없음
[13:17:28] 🔍 DART 공시 확인 중... (조회기간: 20260623 ~ 20260624)
[13:17:28]    총 41건의 주요사항보고 조회됨
[13:17:28]    배당 결정 공시 없음
[13:17:29] 🔍 KIND ETF 공시 확인 중... (조회기간: 2026-06-23 ~ 2026-06-24)
[13:17:29]    새로운 감시 ETF 이익분배금 공시 없음
[13:22:30] 🔍 DART 공시 확인 중... (조회기간: 20260623 ~ 20260624)
[13:22:30]    총 41건의 주요사항보고 조회됨
[13:22:30]    배당 결정 공시 없음
[13:22:31] 🔍 KIND ETF 공시 확인 중... (조회기간: 2026-06-23 ~ 2026-06-24)
[13:22:31]    새로운 감시 ETF 이익분배금 공시 없음
[13:27:32] 🔍 DART 공시 확인 중... (조회기간: 20260623 ~ 20260624)
[13:27:32]    총 41건의 주요사항보고 조회됨
[13:27:32]    배당 결정 공시 없음
[13:27:33] 🔍 KIND ETF 공시 확인 중... (조회기간: 2026-06-23 ~ 2026-06-24)
[13:27:33]    새로운 감시 ETF 이익분배금 공시 없음
[13:32:34] 🔍 DART 공시 확인 중... (조회기간: 20260623 ~ 20260624)
[13:32:34]    총 42건의 주요사항보고 조회됨
[13:32:34]    배당 결정 공시 없음
[13:32:35] 🔍 KIND ETF 공시 확인 중... (조회기간: 2026-06-23 ~ 2026-06-24)
[13:32:35]    새로운 감시 ETF 이익분배금 공시 없음
[13:37:36] 🔍 DART 공시 확인 중... (조회기간: 20260623 ~ 20260624)
[13:37:36]    총 42건의 주요사항보고 조회됨
[13:37:36]    배당 결정 공시 없음
[13:37:37] 🔍 KIND ETF 공시 확인 중... (조회기간: 2026-06-23 ~ 2026-06-24)
[13:37:37]    새로운 감시 ETF 이익분배금 공시 없음
[13:42:38] 🔍 DART 공시 확인 중... (조회기간: 20260623 ~ 20260624)
[13:42:38]    총 42건의 주요사항보고 조회됨
[13:42:38]    배당 결정 공시 없음
[13:42:39] 🔍 KIND ETF 공시 확인 중... (조회기간: 2026-06-23 ~ 2026-06-24)
[13:42:39]    새로운 감시 ETF 이익분배금 공시 없음
[13:47:40] 🔍 DART 공시 확인 중... (조회기간: 20260623 ~ 20260624)
[13:47:40]    총 42건의 주요사항보고 조회됨
[13:47:40]    배당 결정 공시 없음
[13:47:42] 🔍 KIND ETF 공시 확인 중... (조회기간: 2026-06-23 ~ 2026-06-24)
[13:47:42]    새로운 감시 ETF 이익분배금 공시 없음
[13:52:43] 🔍 DART 공시 확인 중... (조회기간: 20260623 ~ 20260624)
[13:52:43]    총 43건의 주요사항보고 조회됨
[13:52:43]    배당 결정 공시 없음
[13:52:44] 🔍 KIND ETF 공시 확인 중... (조회기간: 2026-06-23 ~ 2026-06-24)
[13:52:44]    새로운 감시 ETF 이익분배금 공시 없음
[13:57:45] 🔍 DART 공시 확인 중... (조회기간: 20260623 ~ 20260624)
[13:57:45]    총 43건의 주요사항보고 조회됨
[13:57:45]    배당 결정 공시 없음
[13:57:46] 🔍 KIND ETF 공시 확인 중... (조회기간: 2026-06-23 ~ 2026-06-24)
[13:57:46]    새로운 감시 ETF 이익분배금 공시 없음
[14:02:47] 🔍 DART 공시 확인 중... (조회기간: 20260623 ~ 20260624)
[14:02:47]    총 44건의 주요사항보고 조회됨
[14:02:47]    배당 결정 공시 없음
[14:02:48] 🔍 KIND ETF 공시 확인 중... (조회기간: 2026-06-23 ~ 2026-06-24)
[14:02:48]    새로운 감시 ETF 이익분배금 공시 없음
[14:07:49] 🔍 DART 공시 확인 중... (조회기간: 20260623 ~ 20260624)
[14:07:49]    총 44건의 주요사항보고 조회됨
[14:07:49]    배당 결정 공시 없음
[14:07:50] 🔍 KIND ETF 공시 확인 중... (조회기간: 2026-06-23 ~ 2026-06-24)
[14:07:50]    새로운 감시 ETF 이익분배금 공시 없음
[14:12:51] 🔍 DART 공시 확인 중... (조회기간: 20260623 ~ 20260624)
[14:12:51]    총 44건의 주요사항보고 조회됨
[14:12:51]    배당 결정 공시 없음
[14:12:52] 🔍 KIND ETF 공시 확인 중... (조회기간: 2026-06-23 ~ 2026-06-24)
[14:12:52]    새로운 감시 ETF 이익분배금 공시 없음
[14:17:53] 🔍 DART 공시 확인 중... (조회기간: 20260623 ~ 20260624)
[14:17:53]    총 45건의 주요사항보고 조회됨
[14:17:53]    배당 결정 공시 없음
[14:17:54] 🔍 KIND ETF 공시 확인 중... (조회기간: 2026-06-23 ~ 2026-06-24)
[14:17:54]    새로운 감시 ETF 이익분배금 공시 없음
[14:22:55] 🔍 DART 공시 확인 중... (조회기간: 20260623 ~ 20260624)
[14:22:55]    총 45건의 주요사항보고 조회됨
[14:22:55]    배당 결정 공시 없음
[14:22:57] 🔍 KIND ETF 공시 확인 중... (조회기간: 2026-06-23 ~ 2026-06-24)
[14:22:57]    새로운 감시 ETF 이익분배금 공시 없음
[14:27:58] 🔍 DART 공시 확인 중... (조회기간: 20260623 ~ 20260624)
[14:27:58]    총 46건의 주요사항보고 조회됨
[14:27:58]    배당 결정 공시 없음
[14:27:59] 🔍 KIND ETF 공시 확인 중... (조회기간: 2026-06-23 ~ 2026-06-24)
[14:27:59]    새로운 감시 ETF 이익분배금 공시 없음
[14:33:00] 🔍 DART 공시 확인 중... (조회기간: 20260623 ~ 20260624)
[14:33:00]    총 46건의 주요사항보고 조회됨
[14:33:00]    배당 결정 공시 없음
[14:33:01] 🔍 KIND ETF 공시 확인 중... (조회기간: 2026-06-23 ~ 2026-06-24)
[14:33:01]    새로운 감시 ETF 이익분배금 공시 없음
[14:38:02] 🔍 DART 공시 확인 중... (조회기간: 20260623 ~ 20260624)
[14:38:02]    총 47건의 주요사항보고 조회됨
[14:38:02]    배당 결정 공시 없음
[14:38:04] 🔍 KIND ETF 공시 확인 중... (조회기간: 2026-06-23 ~ 2026-06-24)
[14:38:04]    새로운 감시 ETF 이익분배금 공시 없음
[14:43:05] 🔍 DART 공시 확인 중... (조회기간: 20260623 ~ 20260624)
[14:43:05]    총 47건의 주요사항보고 조회됨
[14:43:05]    배당 결정 공시 없음
[14:43:06] 🔍 KIND ETF 공시 확인 중... (조회기간: 2026-06-23 ~ 2026-06-24)
[14:43:06]    새로운 감시 ETF 이익분배금 공시 없음
[14:48:08] 🔍 DART 공시 확인 중... (조회기간: 20260623 ~ 20260624)
[14:48:08]    총 48건의 주요사항보고 조회됨
[14:48:08]    배당 결정 공시 없음
[14:48:09] 🔍 KIND ETF 공시 확인 중... (조회기간: 2026-06-23 ~ 2026-06-24)
[14:48:09]    새로운 감시 ETF 이익분배금 공시 없음
[14:53:10] 🔍 DART 공시 확인 중... (조회기간: 20260623 ~ 20260624)
[14:53:10]    총 49건의 주요사항보고 조회됨
[14:53:10]    배당 결정 공시 없음
[14:53:11] 🔍 KIND ETF 공시 확인 중... (조회기간: 2026-06-23 ~ 2026-06-24)
[14:53:11]    새로운 감시 ETF 이익분배금 공시 없음
[14:58:12] 🔍 DART 공시 확인 중... (조회기간: 20260623 ~ 20260624)
[14:58:12]    총 49건의 주요사항보고 조회됨
[14:58:12]    배당 결정 공시 없음
[14:58:13] 🔍 KIND ETF 공시 확인 중... (조회기간: 2026-06-23 ~ 2026-06-24)
[14:58:13]    새로운 감시 ETF 이익분배금 공시 없음
[15:03:16] 🔍 DART 공시 확인 중... (조회기간: 20260623 ~ 20260624)
[15:03:16]    총 49건의 주요사항보고 조회됨
[15:03:16]    배당 결정 공시 없음
[15:03:17] 🔍 KIND ETF 공시 확인 중... (조회기간: 2026-06-23 ~ 2026-06-24)
[15:03:17]    새로운 감시 ETF 이익분배금 공시 없음
[15:08:18] 🔍 DART 공시 확인 중... (조회기간: 20260623 ~ 20260624)
[15:08:18]    총 50건의 주요사항보고 조회됨
[15:08:18]    배당 결정 공시 없음
[15:08:19] 🔍 KIND ETF 공시 확인 중... (조회기간: 2026-06-23 ~ 2026-06-24)
[15:08:19]    새로운 감시 ETF 이익분배금 공시 없음
[15:13:20] 🔍 DART 공시 확인 중... (조회기간: 20260623 ~ 20260624)
[15:13:20]    총 51건의 주요사항보고 조회됨
[15:13:20]    배당 결정 공시 없음
[15:13:22] 🔍 KIND ETF 공시 확인 중... (조회기간: 2026-06-23 ~ 2026-06-24)
[15:13:22]    새로운 감시 ETF 이익분배금 공시 없음
[15:18:23] 🔍 DART 공시 확인 중... (조회기간: 20260623 ~ 20260624)
[15:18:23]    총 51건의 주요사항보고 조회됨
[15:18:23]    배당 결정 공시 없음
[15:18:24] 🔍 KIND ETF 공시 확인 중... (조회기간: 2026-06-23 ~ 2026-06-24)
[15:18:24]    새로운 감시 ETF 이익분배금 공시 없음
[15:23:26] 🔍 DART 공시 확인 중... (조회기간: 20260623 ~ 20260624)
[15:23:26]    총 52건의 주요사항보고 조회됨
[15:23:26]    배당 결정 공시 없음
[15:23:27] 🔍 KIND ETF 공시 확인 중... (조회기간: 2026-06-23 ~ 2026-06-24)
[15:23:27]    새로운 감시 ETF 이익분배금 공시 없음
[15:28:28] 🔍 DART 공시 확인 중... (조회기간: 20260623 ~ 20260624)
[15:28:28]    총 53건의 주요사항보고 조회됨
[15:28:28]    배당 결정 공시 없음
[15:28:29] 🔍 KIND ETF 공시 확인 중... (조회기간: 2026-06-23 ~ 2026-06-24)
[15:28:29]    새로운 감시 ETF 이익분배금 공시 없음
[15:33:31] 🔍 DART 공시 확인 중... (조회기간: 20260623 ~ 20260624)
[15:33:31]    총 53건의 주요사항보고 조회됨
[15:33:31]    배당 결정 공시 없음
[15:33:33] 🔍 KIND ETF 공시 확인 중... (조회기간: 2026-06-23 ~ 2026-06-24)
[15:33:33]    새로운 감시 ETF 이익분배금 공시 없음
[15:38:35] 🔍 DART 공시 확인 중... (조회기간: 20260623 ~ 20260624)
[15:38:35]    총 54건의 주요사항보고 조회됨
[15:38:35]    배당 결정 공시 없음
[15:38:36] 🔍 KIND ETF 공시 확인 중... (조회기간: 2026-06-23 ~ 2026-06-24)
[15:38:36]    새로운 감시 ETF 이익분배금 공시 없음
[15:43:38] 🔍 DART 공시 확인 중... (조회기간: 20260623 ~ 20260624)
[15:43:38]    총 54건의 주요사항보고 조회됨
[15:43:38]    배당 결정 공시 없음
[15:43:39] 🔍 KIND ETF 공시 확인 중... (조회기간: 2026-06-23 ~ 2026-06-24)
[15:43:39]    새로운 감시 ETF 이익분배금 공시 없음
[15:48:40] 🔍 DART 공시 확인 중... (조회기간: 20260623 ~ 20260624)
[15:48:40]    총 54건의 주요사항보고 조회됨
[15:48:40]    배당 결정 공시 없음
[15:48:41] 🔍 KIND ETF 공시 확인 중... (조회기간: 2026-06-23 ~ 2026-06-24)
[15:48:41]    새로운 감시 ETF 이익분배금 공시 없음
[15:53:43] 🔍 DART 공시 확인 중... (조회기간: 20260623 ~ 20260624)
[15:53:43]    총 55건의 주요사항보고 조회됨
[15:53:43]    배당 결정 공시 없음
[15:53:44] 🔍 KIND ETF 공시 확인 중... (조회기간: 2026-06-23 ~ 2026-06-24)
[15:53:44]    새로운 감시 ETF 이익분배금 공시 없음
[15:58:45] 🔍 DART 공시 확인 중... (조회기간: 20260623 ~ 20260624)
[15:58:45]    총 57건의 주요사항보고 조회됨
[15:58:45]    배당 결정 공시 없음
[15:58:47] 🔍 KIND ETF 공시 확인 중... (조회기간: 2026-06-23 ~ 2026-06-24)
[15:58:47]    새로운 감시 ETF 이익분배금 공시 없음
[16:03:48] 🔍 DART 공시 확인 중... (조회기간: 20260623 ~ 20260624)
[16:03:48]    총 58건의 주요사항보고 조회됨
[16:03:48]    배당 결정 공시 없음
[16:03:50] 🔍 KIND ETF 공시 확인 중... (조회기간: 2026-06-23 ~ 2026-06-24)
[16:03:50]    새로운 감시 ETF 이익분배금 공시 없음
[16:08:51] 🔍 DART 공시 확인 중... (조회기간: 20260623 ~ 20260624)
[16:08:51]    총 60건의 주요사항보고 조회됨
[16:08:51]    배당 결정 공시 없음
[16:08:52] 🔍 KIND ETF 공시 확인 중... (조회기간: 2026-06-23 ~ 2026-06-24)
[16:08:52]    새로운 감시 ETF 이익분배금 공시 없음
[16:13:54] 🔍 DART 공시 확인 중... (조회기간: 20260623 ~ 20260624)
[16:13:54]    총 60건의 주요사항보고 조회됨
[16:13:54]    배당 결정 공시 없음
[16:13:56] 🔍 KIND ETF 공시 확인 중... (조회기간: 2026-06-23 ~ 2026-06-24)
[16:13:56]    새로운 감시 ETF 이익분배금 공시 없음
[16:18:59] 🔍 DART 공시 확인 중... (조회기간: 20260623 ~ 20260624)
[16:18:59]    총 60건의 주요사항보고 조회됨
[16:18:59]    배당 결정 공시 없음
[16:19:01] 🔍 KIND ETF 공시 확인 중... (조회기간: 2026-06-23 ~ 2026-06-24)
[16:19:01]    새로운 감시 ETF 이익분배금 공시 없음
[16:24:02] 🔍 DART 공시 확인 중... (조회기간: 20260623 ~ 20260624)
[16:24:02]    총 62건의 주요사항보고 조회됨
[16:24:02]    배당 결정 공시 없음
[16:24:03] 🔍 KIND ETF 공시 확인 중... (조회기간: 2026-06-23 ~ 2026-06-24)
[16:24:03]    새로운 감시 ETF 이익분배금 공시 없음
[16:29:04] 🔍 DART 공시 확인 중... (조회기간: 20260623 ~ 20260624)
[16:29:04]    총 62건의 주요사항보고 조회됨
[16:29:04]    배당 결정 공시 없음
[16:29:06] 🔍 KIND ETF 공시 확인 중... (조회기간: 2026-06-23 ~ 2026-06-24)
[16:29:06]    새로운 감시 ETF 이익분배금 공시 없음
[16:34:07] 🔍 DART 공시 확인 중... (조회기간: 20260623 ~ 20260624)
[16:34:07]    총 62건의 주요사항보고 조회됨
[16:34:07]    배당 결정 공시 없음
[16:34:08] 🔍 KIND ETF 공시 확인 중... (조회기간: 2026-06-23 ~ 2026-06-24)
[16:34:08]    새로운 감시 ETF 이익분배금 공시 없음
[16:39:09] 🔍 DART 공시 확인 중... (조회기간: 20260623 ~ 20260624)
[16:39:09]    총 62건의 주요사항보고 조회됨
[16:39:09]    배당 결정 공시 없음
[16:39:11] 🔍 KIND ETF 공시 확인 중... (조회기간: 2026-06-23 ~ 2026-06-24)
[16:39:11]    새로운 감시 ETF 이익분배금 공시 없음
[16:44:12] 🔍 DART 공시 확인 중... (조회기간: 20260623 ~ 20260624)
[16:44:12]    총 62건의 주요사항보고 조회됨
[16:44:12]    배당 결정 공시 없음
[16:44:14] 🔍 KIND ETF 공시 확인 중... (조회기간: 2026-06-23 ~ 2026-06-24)
[16:44:14]    새로운 감시 ETF 이익분배금 공시 없음
[16:49:15] 🔍 DART 공시 확인 중... (조회기간: 20260623 ~ 20260624)
[16:49:15]    총 62건의 주요사항보고 조회됨
[16:49:15]    배당 결정 공시 없음
[16:49:16] 🔍 KIND ETF 공시 확인 중... (조회기간: 2026-06-23 ~ 2026-06-24)
[16:49:16]    새로운 감시 ETF 이익분배금 공시 없음
[16:54:18] 🔍 DART 공시 확인 중... (조회기간: 20260623 ~ 20260624)
[16:54:18]    총 65건의 주요사항보고 조회됨
[16:54:18]    배당 결정 공시 없음
[16:54:20] 🔍 KIND ETF 공시 확인 중... (조회기간: 2026-06-23 ~ 2026-06-24)
[16:54:20]    새로운 감시 ETF 이익분배금 공시 없음
[16:59:22] 🔍 DART 공시 확인 중... (조회기간: 20260623 ~ 20260624)
[16:59:22]    총 66건의 주요사항보고 조회됨
[16:59:22]    배당 결정 공시 없음
[16:59:23] 🔍 KIND ETF 공시 확인 중... (조회기간: 2026-06-23 ~ 2026-06-24)
[16:59:23]    새로운 감시 ETF 이익분배금 공시 없음
[17:04:25] 🔍 DART 공시 확인 중... (조회기간: 20260623 ~ 20260624)
[17:04:25]    총 66건의 주요사항보고 조회됨
[17:04:25]    배당 결정 공시 없음
[17:04:27] 🔍 KIND ETF 공시 확인 중... (조회기간: 2026-06-23 ~ 2026-06-24)
[17:04:27]    새로운 감시 ETF 이익분배금 공시 없음
[17:09:31] 🔍 DART 공시 확인 중... (조회기간: 20260623 ~ 20260624)
[17:09:31]    총 67건의 주요사항보고 조회됨
[17:09:31]    배당 결정 공시 없음
[17:09:34] 🔍 KIND ETF 공시 확인 중... (조회기간: 2026-06-23 ~ 2026-06-24)
[17:09:34]    새로운 감시 ETF 이익분배금 공시 없음
[17:14:35] 🔍 DART 공시 확인 중... (조회기간: 20260623 ~ 20260624)
[17:14:35]    총 68건의 주요사항보고 조회됨
[17:14:35]    배당 결정 공시 없음
[17:14:36] 🔍 KIND ETF 공시 확인 중... (조회기간: 2026-06-23 ~ 2026-06-24)
[17:14:36]    새로운 감시 ETF 이익분배금 공시 없음
[17:19:38] 🔍 DART 공시 확인 중... (조회기간: 20260623 ~ 20260624)
[17:19:38]    총 69건의 주요사항보고 조회됨
[17:19:38]    배당 결정 공시 없음
[17:19:39] 🔍 KIND ETF 공시 확인 중... (조회기간: 2026-06-23 ~ 2026-06-24)
[17:19:39]    새로운 감시 ETF 이익분배금 공시 없음
[17:24:41] 🔍 DART 공시 확인 중... (조회기간: 20260623 ~ 20260624)
[17:24:41]    총 71건의 주요사항보고 조회됨
[17:24:41]    배당 결정 공시 없음
[17:24:42] 🔍 KIND ETF 공시 확인 중... (조회기간: 2026-06-23 ~ 2026-06-24)
[17:24:42]    새로운 감시 ETF 이익분배금 공시 없음
[17:29:43] 🔍 DART 공시 확인 중... (조회기간: 20260623 ~ 20260624)
[17:29:43]    총 71건의 주요사항보고 조회됨
[17:29:43]    배당 결정 공시 없음
[17:29:44] 🔍 KIND ETF 공시 확인 중... (조회기간: 2026-06-23 ~ 2026-06-24)
[17:29:44]    새로운 감시 ETF 이익분배금 공시 없음
[17:34:46] 🔍 DART 공시 확인 중... (조회기간: 20260623 ~ 20260624)
[17:34:46]    총 71건의 주요사항보고 조회됨
[17:34:46]    배당 결정 공시 없음
[17:34:47] 🔍 KIND ETF 공시 확인 중... (조회기간: 2026-06-23 ~ 2026-06-24)
[17:34:47]    새로운 감시 ETF 이익분배금 공시 없음
[17:39:48] 🔍 DART 공시 확인 중... (조회기간: 20260623 ~ 20260624)
[17:39:48]    총 72건의 주요사항보고 조회됨
[17:39:48]    배당 결정 공시 없음
[17:39:50] 🔍 KIND ETF 공시 확인 중... (조회기간: 2026-06-23 ~ 2026-06-24)
[17:39:50]    새로운 감시 ETF 이익분배금 공시 없음
[17:44:51] 🔍 DART 공시 확인 중... (조회기간: 20260623 ~ 20260624)
[17:44:51]    총 73건의 주요사항보고 조회됨
[17:44:51]    배당 결정 공시 없음
[17:44:52] 🔍 KIND ETF 공시 확인 중... (조회기간: 2026-06-23 ~ 2026-06-24)
[17:44:52]    새로운 감시 ETF 이익분배금 공시 없음
[17:49:55] 🔍 DART 공시 확인 중... (조회기간: 20260623 ~ 20260624)
[17:49:55]    총 73건의 주요사항보고 조회됨
[17:49:55]    배당 결정 공시 없음
[17:49:56] 🔍 KIND ETF 공시 확인 중... (조회기간: 2026-06-23 ~ 2026-06-24)
[17:49:56]    새로운 감시 ETF 이익분배금 공시 없음
[17:54:57] 🔍 DART 공시 확인 중... (조회기간: 20260623 ~ 20260624)
[17:54:57]    총 73건의 주요사항보고 조회됨
[17:54:57]    배당 결정 공시 없음
[17:54:58] 🔍 KIND ETF 공시 확인 중... (조회기간: 2026-06-23 ~ 2026-06-24)
[17:54:58]    새로운 감시 ETF 이익분배금 공시 없음
[18:00:00] 🔍 DART 공시 확인 중... (조회기간: 20260623 ~ 20260624)
[18:00:00]    총 74건의 주요사항보고 조회됨
[18:00:00]    배당 결정 공시 없음
[18:00:01] 🔍 KIND ETF 공시 확인 중... (조회기간: 2026-06-23 ~ 2026-06-24)
[18:00:01]    새로운 감시 ETF 이익분배금 공시 없음
[18:05:01] 🔍 DART 공시 확인 중... (조회기간: 20260623 ~ 20260624)
[18:05:01]    총 75건의 주요사항보고 조회됨
[18:05:01]    배당 결정 공시 없음
[18:05:03] 🔍 KIND ETF 공시 확인 중... (조회기간: 2026-06-23 ~ 2026-06-24)
[18:05:03]    새로운 감시 ETF 이익분배금 공시 없음
[18:10:04] 🔍 DART 공시 확인 중... (조회기간: 20260623 ~ 20260624)
[18:10:04]    총 75건의 주요사항보고 조회됨
[18:10:04]    배당 결정 공시 없음
[18:10:06] 🔍 KIND ETF 공시 확인 중... (조회기간: 2026-06-23 ~ 2026-06-24)
[18:10:06]    새로운 감시 ETF 이익분배금 공시 없음
[18:15:07] 🔍 DART 공시 확인 중... (조회기간: 20260623 ~ 20260624)
[18:15:07]    총 75건의 주요사항보고 조회됨
[18:15:07]    배당 결정 공시 없음
[18:15:09] 🔍 KIND ETF 공시 확인 중... (조회기간: 2026-06-23 ~ 2026-06-24)
[18:15:09]    새로운 감시 ETF 이익분배금 공시 없음
[18:20:10] 🔍 DART 공시 확인 중... (조회기간: 20260623 ~ 20260624)
[18:20:10]    총 75건의 주요사항보고 조회됨
[18:20:10]    배당 결정 공시 없음
[18:20:11] 🔍 KIND ETF 공시 확인 중... (조회기간: 2026-06-23 ~ 2026-06-24)
[18:20:11]    새로운 감시 ETF 이익분배금 공시 없음
[18:25:12] 🔍 DART 공시 확인 중... (조회기간: 20260623 ~ 20260624)
[18:25:12]    총 75건의 주요사항보고 조회됨
[18:25:12]    배당 결정 공시 없음
[18:25:13] 🔍 KIND ETF 공시 확인 중... (조회기간: 2026-06-23 ~ 2026-06-24)
[18:25:13]    새로운 감시 ETF 이익분배금 공시 없음
[18:30:15] 🔍 DART 공시 확인 중... (조회기간: 20260623 ~ 20260624)
[18:30:15]    총 75건의 주요사항보고 조회됨
[18:30:15]    배당 결정 공시 없음
[18:30:16] 🔍 KIND ETF 공시 확인 중... (조회기간: 2026-06-23 ~ 2026-06-24)
[18:30:16]    새로운 감시 ETF 이익분배금 공시 없음
[18:35:17] 🔍 DART 공시 확인 중... (조회기간: 20260623 ~ 20260624)
[18:35:17]    총 75건의 주요사항보고 조회됨
[18:35:17]    배당 결정 공시 없음
[18:35:18] 🔍 KIND ETF 공시 확인 중... (조회기간: 2026-06-23 ~ 2026-06-24)
[18:35:18]    새로운 감시 ETF 이익분배금 공시 없음
[18:40:19] 🔍 DART 공시 확인 중... (조회기간: 20260623 ~ 20260624)
[18:40:19]    총 75건의 주요사항보고 조회됨
[18:40:19]    배당 결정 공시 없음
[18:40:20] 🔍 KIND ETF 공시 확인 중... (조회기간: 2026-06-23 ~ 2026-06-24)
[18:40:20]    새로운 감시 ETF 이익분배금 공시 없음
[18:45:22] 🔍 DART 공시 확인 중... (조회기간: 20260623 ~ 20260624)
[18:45:22]    총 75건의 주요사항보고 조회됨
[18:45:22]    배당 결정 공시 없음
[18:45:23] 🔍 KIND ETF 공시 확인 중... (조회기간: 2026-06-23 ~ 2026-06-24)
[18:45:23]    새로운 감시 ETF 이익분배금 공시 없음
[18:50:25] 🔍 DART 공시 확인 중... (조회기간: 20260623 ~ 20260624)
[18:50:25]    총 75건의 주요사항보고 조회됨
[18:50:25]    배당 결정 공시 없음
[18:50:26] 🔍 KIND ETF 공시 확인 중... (조회기간: 2026-06-23 ~ 2026-06-24)
[18:50:26]    새로운 감시 ETF 이익분배금 공시 없음
[18:55:26] 🔍 DART 공시 확인 중... (조회기간: 20260623 ~ 20260624)
[18:55:26]    총 75건의 주요사항보고 조회됨
[18:55:26]    배당 결정 공시 없음
[18:55:28] 🔍 KIND ETF 공시 확인 중... (조회기간: 2026-06-23 ~ 2026-06-24)
[18:55:28]    새로운 감시 ETF 이익분배금 공시 없음
[19:00:29] 🔍 DART 공시 확인 중... (조회기간: 20260623 ~ 20260624)
[19:00:29]    총 75건의 주요사항보고 조회됨
[19:00:29]    배당 결정 공시 없음
[19:00:31] 🔍 KIND ETF 공시 확인 중... (조회기간: 2026-06-23 ~ 2026-06-24)
[19:00:31]    새로운 감시 ETF 이익분배금 공시 없음
[19:05:32] 🔍 DART 공시 확인 중... (조회기간: 20260623 ~ 20260624)
[19:05:32]    총 75건의 주요사항보고 조회됨
[19:05:32]    배당 결정 공시 없음
[19:05:33] 🔍 KIND ETF 공시 확인 중... (조회기간: 2026-06-23 ~ 2026-06-24)
[19:05:33]    새로운 감시 ETF 이익분배금 공시 없음
[19:10:34] 🔍 DART 공시 확인 중... (조회기간: 20260623 ~ 20260624)
[19:10:34]    총 75건의 주요사항보고 조회됨
[19:10:34]    배당 결정 공시 없음
[19:10:35] 🔍 KIND ETF 공시 확인 중... (조회기간: 2026-06-23 ~ 2026-06-24)
[19:10:35]    새로운 감시 ETF 이익분배금 공시 없음
[19:15:36] 🔍 DART 공시 확인 중... (조회기간: 20260623 ~ 20260624)
[19:15:36]    총 75건의 주요사항보고 조회됨
[19:15:36]    배당 결정 공시 없음
[19:15:38] 🔍 KIND ETF 공시 확인 중... (조회기간: 2026-06-23 ~ 2026-06-24)
[19:15:38]    새로운 감시 ETF 이익분배금 공시 없음
[19:20:39] 🔍 DART 공시 확인 중... (조회기간: 20260623 ~ 20260624)
[19:20:39]    총 75건의 주요사항보고 조회됨
[19:20:39]    배당 결정 공시 없음
[19:20:40] 🔍 KIND ETF 공시 확인 중... (조회기간: 2026-06-23 ~ 2026-06-24)
[19:20:40]    새로운 감시 ETF 이익분배금 공시 없음
[19:25:42] 🔍 DART 공시 확인 중... (조회기간: 20260623 ~ 20260624)
[19:25:42]    총 75건의 주요사항보고 조회됨
[19:25:42]    배당 결정 공시 없음
[19:25:43] 🔍 KIND ETF 공시 확인 중... (조회기간: 2026-06-23 ~ 2026-06-24)
[19:25:43]    새로운 감시 ETF 이익분배금 공시 없음
[19:30:44] 🔍 DART 공시 확인 중... (조회기간: 20260623 ~ 20260624)
[19:30:44]    총 75건의 주요사항보고 조회됨
[19:30:44]    배당 결정 공시 없음
[19:30:45] 🔍 KIND ETF 공시 확인 중... (조회기간: 2026-06-23 ~ 2026-06-24)
[19:30:45]    새로운 감시 ETF 이익분배금 공시 없음
[19:35:47] 🔍 DART 공시 확인 중... (조회기간: 20260623 ~ 20260624)
[19:35:47]    총 75건의 주요사항보고 조회됨
[19:35:47]    배당 결정 공시 없음
[19:35:48] 🔍 KIND ETF 공시 확인 중... (조회기간: 2026-06-23 ~ 2026-06-24)
[19:35:48]    새로운 감시 ETF 이익분배금 공시 없음
[19:40:49] 🔍 DART 공시 확인 중... (조회기간: 20260623 ~ 20260624)
[19:40:49]    총 75건의 주요사항보고 조회됨
[19:40:49]    배당 결정 공시 없음
[19:40:51] 🔍 KIND ETF 공시 확인 중... (조회기간: 2026-06-23 ~ 2026-06-24)
[19:40:51]    새로운 감시 ETF 이익분배금 공시 없음
[19:45:52] 🔍 DART 공시 확인 중... (조회기간: 20260623 ~ 20260624)
[19:45:52]    총 75건의 주요사항보고 조회됨
[19:45:52]    배당 결정 공시 없음
[19:45:53] 🔍 KIND ETF 공시 확인 중... (조회기간: 2026-06-23 ~ 2026-06-24)
[19:45:53]    새로운 감시 ETF 이익분배금 공시 없음
[19:50:54] 🔍 DART 공시 확인 중... (조회기간: 20260623 ~ 20260624)
[19:50:54]    총 75건의 주요사항보고 조회됨
[19:50:54]    배당 결정 공시 없음
[19:50:55] 🔍 KIND ETF 공시 확인 중... (조회기간: 2026-06-23 ~ 2026-06-24)
[19:50:55]    새로운 감시 ETF 이익분배금 공시 없음
[19:55:57] 🔍 DART 공시 확인 중... (조회기간: 20260623 ~ 20260624)
[19:55:57]    총 75건의 주요사항보고 조회됨
[19:55:57]    배당 결정 공시 없음
[19:55:58] 🔍 KIND ETF 공시 확인 중... (조회기간: 2026-06-23 ~ 2026-06-24)
[19:55:58]    새로운 감시 ETF 이익분배금 공시 없음
[20:00:59] 🔍 DART 공시 확인 중... (조회기간: 20260623 ~ 20260624)
[20:00:59]    총 75건의 주요사항보고 조회됨
[20:00:59]    배당 결정 공시 없음
[20:01:01] 🔍 KIND ETF 공시 확인 중... (조회기간: 2026-06-23 ~ 2026-06-24)
[20:01:01]    새로운 감시 ETF 이익분배금 공시 없음
[20:06:04] 🔍 DART 공시 확인 중... (조회기간: 20260623 ~ 20260624)
[20:06:04]    총 75건의 주요사항보고 조회됨
[20:06:04]    배당 결정 공시 없음
[20:06:05] 🔍 KIND ETF 공시 확인 중... (조회기간: 2026-06-23 ~ 2026-06-24)
[20:06:05]    새로운 감시 ETF 이익분배금 공시 없음
[20:11:06] 🔍 DART 공시 확인 중... (조회기간: 20260623 ~ 20260624)
[20:11:06]    총 75건의 주요사항보고 조회됨
[20:11:06]    배당 결정 공시 없음
[20:11:07] 🔍 KIND ETF 공시 확인 중... (조회기간: 2026-06-23 ~ 2026-06-24)
[20:11:07]    새로운 감시 ETF 이익분배금 공시 없음
[20:16:08] 🔍 DART 공시 확인 중... (조회기간: 20260623 ~ 20260624)
[20:16:08]    총 75건의 주요사항보고 조회됨
[20:16:08]    배당 결정 공시 없음
[20:16:10] 🔍 KIND ETF 공시 확인 중... (조회기간: 2026-06-23 ~ 2026-06-24)
[20:16:10]    새로운 감시 ETF 이익분배금 공시 없음
[20:21:12] 🔍 DART 공시 확인 중... (조회기간: 20260623 ~ 20260624)
[20:21:12]    총 75건의 주요사항보고 조회됨
[20:21:12]    배당 결정 공시 없음
[20:21:14] 🔍 KIND ETF 공시 확인 중... (조회기간: 2026-06-23 ~ 2026-06-24)
[20:21:14]    새로운 감시 ETF 이익분배금 공시 없음
[20:26:16] 🔍 DART 공시 확인 중... (조회기간: 20260623 ~ 20260624)
[20:26:16]    총 75건의 주요사항보고 조회됨
[20:26:16]    배당 결정 공시 없음
[20:26:17] 🔍 KIND ETF 공시 확인 중... (조회기간: 2026-06-23 ~ 2026-06-24)
[20:26:17]    새로운 감시 ETF 이익분배금 공시 없음
[20:31:19] 🔍 DART 공시 확인 중... (조회기간: 20260623 ~ 20260624)
[20:31:19]    총 75건의 주요사항보고 조회됨
[20:31:19]    배당 결정 공시 없음
[20:31:20] 🔍 KIND ETF 공시 확인 중... (조회기간: 2026-06-23 ~ 2026-06-24)
[20:31:20]    새로운 감시 ETF 이익분배금 공시 없음
[20:36:21] 🔍 DART 공시 확인 중... (조회기간: 20260623 ~ 20260624)
[20:36:21]    총 75건의 주요사항보고 조회됨
[20:36:21]    배당 결정 공시 없음
[20:36:23] 🔍 KIND ETF 공시 확인 중... (조회기간: 2026-06-23 ~ 2026-06-24)
[20:36:23]    새로운 감시 ETF 이익분배금 공시 없음
[20:41:24] 🔍 DART 공시 확인 중... (조회기간: 20260623 ~ 20260624)
[20:41:24]    총 75건의 주요사항보고 조회됨
[20:41:24]    배당 결정 공시 없음
[20:41:25] 🔍 KIND ETF 공시 확인 중... (조회기간: 2026-06-23 ~ 2026-06-24)
[20:41:25]    새로운 감시 ETF 이익분배금 공시 없음
[20:46:26] 🔍 DART 공시 확인 중... (조회기간: 20260623 ~ 20260624)
[20:46:26]    총 75건의 주요사항보고 조회됨
[20:46:26]    배당 결정 공시 없음
[20:46:28] 🔍 KIND ETF 공시 확인 중... (조회기간: 2026-06-23 ~ 2026-06-24)
[20:46:28]    새로운 감시 ETF 이익분배금 공시 없음
[20:51:29] 🔍 DART 공시 확인 중... (조회기간: 20260623 ~ 20260624)
[20:51:29]    총 75건의 주요사항보고 조회됨
[20:51:29]    배당 결정 공시 없음
[20:51:30] 🔍 KIND ETF 공시 확인 중... (조회기간: 2026-06-23 ~ 2026-06-24)
[20:51:30]    새로운 감시 ETF 이익분배금 공시 없음
[20:56:32] 🔍 DART 공시 확인 중... (조회기간: 20260623 ~ 20260624)
[20:56:32]    총 75건의 주요사항보고 조회됨
[20:56:32]    배당 결정 공시 없음
[20:56:33] 🔍 KIND ETF 공시 확인 중... (조회기간: 2026-06-23 ~ 2026-06-24)
[20:56:33]    새로운 감시 ETF 이익분배금 공시 없음
[21:01:35] 🔍 DART 공시 확인 중... (조회기간: 20260623 ~ 20260624)
[21:01:35]    총 75건의 주요사항보고 조회됨
[21:01:35]    배당 결정 공시 없음
[21:01:36] 🔍 KIND ETF 공시 확인 중... (조회기간: 2026-06-23 ~ 2026-06-24)
[21:01:36]    새로운 감시 ETF 이익분배금 공시 없음
[21:06:37] 🔍 DART 공시 확인 중... (조회기간: 20260623 ~ 20260624)
[21:06:37]    총 75건의 주요사항보고 조회됨
[21:06:37]    배당 결정 공시 없음
[21:06:39] 🔍 KIND ETF 공시 확인 중... (조회기간: 2026-06-23 ~ 2026-06-24)
[21:06:39]    새로운 감시 ETF 이익분배금 공시 없음
[21:11:40] 🔍 DART 공시 확인 중... (조회기간: 20260623 ~ 20260624)
[21:11:40]    총 75건의 주요사항보고 조회됨
[21:11:40]    배당 결정 공시 없음
[21:11:41] 🔍 KIND ETF 공시 확인 중... (조회기간: 2026-06-23 ~ 2026-06-24)
[21:11:41]    새로운 감시 ETF 이익분배금 공시 없음
[21:16:42] 🔍 DART 공시 확인 중... (조회기간: 20260623 ~ 20260624)
[21:16:42]    총 75건의 주요사항보고 조회됨
[21:16:42]    배당 결정 공시 없음
[21:16:44] 🔍 KIND ETF 공시 확인 중... (조회기간: 2026-06-23 ~ 2026-06-24)
[21:16:44]    새로운 감시 ETF 이익분배금 공시 없음
[21:21:45] 🔍 DART 공시 확인 중... (조회기간: 20260623 ~ 20260624)
[21:21:45]    총 75건의 주요사항보고 조회됨
[21:21:45]    배당 결정 공시 없음
[21:21:46] 🔍 KIND ETF 공시 확인 중... (조회기간: 2026-06-23 ~ 2026-06-24)
[21:21:46]    새로운 감시 ETF 이익분배금 공시 없음
[21:26:48] 🔍 DART 공시 확인 중... (조회기간: 20260623 ~ 20260624)
[21:26:48]    총 75건의 주요사항보고 조회됨
[21:26:48]    배당 결정 공시 없음
[21:26:49] 🔍 KIND ETF 공시 확인 중... (조회기간: 2026-06-23 ~ 2026-06-24)
[21:26:49]    새로운 감시 ETF 이익분배금 공시 없음
[21:31:50] 🔍 DART 공시 확인 중... (조회기간: 20260623 ~ 20260624)
[21:31:50]    총 75건의 주요사항보고 조회됨
[21:31:50]    배당 결정 공시 없음
[21:31:51] 🔍 KIND ETF 공시 확인 중... (조회기간: 2026-06-23 ~ 2026-06-24)
[21:31:51]    새로운 감시 ETF 이익분배금 공시 없음
[21:36:53] 🔍 DART 공시 확인 중... (조회기간: 20260623 ~ 20260624)
[21:36:53]    총 75건의 주요사항보고 조회됨
[21:36:53]    배당 결정 공시 없음
[21:36:54] 🔍 KIND ETF 공시 확인 중... (조회기간: 2026-06-23 ~ 2026-06-24)
[21:36:54]    새로운 감시 ETF 이익분배금 공시 없음
[21:41:55] 🔍 DART 공시 확인 중... (조회기간: 20260623 ~ 20260624)
[21:41:55]    총 75건의 주요사항보고 조회됨
[21:41:55]    배당 결정 공시 없음
[21:41:56] 🔍 KIND ETF 공시 확인 중... (조회기간: 2026-06-23 ~ 2026-06-24)
[21:41:56]    새로운 감시 ETF 이익분배금 공시 없음
[21:46:57] 🔍 DART 공시 확인 중... (조회기간: 20260623 ~ 20260624)
[21:46:57]    총 75건의 주요사항보고 조회됨
[21:46:57]    배당 결정 공시 없음
[21:46:58] 🔍 KIND ETF 공시 확인 중... (조회기간: 2026-06-23 ~ 2026-06-24)
[21:46:58]    새로운 감시 ETF 이익분배금 공시 없음
[21:52:01] 🔍 DART 공시 확인 중... (조회기간: 20260623 ~ 20260624)
[21:52:01]    총 75건의 주요사항보고 조회됨
[21:52:01]    배당 결정 공시 없음
[21:52:02] 🔍 KIND ETF 공시 확인 중... (조회기간: 2026-06-23 ~ 2026-06-24)
[21:52:02]    새로운 감시 ETF 이익분배금 공시 없음
[21:57:06] 🔍 DART 공시 확인 중... (조회기간: 20260623 ~ 20260624)
[21:57:06]    총 75건의 주요사항보고 조회됨
[21:57:06]    배당 결정 공시 없음
[21:57:06] 🔍 KIND ETF 공시 확인 중... (조회기간: 2026-06-23 ~ 2026-06-24)
[21:57:06]    새로운 감시 ETF 이익분배금 공시 없음
[22:02:07] 🔍 DART 공시 확인 중... (조회기간: 20260623 ~ 20260624)
[22:02:07]    총 75건의 주요사항보고 조회됨
[22:02:07]    배당 결정 공시 없음
[22:02:08] 🔍 KIND ETF 공시 확인 중... (조회기간: 2026-06-23 ~ 2026-06-24)
[22:02:08]    새로운 감시 ETF 이익분배금 공시 없음
[22:07:09] 🔍 DART 공시 확인 중... (조회기간: 20260623 ~ 20260624)
[22:07:09]    총 75건의 주요사항보고 조회됨
[22:07:09]    배당 결정 공시 없음
[22:07:11] 🔍 KIND ETF 공시 확인 중... (조회기간: 2026-06-23 ~ 2026-06-24)
[22:07:11]    새로운 감시 ETF 이익분배금 공시 없음
[22:12:13] 🔍 DART 공시 확인 중... (조회기간: 20260623 ~ 20260624)
[22:12:13]    총 75건의 주요사항보고 조회됨
[22:12:13]    배당 결정 공시 없음
[22:12:15] 🔍 KIND ETF 공시 확인 중... (조회기간: 2026-06-23 ~ 2026-06-24)
[22:12:15]    새로운 감시 ETF 이익분배금 공시 없음
[22:17:16] 🔍 DART 공시 확인 중... (조회기간: 20260623 ~ 20260624)
[22:17:16]    총 75건의 주요사항보고 조회됨
[22:17:16]    배당 결정 공시 없음
[22:17:17] 🔍 KIND ETF 공시 확인 중... (조회기간: 2026-06-23 ~ 2026-06-24)
[22:17:17]    새로운 감시 ETF 이익분배금 공시 없음
[22:22:18] 🔍 DART 공시 확인 중... (조회기간: 20260623 ~ 20260624)
[22:22:18]    총 75건의 주요사항보고 조회됨
[22:22:18]    배당 결정 공시 없음
[22:22:19] 🔍 KIND ETF 공시 확인 중... (조회기간: 2026-06-23 ~ 2026-06-24)
[22:22:19]    새로운 감시 ETF 이익분배금 공시 없음
[22:27:20] 🔍 DART 공시 확인 중... (조회기간: 20260623 ~ 20260624)
[22:27:20]    총 75건의 주요사항보고 조회됨
[22:27:20]    배당 결정 공시 없음
[22:27:22] 🔍 KIND ETF 공시 확인 중... (조회기간: 2026-06-23 ~ 2026-06-24)
[22:27:22]    새로운 감시 ETF 이익분배금 공시 없음
[22:32:23] 🔍 DART 공시 확인 중... (조회기간: 20260623 ~ 20260624)
[22:32:23]    총 75건의 주요사항보고 조회됨
[22:32:23]    배당 결정 공시 없음
[22:32:24] 🔍 KIND ETF 공시 확인 중... (조회기간: 2026-06-23 ~ 2026-06-24)
[22:32:24]    새로운 감시 ETF 이익분배금 공시 없음
[22:37:25] 🔍 DART 공시 확인 중... (조회기간: 20260623 ~ 20260624)
[22:37:25]    총 75건의 주요사항보고 조회됨
[22:37:25]    배당 결정 공시 없음
[22:37:26] 🔍 KIND ETF 공시 확인 중... (조회기간: 2026-06-23 ~ 2026-06-24)
[22:37:26]    새로운 감시 ETF 이익분배금 공시 없음
[22:42:28] 🔍 DART 공시 확인 중... (조회기간: 20260623 ~ 20260624)
[22:42:28]    총 75건의 주요사항보고 조회됨
[22:42:28]    배당 결정 공시 없음
[22:42:28] 🔍 KIND ETF 공시 확인 중... (조회기간: 2026-06-23 ~ 2026-06-24)
[22:42:28]    새로운 감시 ETF 이익분배금 공시 없음
[22:47:29] 🔍 DART 공시 확인 중... (조회기간: 20260623 ~ 20260624)
[22:47:29]    총 75건의 주요사항보고 조회됨
[22:47:29]    배당 결정 공시 없음
[22:47:31] 🔍 KIND ETF 공시 확인 중... (조회기간: 2026-06-23 ~ 2026-06-24)
[22:47:31]    새로운 감시 ETF 이익분배금 공시 없음
[22:52:32] 🔍 DART 공시 확인 중... (조회기간: 20260623 ~ 20260624)
[22:52:32]    총 75건의 주요사항보고 조회됨
[22:52:32]    배당 결정 공시 없음
[22:52:33] 🔍 KIND ETF 공시 확인 중... (조회기간: 2026-06-23 ~ 2026-06-24)
[22:52:33]    새로운 감시 ETF 이익분배금 공시 없음
[22:57:34] 🔍 DART 공시 확인 중... (조회기간: 20260623 ~ 20260624)
[22:57:34]    총 75건의 주요사항보고 조회됨
[22:57:34]    배당 결정 공시 없음
[22:57:35] 🔍 KIND ETF 공시 확인 중... (조회기간: 2026-06-23 ~ 2026-06-24)
[22:57:35]    새로운 감시 ETF 이익분배금 공시 없음
[23:02:36] 🔍 DART 공시 확인 중... (조회기간: 20260623 ~ 20260624)
[23:02:36]    총 75건의 주요사항보고 조회됨
[23:02:36]    배당 결정 공시 없음
[23:02:37] 🔍 KIND ETF 공시 확인 중... (조회기간: 2026-06-23 ~ 2026-06-24)
[23:02:37]    새로운 감시 ETF 이익분배금 공시 없음
[23:07:39] 🔍 DART 공시 확인 중... (조회기간: 20260623 ~ 20260624)
[23:07:39]    총 75건의 주요사항보고 조회됨
[23:07:39]    배당 결정 공시 없음
[23:07:40] 🔍 KIND ETF 공시 확인 중... (조회기간: 2026-06-23 ~ 2026-06-24)
[23:07:40]    새로운 감시 ETF 이익분배금 공시 없음
[23:12:40] 🔍 DART 공시 확인 중... (조회기간: 20260623 ~ 20260624)
[23:12:40]    총 75건의 주요사항보고 조회됨
[23:12:40]    배당 결정 공시 없음
[23:12:42] 🔍 KIND ETF 공시 확인 중... (조회기간: 2026-06-23 ~ 2026-06-24)
[23:12:42]    새로운 감시 ETF 이익분배금 공시 없음
[23:17:42] 🔍 DART 공시 확인 중... (조회기간: 20260623 ~ 20260624)
[23:17:42]    총 75건의 주요사항보고 조회됨
[23:17:42]    배당 결정 공시 없음
[23:17:44] 🔍 KIND ETF 공시 확인 중... (조회기간: 2026-06-23 ~ 2026-06-24)
[23:17:44]    새로운 감시 ETF 이익분배금 공시 없음
[23:22:46] 🔍 DART 공시 확인 중... (조회기간: 20260623 ~ 20260624)
[23:22:46]    총 75건의 주요사항보고 조회됨
[23:22:46]    배당 결정 공시 없음
[23:22:47] 🔍 KIND ETF 공시 확인 중... (조회기간: 2026-06-23 ~ 2026-06-24)
[23:22:47]    새로운 감시 ETF 이익분배금 공시 없음
[23:27:49] 🔍 DART 공시 확인 중... (조회기간: 20260623 ~ 20260624)
[23:27:49]    총 75건의 주요사항보고 조회됨
[23:27:49]    배당 결정 공시 없음
[23:27:50] 🔍 KIND ETF 공시 확인 중... (조회기간: 2026-06-23 ~ 2026-06-24)
[23:27:50]    새로운 감시 ETF 이익분배금 공시 없음
[23:32:51] 🔍 DART 공시 확인 중... (조회기간: 20260623 ~ 20260624)
[23:32:51]    총 75건의 주요사항보고 조회됨
[23:32:51]    배당 결정 공시 없음
[23:32:52] 🔍 KIND ETF 공시 확인 중... (조회기간: 2026-06-23 ~ 2026-06-24)
[23:32:52]    새로운 감시 ETF 이익분배금 공시 없음
[23:37:54] 🔍 DART 공시 확인 중... (조회기간: 20260623 ~ 20260624)
[23:37:54]    총 75건의 주요사항보고 조회됨
[23:37:54]    배당 결정 공시 없음
[23:37:55] 🔍 KIND ETF 공시 확인 중... (조회기간: 2026-06-23 ~ 2026-06-24)
[23:37:55]    새로운 감시 ETF 이익분배금 공시 없음
[23:42:56] 🔍 DART 공시 확인 중... (조회기간: 20260623 ~ 20260624)
[23:42:56]    총 75건의 주요사항보고 조회됨
[23:42:56]    배당 결정 공시 없음
[23:42:57] 🔍 KIND ETF 공시 확인 중... (조회기간: 2026-06-23 ~ 2026-06-24)
[23:42:57]    새로운 감시 ETF 이익분배금 공시 없음
[23:47:58] 🔍 DART 공시 확인 중... (조회기간: 20260623 ~ 20260624)
[23:47:58]    총 75건의 주요사항보고 조회됨
[23:47:58]    배당 결정 공시 없음
[23:48:00] 🔍 KIND ETF 공시 확인 중... (조회기간: 2026-06-23 ~ 2026-06-24)
[23:48:00]    새로운 감시 ETF 이익분배금 공시 없음
[23:53:01] 🔍 DART 공시 확인 중... (조회기간: 20260623 ~ 20260624)
[23:53:01]    총 75건의 주요사항보고 조회됨
[23:53:01]    배당 결정 공시 없음
[23:53:02] 🔍 KIND ETF 공시 확인 중... (조회기간: 2026-06-23 ~ 2026-06-24)
[23:53:02]    새로운 감시 ETF 이익분배금 공시 없음
[23:58:03] 🔍 DART 공시 확인 중... (조회기간: 20260623 ~ 20260624)
[23:58:03]    총 75건의 주요사항보고 조회됨
[23:58:03]    배당 결정 공시 없음
[23:58:05] 🔍 KIND ETF 공시 확인 중... (조회기간: 2026-06-23 ~ 2026-06-24)
[23:58:05]    새로운 감시 ETF 이익분배금 공시 없음
[00:03:06] 🔍 DART 공시 확인 중... (조회기간: 20260624 ~ 20260625)
[00:03:06]    총 44건의 주요사항보고 조회됨
[00:03:06]    배당 결정 공시 없음
[00:03:07] 🔍 KIND ETF 공시 확인 중... (조회기간: 2026-06-24 ~ 2026-06-25)
[00:03:07]    새로운 감시 ETF 이익분배금 공시 없음
[00:08:09] 🔍 DART 공시 확인 중... (조회기간: 20260624 ~ 20260625)
[00:08:09]    총 44건의 주요사항보고 조회됨
[00:08:09]    배당 결정 공시 없음
[00:08:10] 🔍 KIND ETF 공시 확인 중... (조회기간: 2026-06-24 ~ 2026-06-25)
[00:08:10]    새로운 감시 ETF 이익분배금 공시 없음
[00:13:12] 🔍 DART 공시 확인 중... (조회기간: 20260624 ~ 20260625)
[00:13:12]    총 44건의 주요사항보고 조회됨
[00:13:12]    배당 결정 공시 없음
[00:13:14] 🔍 KIND ETF 공시 확인 중... (조회기간: 2026-06-24 ~ 2026-06-25)
[00:13:14]    새로운 감시 ETF 이익분배금 공시 없음
[00:18:15] 🔍 DART 공시 확인 중... (조회기간: 20260624 ~ 20260625)
[00:18:15]    총 44건의 주요사항보고 조회됨
[00:18:15]    배당 결정 공시 없음
[00:18:17] 🔍 KIND ETF 공시 확인 중... (조회기간: 2026-06-24 ~ 2026-06-25)
[00:18:17]    새로운 감시 ETF 이익분배금 공시 없음
[00:23:19] 🔍 DART 공시 확인 중... (조회기간: 20260624 ~ 20260625)
[00:23:19]    총 44건의 주요사항보고 조회됨
[00:23:19]    배당 결정 공시 없음
[00:23:20] 🔍 KIND ETF 공시 확인 중... (조회기간: 2026-06-24 ~ 2026-06-25)
[00:23:20]    새로운 감시 ETF 이익분배금 공시 없음
[00:28:21] 🔍 DART 공시 확인 중... (조회기간: 20260624 ~ 20260625)
[00:28:21]    총 44건의 주요사항보고 조회됨
[00:28:21]    배당 결정 공시 없음
[00:28:22] 🔍 KIND ETF 공시 확인 중... (조회기간: 2026-06-24 ~ 2026-06-25)
[00:28:22]    새로운 감시 ETF 이익분배금 공시 없음
[00:33:23] 🔍 DART 공시 확인 중... (조회기간: 20260624 ~ 20260625)
[00:33:23]    총 44건의 주요사항보고 조회됨
[00:33:23]    배당 결정 공시 없음
[00:33:25] 🔍 KIND ETF 공시 확인 중... (조회기간: 2026-06-24 ~ 2026-06-25)
[00:33:25]    새로운 감시 ETF 이익분배금 공시 없음
[00:38:26] 🔍 DART 공시 확인 중... (조회기간: 20260624 ~ 20260625)
[00:38:26]    총 44건의 주요사항보고 조회됨
[00:38:26]    배당 결정 공시 없음
[00:38:27] 🔍 KIND ETF 공시 확인 중... (조회기간: 2026-06-24 ~ 2026-06-25)
[00:38:27]    새로운 감시 ETF 이익분배금 공시 없음
[00:43:29] 🔍 DART 공시 확인 중... (조회기간: 20260624 ~ 20260625)
[00:43:29]    총 44건의 주요사항보고 조회됨
[00:43:29]    배당 결정 공시 없음
[00:43:30] 🔍 KIND ETF 공시 확인 중... (조회기간: 2026-06-24 ~ 2026-06-25)
[00:43:30]    새로운 감시 ETF 이익분배금 공시 없음
[00:48:32] 🔍 DART 공시 확인 중... (조회기간: 20260624 ~ 20260625)
[00:48:32]    총 44건의 주요사항보고 조회됨
[00:48:32]    배당 결정 공시 없음
[00:48:33] 🔍 KIND ETF 공시 확인 중... (조회기간: 2026-06-24 ~ 2026-06-25)
[00:48:33]    새로운 감시 ETF 이익분배금 공시 없음
[00:53:34] 🔍 DART 공시 확인 중... (조회기간: 20260624 ~ 20260625)
[00:53:34]    총 44건의 주요사항보고 조회됨
[00:53:34]    배당 결정 공시 없음
[00:53:35] 🔍 KIND ETF 공시 확인 중... (조회기간: 2026-06-24 ~ 2026-06-25)
[00:53:35]    새로운 감시 ETF 이익분배금 공시 없음
[00:58:37] 🔍 DART 공시 확인 중... (조회기간: 20260624 ~ 20260625)
[00:58:37]    총 44건의 주요사항보고 조회됨
[00:58:37]    배당 결정 공시 없음
[00:58:38] 🔍 KIND ETF 공시 확인 중... (조회기간: 2026-06-24 ~ 2026-06-25)
[00:58:38]    새로운 감시 ETF 이익분배금 공시 없음
[01:03:39] 🔍 DART 공시 확인 중... (조회기간: 20260624 ~ 20260625)
[01:03:39]    총 44건의 주요사항보고 조회됨
[01:03:39]    배당 결정 공시 없음
[01:03:41] 🔍 KIND ETF 공시 확인 중... (조회기간: 2026-06-24 ~ 2026-06-25)
[01:03:41]    새로운 감시 ETF 이익분배금 공시 없음
[01:08:43] 🔍 DART 공시 확인 중... (조회기간: 20260624 ~ 20260625)
[01:08:43]    총 44건의 주요사항보고 조회됨
[01:08:43]    배당 결정 공시 없음
[01:08:44] 🔍 KIND ETF 공시 확인 중... (조회기간: 2026-06-24 ~ 2026-06-25)
[01:08:44]    새로운 감시 ETF 이익분배금 공시 없음
[01:13:45] 🔍 DART 공시 확인 중... (조회기간: 20260624 ~ 20260625)
[01:13:45]    총 44건의 주요사항보고 조회됨
[01:13:45]    배당 결정 공시 없음
[01:13:47] 🔍 KIND ETF 공시 확인 중... (조회기간: 2026-06-24 ~ 2026-06-25)
[01:13:47]    새로운 감시 ETF 이익분배금 공시 없음
[01:18:48] 🔍 DART 공시 확인 중... (조회기간: 20260624 ~ 20260625)
[01:18:48]    총 44건의 주요사항보고 조회됨
[01:18:48]    배당 결정 공시 없음
[01:18:50] 🔍 KIND ETF 공시 확인 중... (조회기간: 2026-06-24 ~ 2026-06-25)
[01:18:50]    새로운 감시 ETF 이익분배금 공시 없음
[01:23:51] 🔍 DART 공시 확인 중... (조회기간: 20260624 ~ 20260625)
[01:23:51]    총 44건의 주요사항보고 조회됨
[01:23:51]    배당 결정 공시 없음
[01:23:52] 🔍 KIND ETF 공시 확인 중... (조회기간: 2026-06-24 ~ 2026-06-25)
[01:23:52]    새로운 감시 ETF 이익분배금 공시 없음
[01:28:54] 🔍 DART 공시 확인 중... (조회기간: 20260624 ~ 20260625)
[01:28:54]    총 44건의 주요사항보고 조회됨
[01:28:54]    배당 결정 공시 없음
[01:28:55] 🔍 KIND ETF 공시 확인 중... (조회기간: 2026-06-24 ~ 2026-06-25)
[01:28:55]    새로운 감시 ETF 이익분배금 공시 없음
[01:33:56] 🔍 DART 공시 확인 중... (조회기간: 20260624 ~ 20260625)
[01:33:56]    총 44건의 주요사항보고 조회됨
[01:33:56]    배당 결정 공시 없음
[01:33:57] 🔍 KIND ETF 공시 확인 중... (조회기간: 2026-06-24 ~ 2026-06-25)
[01:33:57]    새로운 감시 ETF 이익분배금 공시 없음
[01:38:59] 🔍 DART 공시 확인 중... (조회기간: 20260624 ~ 20260625)
[01:38:59]    총 44건의 주요사항보고 조회됨
[01:38:59]    배당 결정 공시 없음
[01:39:00] 🔍 KIND ETF 공시 확인 중... (조회기간: 2026-06-24 ~ 2026-06-25)
[01:39:00]    새로운 감시 ETF 이익분배금 공시 없음
[01:44:01] 🔍 DART 공시 확인 중... (조회기간: 20260624 ~ 20260625)
[01:44:01]    총 44건의 주요사항보고 조회됨
[01:44:01]    배당 결정 공시 없음
[01:44:03] 🔍 KIND ETF 공시 확인 중... (조회기간: 2026-06-24 ~ 2026-06-25)
[01:44:03]    새로운 감시 ETF 이익분배금 공시 없음
[01:49:05] 🔍 DART 공시 확인 중... (조회기간: 20260624 ~ 20260625)
[01:49:05]    총 44건의 주요사항보고 조회됨
[01:49:05]    배당 결정 공시 없음
[01:49:06] 🔍 KIND ETF 공시 확인 중... (조회기간: 2026-06-24 ~ 2026-06-25)
[01:49:06]    새로운 감시 ETF 이익분배금 공시 없음
[01:54:08] 🔍 DART 공시 확인 중... (조회기간: 20260624 ~ 20260625)
[01:54:08]    총 44건의 주요사항보고 조회됨
[01:54:08]    배당 결정 공시 없음
[01:54:09] 🔍 KIND ETF 공시 확인 중... (조회기간: 2026-06-24 ~ 2026-06-25)
[01:54:09]    새로운 감시 ETF 이익분배금 공시 없음
[01:59:10] 🔍 DART 공시 확인 중... (조회기간: 20260624 ~ 20260625)
[01:59:10]    총 44건의 주요사항보고 조회됨
[01:59:10]    배당 결정 공시 없음
[01:59:11] 🔍 KIND ETF 공시 확인 중... (조회기간: 2026-06-24 ~ 2026-06-25)
[01:59:11]    새로운 감시 ETF 이익분배금 공시 없음
[02:04:13] 🔍 DART 공시 확인 중... (조회기간: 20260624 ~ 20260625)
[02:04:13]    총 44건의 주요사항보고 조회됨
[02:04:13]    배당 결정 공시 없음
[02:04:14] 🔍 KIND ETF 공시 확인 중... (조회기간: 2026-06-24 ~ 2026-06-25)
[02:04:14]    새로운 감시 ETF 이익분배금 공시 없음
[02:09:15] 🔍 DART 공시 확인 중... (조회기간: 20260624 ~ 20260625)
[02:09:15]    총 44건의 주요사항보고 조회됨
[02:09:15]    배당 결정 공시 없음
[02:09:16] 🔍 KIND ETF 공시 확인 중... (조회기간: 2026-06-24 ~ 2026-06-25)
[02:09:16]    새로운 감시 ETF 이익분배금 공시 없음
[02:14:18] 🔍 DART 공시 확인 중... (조회기간: 20260624 ~ 20260625)
[02:14:18]    총 44건의 주요사항보고 조회됨
[02:14:18]    배당 결정 공시 없음
[02:14:19] 🔍 KIND ETF 공시 확인 중... (조회기간: 2026-06-24 ~ 2026-06-25)
[02:14:19]    새로운 감시 ETF 이익분배금 공시 없음
[02:19:20] 🔍 DART 공시 확인 중... (조회기간: 20260624 ~ 20260625)
[02:19:20]    총 44건의 주요사항보고 조회됨
[02:19:20]    배당 결정 공시 없음
[02:19:21] 🔍 KIND ETF 공시 확인 중... (조회기간: 2026-06-24 ~ 2026-06-25)
[02:19:21]    새로운 감시 ETF 이익분배금 공시 없음
[02:24:23] 🔍 DART 공시 확인 중... (조회기간: 20260624 ~ 20260625)
[02:24:23]    총 44건의 주요사항보고 조회됨
[02:24:23]    배당 결정 공시 없음
[02:24:24] 🔍 KIND ETF 공시 확인 중... (조회기간: 2026-06-24 ~ 2026-06-25)
[02:24:24]    새로운 감시 ETF 이익분배금 공시 없음
[02:29:25] 🔍 DART 공시 확인 중... (조회기간: 20260624 ~ 20260625)
[02:29:25]    총 44건의 주요사항보고 조회됨
[02:29:25]    배당 결정 공시 없음
[02:29:26] 🔍 KIND ETF 공시 확인 중... (조회기간: 2026-06-24 ~ 2026-06-25)
[02:29:26]    새로운 감시 ETF 이익분배금 공시 없음
[02:34:27] 🔍 DART 공시 확인 중... (조회기간: 20260624 ~ 20260625)
[02:34:27]    총 44건의 주요사항보고 조회됨
[02:34:27]    배당 결정 공시 없음
[02:34:29] 🔍 KIND ETF 공시 확인 중... (조회기간: 2026-06-24 ~ 2026-06-25)
[02:34:29]    새로운 감시 ETF 이익분배금 공시 없음
[02:39:30] 🔍 DART 공시 확인 중... (조회기간: 20260624 ~ 20260625)
[02:39:30]    총 44건의 주요사항보고 조회됨
[02:39:30]    배당 결정 공시 없음
[02:39:31] 🔍 KIND ETF 공시 확인 중... (조회기간: 2026-06-24 ~ 2026-06-25)
[02:39:31]    새로운 감시 ETF 이익분배금 공시 없음
[02:44:33] 🔍 DART 공시 확인 중... (조회기간: 20260624 ~ 20260625)
[02:44:33]    총 44건의 주요사항보고 조회됨
[02:44:33]    배당 결정 공시 없음
[02:44:34] 🔍 KIND ETF 공시 확인 중... (조회기간: 2026-06-24 ~ 2026-06-25)
[02:44:34]    새로운 감시 ETF 이익분배금 공시 없음
[02:49:35] 🔍 DART 공시 확인 중... (조회기간: 20260624 ~ 20260625)
[02:49:35]    총 44건의 주요사항보고 조회됨
[02:49:35]    배당 결정 공시 없음
[02:49:37] 🔍 KIND ETF 공시 확인 중... (조회기간: 2026-06-24 ~ 2026-06-25)
[02:49:37]    새로운 감시 ETF 이익분배금 공시 없음
[02:54:38] 🔍 DART 공시 확인 중... (조회기간: 20260624 ~ 20260625)
[02:54:38]    총 44건의 주요사항보고 조회됨
[02:54:38]    배당 결정 공시 없음
[02:54:39] 🔍 KIND ETF 공시 확인 중... (조회기간: 2026-06-24 ~ 2026-06-25)
[02:54:39]    새로운 감시 ETF 이익분배금 공시 없음
[02:59:42] 🔍 DART 공시 확인 중... (조회기간: 20260624 ~ 20260625)
[02:59:42]    총 44건의 주요사항보고 조회됨
[02:59:42]    배당 결정 공시 없음
[02:59:43] 🔍 KIND ETF 공시 확인 중... (조회기간: 2026-06-24 ~ 2026-06-25)
[02:59:43]    새로운 감시 ETF 이익분배금 공시 없음
[03:04:44] 🔍 DART 공시 확인 중... (조회기간: 20260624 ~ 20260625)
[03:04:44]    총 44건의 주요사항보고 조회됨
[03:04:44]    배당 결정 공시 없음
[03:04:45] 🔍 KIND ETF 공시 확인 중... (조회기간: 2026-06-24 ~ 2026-06-25)
[03:04:45]    새로운 감시 ETF 이익분배금 공시 없음
[03:09:46] 🔍 DART 공시 확인 중... (조회기간: 20260624 ~ 20260625)
[03:09:46]    총 44건의 주요사항보고 조회됨
[03:09:46]    배당 결정 공시 없음
[03:09:48] 🔍 KIND ETF 공시 확인 중... (조회기간: 2026-06-24 ~ 2026-06-25)
[03:09:48]    새로운 감시 ETF 이익분배금 공시 없음
[03:14:49] 🔍 DART 공시 확인 중... (조회기간: 20260624 ~ 20260625)
[03:14:49]    총 44건의 주요사항보고 조회됨
[03:14:49]    배당 결정 공시 없음
[03:14:50] 🔍 KIND ETF 공시 확인 중... (조회기간: 2026-06-24 ~ 2026-06-25)
[03:14:50]    새로운 감시 ETF 이익분배금 공시 없음
[03:19:51] 🔍 DART 공시 확인 중... (조회기간: 20260624 ~ 20260625)
[03:19:51]    총 44건의 주요사항보고 조회됨
[03:19:51]    배당 결정 공시 없음
[03:19:52] 🔍 KIND ETF 공시 확인 중... (조회기간: 2026-06-24 ~ 2026-06-25)
[03:19:52]    새로운 감시 ETF 이익분배금 공시 없음
[03:24:54] 🔍 DART 공시 확인 중... (조회기간: 20260624 ~ 20260625)
[03:24:54]    총 44건의 주요사항보고 조회됨
[03:24:54]    배당 결정 공시 없음
[03:24:55] 🔍 KIND ETF 공시 확인 중... (조회기간: 2026-06-24 ~ 2026-06-25)
[03:24:55]    새로운 감시 ETF 이익분배금 공시 없음
[03:29:57] 🔍 DART 공시 확인 중... (조회기간: 20260624 ~ 20260625)
[03:29:57]    총 44건의 주요사항보고 조회됨
[03:29:57]    배당 결정 공시 없음
[03:29:58] 🔍 KIND ETF 공시 확인 중... (조회기간: 2026-06-24 ~ 2026-06-25)
[03:29:58]    새로운 감시 ETF 이익분배금 공시 없음
[03:35:01] 🔍 DART 공시 확인 중... (조회기간: 20260624 ~ 20260625)
[03:35:01]    총 44건의 주요사항보고 조회됨
[03:35:01]    배당 결정 공시 없음
[03:35:02] 🔍 KIND ETF 공시 확인 중... (조회기간: 2026-06-24 ~ 2026-06-25)
[03:35:02]    새로운 감시 ETF 이익분배금 공시 없음
[03:40:04] 🔍 DART 공시 확인 중... (조회기간: 20260624 ~ 20260625)
[03:40:04]    총 44건의 주요사항보고 조회됨
[03:40:04]    배당 결정 공시 없음
[03:40:05] 🔍 KIND ETF 공시 확인 중... (조회기간: 2026-06-24 ~ 2026-06-25)
[03:40:05]    새로운 감시 ETF 이익분배금 공시 없음
[03:45:06] 🔍 DART 공시 확인 중... (조회기간: 20260624 ~ 20260625)
[03:45:06]    총 44건의 주요사항보고 조회됨
[03:45:06]    배당 결정 공시 없음
[03:45:08] 🔍 KIND ETF 공시 확인 중... (조회기간: 2026-06-24 ~ 2026-06-25)
[03:45:08]    새로운 감시 ETF 이익분배금 공시 없음
[03:50:09] 🔍 DART 공시 확인 중... (조회기간: 20260624 ~ 20260625)
[03:50:09]    총 44건의 주요사항보고 조회됨
[03:50:09]    배당 결정 공시 없음
[03:50:10] 🔍 KIND ETF 공시 확인 중... (조회기간: 2026-06-24 ~ 2026-06-25)
[03:50:10]    새로운 감시 ETF 이익분배금 공시 없음
[03:55:12] 🔍 DART 공시 확인 중... (조회기간: 20260624 ~ 20260625)
[03:55:12]    총 44건의 주요사항보고 조회됨
[03:55:12]    배당 결정 공시 없음
[03:55:13] 🔍 KIND ETF 공시 확인 중... (조회기간: 2026-06-24 ~ 2026-06-25)
[03:55:13]    새로운 감시 ETF 이익분배금 공시 없음
[04:00:14] 🔍 DART 공시 확인 중... (조회기간: 20260624 ~ 20260625)
[04:00:14]    ❌ DART 공시 확인 중 오류 발생: HTTPSConnectionPool(host='opendart.fss.or.kr', port=443): Max retries exceeded with url: /api/list.json?crtfc_key=5d5117a9ff1056560be51fd992028107689599a2&bgn_de=20260624&end_de=20260625&page_no=1&page_count=100&pblntf_ty=B (Caused by ConnectTimeoutError(<HTTPSConnection(host='opendart.fss.or.kr', port=443) at 0x2002a8e86e0>, 'Connection to opendart.fss.or.kr timed out. (connect timeout=None)'))
[04:00:35] 🔍 KIND ETF 공시 확인 중... (조회기간: 2026-06-24 ~ 2026-06-25)
[04:00:35]    ❌ ETF 공시 조회 중 오류: HTTPSConnectionPool(host='kind.krx.co.kr', port=443): Max retries exceeded with url: /disclosure/disclosurebystocktype.do (Caused by NameResolutionError("HTTPSConnection(host='kind.krx.co.kr', port=443): Failed to resolve 'kind.krx.co.kr' ([Errno 11001] getaddrinfo failed)"))
[04:05:36] 🔍 DART 공시 확인 중... (조회기간: 20260624 ~ 20260625)
[04:05:36]    총 44건의 주요사항보고 조회됨
[04:05:36]    배당 결정 공시 없음
[04:05:37] 🔍 KIND ETF 공시 확인 중... (조회기간: 2026-06-24 ~ 2026-06-25)
[04:05:37]    새로운 감시 ETF 이익분배금 공시 없음
[04:10:39] 🔍 DART 공시 확인 중... (조회기간: 20260624 ~ 20260625)
[04:10:39]    총 44건의 주요사항보고 조회됨
[04:10:39]    배당 결정 공시 없음
[04:10:40] 🔍 KIND ETF 공시 확인 중... (조회기간: 2026-06-24 ~ 2026-06-25)
[04:10:40]    새로운 감시 ETF 이익분배금 공시 없음
[04:15:42] 🔍 DART 공시 확인 중... (조회기간: 20260624 ~ 20260625)
[04:15:42]    총 44건의 주요사항보고 조회됨
[04:15:42]    배당 결정 공시 없음
[04:15:43] 🔍 KIND ETF 공시 확인 중... (조회기간: 2026-06-24 ~ 2026-06-25)
[04:15:43]    새로운 감시 ETF 이익분배금 공시 없음
[04:20:44] 🔍 DART 공시 확인 중... (조회기간: 20260624 ~ 20260625)
[04:20:44]    총 44건의 주요사항보고 조회됨
[04:20:44]    배당 결정 공시 없음
[04:20:46] 🔍 KIND ETF 공시 확인 중... (조회기간: 2026-06-24 ~ 2026-06-25)
[04:20:46]    새로운 감시 ETF 이익분배금 공시 없음
[04:25:47] 🔍 DART 공시 확인 중... (조회기간: 20260624 ~ 20260625)
[04:25:47]    총 44건의 주요사항보고 조회됨
[04:25:47]    배당 결정 공시 없음
[04:25:48] 🔍 KIND ETF 공시 확인 중... (조회기간: 2026-06-24 ~ 2026-06-25)
[04:25:48]    새로운 감시 ETF 이익분배금 공시 없음
[04:30:49] 🔍 DART 공시 확인 중... (조회기간: 20260624 ~ 20260625)
[04:30:49]    총 44건의 주요사항보고 조회됨
[04:30:49]    배당 결정 공시 없음
[04:30:51] 🔍 KIND ETF 공시 확인 중... (조회기간: 2026-06-24 ~ 2026-06-25)
[04:30:51]    새로운 감시 ETF 이익분배금 공시 없음
[04:35:52] 🔍 DART 공시 확인 중... (조회기간: 20260624 ~ 20260625)
[04:35:52]    총 44건의 주요사항보고 조회됨
[04:35:52]    배당 결정 공시 없음
[04:35:53] 🔍 KIND ETF 공시 확인 중... (조회기간: 2026-06-24 ~ 2026-06-25)
[04:35:53]    새로운 감시 ETF 이익분배금 공시 없음
[04:40:55] 🔍 DART 공시 확인 중... (조회기간: 20260624 ~ 20260625)
[04:40:55]    총 44건의 주요사항보고 조회됨
[04:40:55]    배당 결정 공시 없음
[04:40:56] 🔍 KIND ETF 공시 확인 중... (조회기간: 2026-06-24 ~ 2026-06-25)
[04:40:56]    새로운 감시 ETF 이익분배금 공시 없음
[04:45:57] 🔍 DART 공시 확인 중... (조회기간: 20260624 ~ 20260625)
[04:45:57]    총 44건의 주요사항보고 조회됨
[04:45:57]    배당 결정 공시 없음
[04:45:58] 🔍 KIND ETF 공시 확인 중... (조회기간: 2026-06-24 ~ 2026-06-25)
[04:45:58]    새로운 감시 ETF 이익분배금 공시 없음
[04:51:00] 🔍 DART 공시 확인 중... (조회기간: 20260624 ~ 20260625)
[04:51:00]    총 44건의 주요사항보고 조회됨
[04:51:00]    배당 결정 공시 없음
[04:51:01] 🔍 KIND ETF 공시 확인 중... (조회기간: 2026-06-24 ~ 2026-06-25)
[04:51:01]    새로운 감시 ETF 이익분배금 공시 없음
[04:56:03] 🔍 DART 공시 확인 중... (조회기간: 20260624 ~ 20260625)
[04:56:03]    총 44건의 주요사항보고 조회됨
[04:56:03]    배당 결정 공시 없음
[04:56:04] 🔍 KIND ETF 공시 확인 중... (조회기간: 2026-06-24 ~ 2026-06-25)
[04:56:04]    새로운 감시 ETF 이익분배금 공시 없음
[05:01:07] 🔍 DART 공시 확인 중... (조회기간: 20260624 ~ 20260625)
[05:01:07]    총 44건의 주요사항보고 조회됨
[05:01:07]    배당 결정 공시 없음
[05:01:08] 🔍 KIND ETF 공시 확인 중... (조회기간: 2026-06-24 ~ 2026-06-25)
[05:01:08]    새로운 감시 ETF 이익분배금 공시 없음
[05:06:09] 🔍 DART 공시 확인 중... (조회기간: 20260624 ~ 20260625)
[05:06:09]    총 44건의 주요사항보고 조회됨
[05:06:09]    배당 결정 공시 없음
[05:06:10] 🔍 KIND ETF 공시 확인 중... (조회기간: 2026-06-24 ~ 2026-06-25)
[05:06:10]    새로운 감시 ETF 이익분배금 공시 없음
[05:11:11] 🔍 DART 공시 확인 중... (조회기간: 20260624 ~ 20260625)
[05:11:11]    총 44건의 주요사항보고 조회됨
[05:11:11]    배당 결정 공시 없음
[05:11:13] 🔍 KIND ETF 공시 확인 중... (조회기간: 2026-06-24 ~ 2026-06-25)
[05:11:13]    새로운 감시 ETF 이익분배금 공시 없음
[05:16:14] 🔍 DART 공시 확인 중... (조회기간: 20260624 ~ 20260625)
[05:16:14]    총 44건의 주요사항보고 조회됨
[05:16:14]    배당 결정 공시 없음
[05:16:16] 🔍 KIND ETF 공시 확인 중... (조회기간: 2026-06-24 ~ 2026-06-25)
[05:16:16]    새로운 감시 ETF 이익분배금 공시 없음
[05:21:17] 🔍 DART 공시 확인 중... (조회기간: 20260624 ~ 20260625)
[05:21:17]    총 44건의 주요사항보고 조회됨
[05:21:17]    배당 결정 공시 없음
[05:21:18] 🔍 KIND ETF 공시 확인 중... (조회기간: 2026-06-24 ~ 2026-06-25)
[05:21:18]    새로운 감시 ETF 이익분배금 공시 없음
[05:26:19] 🔍 DART 공시 확인 중... (조회기간: 20260624 ~ 20260625)
[05:26:19]    총 44건의 주요사항보고 조회됨
[05:26:19]    배당 결정 공시 없음
[05:26:20] 🔍 KIND ETF 공시 확인 중... (조회기간: 2026-06-24 ~ 2026-06-25)
[05:26:20]    새로운 감시 ETF 이익분배금 공시 없음
[05:31:22] 🔍 DART 공시 확인 중... (조회기간: 20260624 ~ 20260625)
[05:31:22]    총 44건의 주요사항보고 조회됨
[05:31:22]    배당 결정 공시 없음
[05:31:23] 🔍 KIND ETF 공시 확인 중... (조회기간: 2026-06-24 ~ 2026-06-25)
[05:31:23]    새로운 감시 ETF 이익분배금 공시 없음
[05:36:24] 🔍 DART 공시 확인 중... (조회기간: 20260624 ~ 20260625)
[05:36:24]    총 44건의 주요사항보고 조회됨
[05:36:24]    배당 결정 공시 없음
[05:36:25] 🔍 KIND ETF 공시 확인 중... (조회기간: 2026-06-24 ~ 2026-06-25)
[05:36:25]    새로운 감시 ETF 이익분배금 공시 없음
[05:41:27] 🔍 DART 공시 확인 중... (조회기간: 20260624 ~ 20260625)
[05:41:27]    총 44건의 주요사항보고 조회됨
[05:41:27]    배당 결정 공시 없음
[05:41:28] 🔍 KIND ETF 공시 확인 중... (조회기간: 2026-06-24 ~ 2026-06-25)
[05:41:28]    새로운 감시 ETF 이익분배금 공시 없음
[05:46:29] 🔍 DART 공시 확인 중... (조회기간: 20260624 ~ 20260625)
[05:46:29]    총 44건의 주요사항보고 조회됨
[05:46:29]    배당 결정 공시 없음
[05:46:31] 🔍 KIND ETF 공시 확인 중... (조회기간: 2026-06-24 ~ 2026-06-25)
[05:46:31]    새로운 감시 ETF 이익분배금 공시 없음
[05:51:32] 🔍 DART 공시 확인 중... (조회기간: 20260624 ~ 20260625)
[05:51:32]    총 44건의 주요사항보고 조회됨
[05:51:32]    배당 결정 공시 없음
[05:51:33] 🔍 KIND ETF 공시 확인 중... (조회기간: 2026-06-24 ~ 2026-06-25)
[05:51:33]    새로운 감시 ETF 이익분배금 공시 없음
[05:56:36] 🔍 DART 공시 확인 중... (조회기간: 20260624 ~ 20260625)
[05:56:36]    총 44건의 주요사항보고 조회됨
[05:56:36]    배당 결정 공시 없음
[05:56:37] 🔍 KIND ETF 공시 확인 중... (조회기간: 2026-06-24 ~ 2026-06-25)
[05:56:37]    새로운 감시 ETF 이익분배금 공시 없음
[06:01:38] 🔍 DART 공시 확인 중... (조회기간: 20260624 ~ 20260625)
[06:01:38]    총 44건의 주요사항보고 조회됨
[06:01:38]    배당 결정 공시 없음
[06:01:40] 🔍 KIND ETF 공시 확인 중... (조회기간: 2026-06-24 ~ 2026-06-25)
[06:01:40]    새로운 감시 ETF 이익분배금 공시 없음
[06:06:41] 🔍 DART 공시 확인 중... (조회기간: 20260624 ~ 20260625)
[06:06:41]    총 44건의 주요사항보고 조회됨
[06:06:41]    배당 결정 공시 없음
[06:06:42] 🔍 KIND ETF 공시 확인 중... (조회기간: 2026-06-24 ~ 2026-06-25)
[06:06:42]    새로운 감시 ETF 이익분배금 공시 없음
[06:11:43] 🔍 DART 공시 확인 중... (조회기간: 20260624 ~ 20260625)
[06:11:43]    총 44건의 주요사항보고 조회됨
[06:11:43]    배당 결정 공시 없음
[06:11:44] 🔍 KIND ETF 공시 확인 중... (조회기간: 2026-06-24 ~ 2026-06-25)
[06:11:44]    새로운 감시 ETF 이익분배금 공시 없음
[06:16:48] 🔍 DART 공시 확인 중... (조회기간: 20260624 ~ 20260625)
[06:16:48]    총 44건의 주요사항보고 조회됨
[06:16:48]    배당 결정 공시 없음
[06:16:49] 🔍 KIND ETF 공시 확인 중... (조회기간: 2026-06-24 ~ 2026-06-25)
[06:16:49]    새로운 감시 ETF 이익분배금 공시 없음
[06:21:50] 🔍 DART 공시 확인 중... (조회기간: 20260624 ~ 20260625)
[06:21:50]    총 44건의 주요사항보고 조회됨
[06:21:50]    배당 결정 공시 없음
[06:21:51] 🔍 KIND ETF 공시 확인 중... (조회기간: 2026-06-24 ~ 2026-06-25)
[06:21:51]    새로운 감시 ETF 이익분배금 공시 없음
[06:26:53] 🔍 DART 공시 확인 중... (조회기간: 20260624 ~ 20260625)
[06:26:53]    총 44건의 주요사항보고 조회됨
[06:26:53]    배당 결정 공시 없음
[06:26:54] 🔍 KIND ETF 공시 확인 중... (조회기간: 2026-06-24 ~ 2026-06-25)
[06:26:54]    새로운 감시 ETF 이익분배금 공시 없음
[06:31:55] 🔍 DART 공시 확인 중... (조회기간: 20260624 ~ 20260625)
[06:31:55]    총 44건의 주요사항보고 조회됨
[06:31:55]    배당 결정 공시 없음
[06:31:56] 🔍 KIND ETF 공시 확인 중... (조회기간: 2026-06-24 ~ 2026-06-25)
[06:31:56]    새로운 감시 ETF 이익분배금 공시 없음
[06:36:58] 🔍 DART 공시 확인 중... (조회기간: 20260624 ~ 20260625)
[06:36:58]    총 44건의 주요사항보고 조회됨
[06:36:58]    배당 결정 공시 없음
[06:36:59] 🔍 KIND ETF 공시 확인 중... (조회기간: 2026-06-24 ~ 2026-06-25)
[06:36:59]    새로운 감시 ETF 이익분배금 공시 없음
[06:42:01] 🔍 DART 공시 확인 중... (조회기간: 20260624 ~ 20260625)
[06:42:01]    총 44건의 주요사항보고 조회됨
[06:42:01]    배당 결정 공시 없음
[06:42:02] 🔍 KIND ETF 공시 확인 중... (조회기간: 2026-06-24 ~ 2026-06-25)
[06:42:02]    새로운 감시 ETF 이익분배금 공시 없음
[06:47:03] 🔍 DART 공시 확인 중... (조회기간: 20260624 ~ 20260625)
[06:47:03]    총 44건의 주요사항보고 조회됨
[06:47:03]    배당 결정 공시 없음
[06:47:04] 🔍 KIND ETF 공시 확인 중... (조회기간: 2026-06-24 ~ 2026-06-25)
[06:47:04]    새로운 감시 ETF 이익분배금 공시 없음
[06:52:06] 🔍 DART 공시 확인 중... (조회기간: 20260624 ~ 20260625)
[06:52:06]    총 44건의 주요사항보고 조회됨
[06:52:06]    배당 결정 공시 없음
[06:52:07] 🔍 KIND ETF 공시 확인 중... (조회기간: 2026-06-24 ~ 2026-06-25)
[06:52:07]    새로운 감시 ETF 이익분배금 공시 없음
[06:57:08] 🔍 DART 공시 확인 중... (조회기간: 20260624 ~ 20260625)
[06:57:08]    총 44건의 주요사항보고 조회됨
[06:57:08]    배당 결정 공시 없음
[06:57:10] 🔍 KIND ETF 공시 확인 중... (조회기간: 2026-06-24 ~ 2026-06-25)
[06:57:10]    새로운 감시 ETF 이익분배금 공시 없음
[07:02:11] 🔍 DART 공시 확인 중... (조회기간: 20260624 ~ 20260625)
[07:02:11]    총 44건의 주요사항보고 조회됨
[07:02:11]    배당 결정 공시 없음
[07:02:14] 🔍 KIND ETF 공시 확인 중... (조회기간: 2026-06-24 ~ 2026-06-25)
[07:02:14]    새로운 감시 ETF 이익분배금 공시 없음
[07:07:17] 🔍 DART 공시 확인 중... (조회기간: 20260624 ~ 20260625)
[07:07:17]    총 44건의 주요사항보고 조회됨
[07:07:17]    배당 결정 공시 없음
[07:07:18] 🔍 KIND ETF 공시 확인 중... (조회기간: 2026-06-24 ~ 2026-06-25)
[07:07:18]    새로운 감시 ETF 이익분배금 공시 없음
[07:12:19] 🔍 DART 공시 확인 중... (조회기간: 20260624 ~ 20260625)
[07:12:19]    총 44건의 주요사항보고 조회됨
[07:12:19]    배당 결정 공시 없음
[07:12:20] 🔍 KIND ETF 공시 확인 중... (조회기간: 2026-06-24 ~ 2026-06-25)
[07:12:20]    새로운 감시 ETF 이익분배금 공시 없음
[07:17:21] 🔍 DART 공시 확인 중... (조회기간: 20260624 ~ 20260625)
[07:17:21]    총 44건의 주요사항보고 조회됨
[07:17:21]    배당 결정 공시 없음
[07:17:22] 🔍 KIND ETF 공시 확인 중... (조회기간: 2026-06-24 ~ 2026-06-25)
[07:17:22]    새로운 감시 ETF 이익분배금 공시 없음
[07:22:25] 🔍 DART 공시 확인 중... (조회기간: 20260624 ~ 20260625)
[07:22:25]    총 44건의 주요사항보고 조회됨
[07:22:25]    배당 결정 공시 없음
[07:22:25] 🔍 KIND ETF 공시 확인 중... (조회기간: 2026-06-24 ~ 2026-06-25)
[07:22:25]    새로운 감시 ETF 이익분배금 공시 없음
[07:27:26] 🔍 DART 공시 확인 중... (조회기간: 20260624 ~ 20260625)
[07:27:26]    총 44건의 주요사항보고 조회됨
[07:27:26]    배당 결정 공시 없음
[07:27:27] 🔍 KIND ETF 공시 확인 중... (조회기간: 2026-06-24 ~ 2026-06-25)
[07:27:27]    새로운 감시 ETF 이익분배금 공시 없음
[07:32:28] 🔍 DART 공시 확인 중... (조회기간: 20260624 ~ 20260625)
[07:32:28]    총 44건의 주요사항보고 조회됨
[07:32:28]    배당 결정 공시 없음
[07:32:28] 🔍 KIND ETF 공시 확인 중... (조회기간: 2026-06-24 ~ 2026-06-25)
[07:32:28]    새로운 감시 ETF 이익분배금 공시 없음
[07:37:29] 🔍 DART 공시 확인 중... (조회기간: 20260624 ~ 20260625)
[07:37:29]    총 44건의 주요사항보고 조회됨
[07:37:29]    배당 결정 공시 없음
[07:37:30] 🔍 KIND ETF 공시 확인 중... (조회기간: 2026-06-24 ~ 2026-06-25)
[07:37:30]    새로운 감시 ETF 이익분배금 공시 없음
[07:42:30] 🔍 DART 공시 확인 중... (조회기간: 20260624 ~ 20260625)
[07:42:30]    총 44건의 주요사항보고 조회됨
[07:42:30]    배당 결정 공시 없음
[07:42:31] 🔍 KIND ETF 공시 확인 중... (조회기간: 2026-06-24 ~ 2026-06-25)
[07:42:31]    새로운 감시 ETF 이익분배금 공시 없음
[07:47:32] 🔍 DART 공시 확인 중... (조회기간: 20260624 ~ 20260625)
[07:47:32]    총 46건의 주요사항보고 조회됨
[07:47:32]    배당 결정 공시 없음
[07:47:33] 🔍 KIND ETF 공시 확인 중... (조회기간: 2026-06-24 ~ 2026-06-25)
[07:47:33]    새로운 감시 ETF 이익분배금 공시 없음
[07:52:33] 🔍 DART 공시 확인 중... (조회기간: 20260624 ~ 20260625)
[07:52:33]    총 46건의 주요사항보고 조회됨
[07:52:33]    배당 결정 공시 없음
[07:52:34] 🔍 KIND ETF 공시 확인 중... (조회기간: 2026-06-24 ~ 2026-06-25)
[07:52:34]    새로운 감시 ETF 이익분배금 공시 없음
[07:57:35] 🔍 DART 공시 확인 중... (조회기간: 20260624 ~ 20260625)
[07:57:35]    총 46건의 주요사항보고 조회됨
[07:57:35]    배당 결정 공시 없음
[07:57:35] 🔍 KIND ETF 공시 확인 중... (조회기간: 2026-06-24 ~ 2026-06-25)
[07:57:35]    새로운 감시 ETF 이익분배금 공시 없음
[08:02:36] 🔍 DART 공시 확인 중... (조회기간: 20260624 ~ 20260625)
[08:02:36]    총 46건의 주요사항보고 조회됨
[08:02:36]    배당 결정 공시 없음
[08:02:37] 🔍 KIND ETF 공시 확인 중... (조회기간: 2026-06-24 ~ 2026-06-25)
[08:02:37]    새로운 감시 ETF 이익분배금 공시 없음
[08:07:38] 🔍 DART 공시 확인 중... (조회기간: 20260624 ~ 20260625)
[08:07:38]    총 46건의 주요사항보고 조회됨
[08:07:38]    배당 결정 공시 없음
[08:07:38] 🔍 KIND ETF 공시 확인 중... (조회기간: 2026-06-24 ~ 2026-06-25)
[08:07:38]    새로운 감시 ETF 이익분배금 공시 없음
[08:12:39] 🔍 DART 공시 확인 중... (조회기간: 20260624 ~ 20260625)
[08:12:39]    총 46건의 주요사항보고 조회됨
[08:12:39]    배당 결정 공시 없음
[08:12:40] 🔍 KIND ETF 공시 확인 중... (조회기간: 2026-06-24 ~ 2026-06-25)
[08:12:40]    새로운 감시 ETF 이익분배금 공시 없음
[08:17:41] 🔍 DART 공시 확인 중... (조회기간: 20260624 ~ 20260625)
[08:17:41]    총 46건의 주요사항보고 조회됨
[08:17:41]    배당 결정 공시 없음
[08:17:41] 🔍 KIND ETF 공시 확인 중... (조회기간: 2026-06-24 ~ 2026-06-25)
[08:17:41]    새로운 감시 ETF 이익분배금 공시 없음
[08:22:42] 🔍 DART 공시 확인 중... (조회기간: 20260624 ~ 20260625)
[08:22:42]    총 46건의 주요사항보고 조회됨
[08:22:42]    배당 결정 공시 없음
[08:22:43] 🔍 KIND ETF 공시 확인 중... (조회기간: 2026-06-24 ~ 2026-06-25)
[08:22:43]    새로운 감시 ETF 이익분배금 공시 없음
[08:27:44] 🔍 DART 공시 확인 중... (조회기간: 20260624 ~ 20260625)
[08:27:44]    총 46건의 주요사항보고 조회됨
[08:27:44]    배당 결정 공시 없음
[08:27:45] 🔍 KIND ETF 공시 확인 중... (조회기간: 2026-06-24 ~ 2026-06-25)
[08:27:45]    새로운 감시 ETF 이익분배금 공시 없음
[08:32:46] 🔍 DART 공시 확인 중... (조회기간: 20260624 ~ 20260625)
[08:32:46]    총 46건의 주요사항보고 조회됨
[08:32:46]    배당 결정 공시 없음
[08:32:47] 🔍 KIND ETF 공시 확인 중... (조회기간: 2026-06-24 ~ 2026-06-25)
[08:32:47]    새로운 감시 ETF 이익분배금 공시 없음
[08:37:48] 🔍 DART 공시 확인 중... (조회기간: 20260624 ~ 20260625)
[08:37:48]    총 46건의 주요사항보고 조회됨
[08:37:48]    배당 결정 공시 없음
[08:37:48] 🔍 KIND ETF 공시 확인 중... (조회기간: 2026-06-24 ~ 2026-06-25)
[08:37:48]    새로운 감시 ETF 이익분배금 공시 없음
[08:42:49] 🔍 DART 공시 확인 중... (조회기간: 20260624 ~ 20260625)
[08:42:49]    총 46건의 주요사항보고 조회됨
[08:42:49]    배당 결정 공시 없음
[08:42:50] 🔍 KIND ETF 공시 확인 중... (조회기간: 2026-06-24 ~ 2026-06-25)
[08:42:50]    새로운 감시 ETF 이익분배금 공시 없음
[08:42:51] ⏰ 아침 배당기준일 리마인드 스케줄러 기동 중...
[08:42:51] ⏰ 리마인드 스케줄러 점검 완료.
[08:47:51] 🔍 DART 공시 확인 중... (조회기간: 20260624 ~ 20260625)
[08:47:51]    총 46건의 주요사항보고 조회됨
[08:47:51]    배당 결정 공시 없음
[08:47:51] 🔍 KIND ETF 공시 확인 중... (조회기간: 2026-06-24 ~ 2026-06-25)
[08:47:51]    새로운 감시 ETF 이익분배금 공시 없음
[08:52:52] 🔍 DART 공시 확인 중... (조회기간: 20260624 ~ 20260625)
[08:52:52]    총 46건의 주요사항보고 조회됨
[08:52:52]    배당 결정 공시 없음
[08:52:53] 🔍 KIND ETF 공시 확인 중... (조회기간: 2026-06-24 ~ 2026-06-25)
[08:52:53]    새로운 감시 ETF 이익분배금 공시 없음
[08:57:54] 🔍 DART 공시 확인 중... (조회기간: 20260624 ~ 20260625)
[08:57:54]    총 46건의 주요사항보고 조회됨
[08:57:54]    배당 결정 공시 없음
[08:57:54] 🔍 KIND ETF 공시 확인 중... (조회기간: 2026-06-24 ~ 2026-06-25)
[08:57:54]    새로운 감시 ETF 이익분배금 공시 없음
[09:02:55] 🔍 DART 공시 확인 중... (조회기간: 20260624 ~ 20260625)
[09:02:55]    총 46건의 주요사항보고 조회됨
[09:02:55]    배당 결정 공시 없음
[09:02:56] 🔍 KIND ETF 공시 확인 중... (조회기간: 2026-06-24 ~ 2026-06-25)
[09:02:56]    새로운 감시 ETF 이익분배금 공시 없음
[09:07:57] 🔍 DART 공시 확인 중... (조회기간: 20260624 ~ 20260625)
[09:07:57]    총 46건의 주요사항보고 조회됨
[09:07:57]    배당 결정 공시 없음
[09:07:57] 🔍 KIND ETF 공시 확인 중... (조회기간: 2026-06-24 ~ 2026-06-25)
[09:07:57]    새로운 감시 ETF 이익분배금 공시 없음
[09:12:58] 🔍 DART 공시 확인 중... (조회기간: 20260624 ~ 20260625)
[09:12:58]    총 46건의 주요사항보고 조회됨
[09:12:58]    배당 결정 공시 없음
[09:12:59] 🔍 KIND ETF 공시 확인 중... (조회기간: 2026-06-24 ~ 2026-06-25)
[09:12:59]    새로운 감시 ETF 이익분배금 공시 없음
[09:18:00] 🔍 DART 공시 확인 중... (조회기간: 20260624 ~ 20260625)
[09:18:00]    총 46건의 주요사항보고 조회됨
[09:18:00]    배당 결정 공시 없음
[09:18:01] 🔍 KIND ETF 공시 확인 중... (조회기간: 2026-06-24 ~ 2026-06-25)
[09:18:01]    새로운 감시 ETF 이익분배금 공시 없음
[09:23:01] 🔍 DART 공시 확인 중... (조회기간: 20260624 ~ 20260625)
[09:23:01]    총 46건의 주요사항보고 조회됨
[09:23:01]    배당 결정 공시 없음
[09:23:02] 🔍 KIND ETF 공시 확인 중... (조회기간: 2026-06-24 ~ 2026-06-25)
[09:23:02]    새로운 감시 ETF 이익분배금 공시 없음
[09:28:03] 🔍 DART 공시 확인 중... (조회기간: 20260624 ~ 20260625)
[09:28:03]    총 46건의 주요사항보고 조회됨
[09:28:03]    배당 결정 공시 없음
[09:28:04] 🔍 KIND ETF 공시 확인 중... (조회기간: 2026-06-24 ~ 2026-06-25)
[09:28:04]    새로운 감시 ETF 이익분배금 공시 없음
[09:33:04] 🔍 DART 공시 확인 중... (조회기간: 20260624 ~ 20260625)
[09:33:04]    총 46건의 주요사항보고 조회됨
[09:33:04]    배당 결정 공시 없음
[09:33:05] 🔍 KIND ETF 공시 확인 중... (조회기간: 2026-06-24 ~ 2026-06-25)
[09:33:05]    새로운 감시 ETF 이익분배금 공시 없음
[09:38:06] 🔍 DART 공시 확인 중... (조회기간: 20260624 ~ 20260625)
[09:38:06]    총 46건의 주요사항보고 조회됨
[09:38:06]    배당 결정 공시 없음
[09:38:07] 🔍 KIND ETF 공시 확인 중... (조회기간: 2026-06-24 ~ 2026-06-25)
[09:38:07]    새로운 감시 ETF 이익분배금 공시 없음
[09:43:07] 🔍 DART 공시 확인 중... (조회기간: 20260624 ~ 20260625)
[09:43:07]    총 46건의 주요사항보고 조회됨
[09:43:07]    배당 결정 공시 없음
[09:43:08] 🔍 KIND ETF 공시 확인 중... (조회기간: 2026-06-24 ~ 2026-06-25)
[09:43:08]    새로운 감시 ETF 이익분배금 공시 없음
[09:48:09] 🔍 DART 공시 확인 중... (조회기간: 20260624 ~ 20260625)
[09:48:09]    총 46건의 주요사항보고 조회됨
[09:48:09]    배당 결정 공시 없음
[09:48:10] 🔍 KIND ETF 공시 확인 중... (조회기간: 2026-06-24 ~ 2026-06-25)
[09:48:10]    새로운 감시 ETF 이익분배금 공시 없음
[09:53:11] 🔍 DART 공시 확인 중... (조회기간: 20260624 ~ 20260625)
[09:53:11]    총 46건의 주요사항보고 조회됨
[09:53:11]    배당 결정 공시 없음
[09:53:12] 🔍 KIND ETF 공시 확인 중... (조회기간: 2026-06-24 ~ 2026-06-25)
[09:53:12]    새로운 감시 ETF 이익분배금 공시 없음
[09:58:12] 🔍 DART 공시 확인 중... (조회기간: 20260624 ~ 20260625)
[09:58:12]    총 46건의 주요사항보고 조회됨
[09:58:12]    배당 결정 공시 없음
[09:58:13] 🔍 KIND ETF 공시 확인 중... (조회기간: 2026-06-24 ~ 2026-06-25)
[09:58:13]    새로운 감시 ETF 이익분배금 공시 없음
[10:03:14] 🔍 DART 공시 확인 중... (조회기간: 20260624 ~ 20260625)
[10:03:14]    총 46건의 주요사항보고 조회됨
[10:03:14]    배당 결정 공시 없음
[10:03:15] 🔍 KIND ETF 공시 확인 중... (조회기간: 2026-06-24 ~ 2026-06-25)
[10:03:15]    새로운 감시 ETF 이익분배금 공시 없음
[10:08:15] 🔍 DART 공시 확인 중... (조회기간: 20260624 ~ 20260625)
[10:08:15]    총 46건의 주요사항보고 조회됨
[10:08:15]    배당 결정 공시 없음
[10:08:16] 🔍 KIND ETF 공시 확인 중... (조회기간: 2026-06-24 ~ 2026-06-25)
[10:08:16]    새로운 감시 ETF 이익분배금 공시 없음
[10:13:17] 🔍 DART 공시 확인 중... (조회기간: 20260624 ~ 20260625)
[10:13:17]    총 47건의 주요사항보고 조회됨
[10:13:17]    배당 결정 공시 없음
[10:13:18] 🔍 KIND ETF 공시 확인 중... (조회기간: 2026-06-24 ~ 2026-06-25)
[10:13:18]    새로운 감시 ETF 이익분배금 공시 없음
[10:18:18] 🔍 DART 공시 확인 중... (조회기간: 20260624 ~ 20260625)
[10:18:18]    총 47건의 주요사항보고 조회됨
[10:18:18]    배당 결정 공시 없음
[10:18:19] 🔍 KIND ETF 공시 확인 중... (조회기간: 2026-06-24 ~ 2026-06-25)
[10:18:19]    새로운 감시 ETF 이익분배금 공시 없음
[10:23:20] 🔍 DART 공시 확인 중... (조회기간: 20260624 ~ 20260625)
[10:23:20]    총 47건의 주요사항보고 조회됨
[10:23:20]    배당 결정 공시 없음
[10:23:21] 🔍 KIND ETF 공시 확인 중... (조회기간: 2026-06-24 ~ 2026-06-25)
[10:23:21]    새로운 감시 ETF 이익분배금 공시 없음
[10:28:21] 🔍 DART 공시 확인 중... (조회기간: 20260624 ~ 20260625)
[10:28:21]    총 47건의 주요사항보고 조회됨
[10:28:21]    배당 결정 공시 없음
[10:28:22] 🔍 KIND ETF 공시 확인 중... (조회기간: 2026-06-24 ~ 2026-06-25)
[10:28:22]    새로운 감시 ETF 이익분배금 공시 없음
[10:33:23] 🔍 DART 공시 확인 중... (조회기간: 20260624 ~ 20260625)
[10:33:23]    총 47건의 주요사항보고 조회됨
[10:33:23]    배당 결정 공시 없음
[10:33:24] 🔍 KIND ETF 공시 확인 중... (조회기간: 2026-06-24 ~ 2026-06-25)
[10:33:24]    새로운 감시 ETF 이익분배금 공시 없음
[10:38:25] 🔍 DART 공시 확인 중... (조회기간: 20260624 ~ 20260625)
[10:38:25]    총 47건의 주요사항보고 조회됨
[10:38:25]    배당 결정 공시 없음
[10:38:25] 🔍 KIND ETF 공시 확인 중... (조회기간: 2026-06-24 ~ 2026-06-25)
[10:38:25]    새로운 감시 ETF 이익분배금 공시 없음
[10:43:26] 🔍 DART 공시 확인 중... (조회기간: 20260624 ~ 20260625)
[10:43:26]    총 47건의 주요사항보고 조회됨
[10:43:26]    배당 결정 공시 없음
[10:43:27] 🔍 KIND ETF 공시 확인 중... (조회기간: 2026-06-24 ~ 2026-06-25)
[10:43:27]    새로운 감시 ETF 이익분배금 공시 없음
[10:48:27] 🔍 DART 공시 확인 중... (조회기간: 20260624 ~ 20260625)
[10:48:27]    총 47건의 주요사항보고 조회됨
[10:48:27]    배당 결정 공시 없음
[10:48:28] 🔍 KIND ETF 공시 확인 중... (조회기간: 2026-06-24 ~ 2026-06-25)
[10:48:28]    새로운 감시 ETF 이익분배금 공시 없음
[10:53:29] 🔍 DART 공시 확인 중... (조회기간: 20260624 ~ 20260625)
[10:53:29]    총 47건의 주요사항보고 조회됨
[10:53:29]    배당 결정 공시 없음
[10:53:30] 🔍 KIND ETF 공시 확인 중... (조회기간: 2026-06-24 ~ 2026-06-25)
[10:53:30]    새로운 감시 ETF 이익분배금 공시 없음
[10:58:30] 🔍 DART 공시 확인 중... (조회기간: 20260624 ~ 20260625)
[10:58:30]    총 47건의 주요사항보고 조회됨
[10:58:30]    배당 결정 공시 없음
[10:58:31] 🔍 KIND ETF 공시 확인 중... (조회기간: 2026-06-24 ~ 2026-06-25)
[10:58:31]    새로운 감시 ETF 이익분배금 공시 없음
[11:03:32] 🔍 DART 공시 확인 중... (조회기간: 20260624 ~ 20260625)
[11:03:32]    총 47건의 주요사항보고 조회됨
[11:03:32]    배당 결정 공시 없음
[11:03:33] 🔍 KIND ETF 공시 확인 중... (조회기간: 2026-06-24 ~ 2026-06-25)
[11:03:33]    새로운 감시 ETF 이익분배금 공시 없음
[11:08:33] 🔍 DART 공시 확인 중... (조회기간: 20260624 ~ 20260625)
[11:08:33]    총 47건의 주요사항보고 조회됨
[11:08:33]    배당 결정 공시 없음
[11:08:34] 🔍 KIND ETF 공시 확인 중... (조회기간: 2026-06-24 ~ 2026-06-25)
[11:08:34]    새로운 감시 ETF 이익분배금 공시 없음
[11:13:35] 🔍 DART 공시 확인 중... (조회기간: 20260624 ~ 20260625)
[11:13:35]    총 47건의 주요사항보고 조회됨
[11:13:35]    배당 결정 공시 없음
[11:13:36] 🔍 KIND ETF 공시 확인 중... (조회기간: 2026-06-24 ~ 2026-06-25)
[11:13:36]    새로운 감시 ETF 이익분배금 공시 없음
[11:18:37] 🔍 DART 공시 확인 중... (조회기간: 20260624 ~ 20260625)
[11:18:37]    총 47건의 주요사항보고 조회됨
[11:18:37]    배당 결정 공시 없음
[11:18:37] 🔍 KIND ETF 공시 확인 중... (조회기간: 2026-06-24 ~ 2026-06-25)
[11:18:37]    새로운 감시 ETF 이익분배금 공시 없음
[11:23:38] 🔍 DART 공시 확인 중... (조회기간: 20260624 ~ 20260625)
[11:23:38]    총 47건의 주요사항보고 조회됨
[11:23:38]    배당 결정 공시 없음
[11:23:39] 🔍 KIND ETF 공시 확인 중... (조회기간: 2026-06-24 ~ 2026-06-25)
[11:23:39]    새로운 감시 ETF 이익분배금 공시 없음
[11:28:40] 🔍 DART 공시 확인 중... (조회기간: 20260624 ~ 20260625)
[11:28:40]    총 47건의 주요사항보고 조회됨
[11:28:40]    배당 결정 공시 없음
[11:28:40] 🔍 KIND ETF 공시 확인 중... (조회기간: 2026-06-24 ~ 2026-06-25)
[11:28:40]    새로운 감시 ETF 이익분배금 공시 없음
[11:33:41] 🔍 DART 공시 확인 중... (조회기간: 20260624 ~ 20260625)
[11:33:41]    총 48건의 주요사항보고 조회됨
[11:33:41]    배당 결정 공시 없음
[11:33:42] 🔍 KIND ETF 공시 확인 중... (조회기간: 2026-06-24 ~ 2026-06-25)
[11:33:42]    새로운 감시 ETF 이익분배금 공시 없음
[11:38:42] 🔍 DART 공시 확인 중... (조회기간: 20260624 ~ 20260625)
[11:38:42]    총 48건의 주요사항보고 조회됨
[11:38:42]    배당 결정 공시 없음
[11:38:43] 🔍 KIND ETF 공시 확인 중... (조회기간: 2026-06-24 ~ 2026-06-25)
[11:38:43]    새로운 감시 ETF 이익분배금 공시 없음
[11:43:44] 🔍 DART 공시 확인 중... (조회기간: 20260624 ~ 20260625)
[11:43:44]    총 48건의 주요사항보고 조회됨
[11:43:44]    배당 결정 공시 없음
[11:43:45] 🔍 KIND ETF 공시 확인 중... (조회기간: 2026-06-24 ~ 2026-06-25)
[11:43:45]    새로운 감시 ETF 이익분배금 공시 없음
[11:48:46] 🔍 DART 공시 확인 중... (조회기간: 20260624 ~ 20260625)
[11:48:46]    총 48건의 주요사항보고 조회됨
[11:48:46]    배당 결정 공시 없음
[11:48:46] 🔍 KIND ETF 공시 확인 중... (조회기간: 2026-06-24 ~ 2026-06-25)
[11:48:46]    새로운 감시 ETF 이익분배금 공시 없음
[11:53:47] 🔍 DART 공시 확인 중... (조회기간: 20260624 ~ 20260625)
[11:53:47]    총 48건의 주요사항보고 조회됨
[11:53:47]    배당 결정 공시 없음
[11:53:48] 🔍 KIND ETF 공시 확인 중... (조회기간: 2026-06-24 ~ 2026-06-25)
[11:53:48]    새로운 감시 ETF 이익분배금 공시 없음
[11:58:49] 🔍 DART 공시 확인 중... (조회기간: 20260624 ~ 20260625)
[11:58:49]    총 48건의 주요사항보고 조회됨
[11:58:49]    배당 결정 공시 없음
[11:58:49] 🔍 KIND ETF 공시 확인 중... (조회기간: 2026-06-24 ~ 2026-06-25)
[11:58:49]    새로운 감시 ETF 이익분배금 공시 없음
[12:03:50] 🔍 DART 공시 확인 중... (조회기간: 20260624 ~ 20260625)
[12:03:50]    총 48건의 주요사항보고 조회됨
[12:03:50]    배당 결정 공시 없음
[12:03:51] 🔍 KIND ETF 공시 확인 중... (조회기간: 2026-06-24 ~ 2026-06-25)
[12:03:51]    새로운 감시 ETF 이익분배금 공시 없음
[12:08:52] 🔍 DART 공시 확인 중... (조회기간: 20260624 ~ 20260625)
[12:08:52]    총 48건의 주요사항보고 조회됨
[12:08:52]    배당 결정 공시 없음
[12:08:53] 🔍 KIND ETF 공시 확인 중... (조회기간: 2026-06-24 ~ 2026-06-25)
[12:08:53]    새로운 감시 ETF 이익분배금 공시 없음
[12:13:53] 🔍 DART 공시 확인 중... (조회기간: 20260624 ~ 20260625)
[12:13:53]    총 48건의 주요사항보고 조회됨
[12:13:53]    배당 결정 공시 없음
[12:13:54] 🔍 KIND ETF 공시 확인 중... (조회기간: 2026-06-24 ~ 2026-06-25)
[12:13:54]    새로운 감시 ETF 이익분배금 공시 없음
[12:18:55] 🔍 DART 공시 확인 중... (조회기간: 20260624 ~ 20260625)
[12:18:55]    총 48건의 주요사항보고 조회됨
[12:18:55]    배당 결정 공시 없음
[12:18:56] 🔍 KIND ETF 공시 확인 중... (조회기간: 2026-06-24 ~ 2026-06-25)
[12:18:56]    새로운 감시 ETF 이익분배금 공시 없음
[12:23:56] 🔍 DART 공시 확인 중... (조회기간: 20260624 ~ 20260625)
[12:23:56]    총 48건의 주요사항보고 조회됨
[12:23:56]    배당 결정 공시 없음
[12:23:57] 🔍 KIND ETF 공시 확인 중... (조회기간: 2026-06-24 ~ 2026-06-25)
[12:23:57]    새로운 감시 ETF 이익분배금 공시 없음
[12:28:58] 🔍 DART 공시 확인 중... (조회기간: 20260624 ~ 20260625)
[12:28:58]    총 48건의 주요사항보고 조회됨
[12:28:58]    배당 결정 공시 없음
[12:28:59] 🔍 KIND ETF 공시 확인 중... (조회기간: 2026-06-24 ~ 2026-06-25)
[12:28:59]    새로운 감시 ETF 이익분배금 공시 없음
[12:33:59] 🔍 DART 공시 확인 중... (조회기간: 20260624 ~ 20260625)
[12:33:59]    총 48건의 주요사항보고 조회됨
[12:33:59]    배당 결정 공시 없음
[12:34:00] 🔍 KIND ETF 공시 확인 중... (조회기간: 2026-06-24 ~ 2026-06-25)
[12:34:00]    새로운 감시 ETF 이익분배금 공시 없음
[12:39:01] 🔍 DART 공시 확인 중... (조회기간: 20260624 ~ 20260625)
[12:39:01]    총 48건의 주요사항보고 조회됨
[12:39:01]    배당 결정 공시 없음
[12:39:02] 🔍 KIND ETF 공시 확인 중... (조회기간: 2026-06-24 ~ 2026-06-25)
[12:39:02]    새로운 감시 ETF 이익분배금 공시 없음
[12:44:02] 🔍 DART 공시 확인 중... (조회기간: 20260624 ~ 20260625)
[12:44:02]    총 48건의 주요사항보고 조회됨
[12:44:02]    배당 결정 공시 없음
[12:44:03] 🔍 KIND ETF 공시 확인 중... (조회기간: 2026-06-24 ~ 2026-06-25)
[12:44:03]    새로운 감시 ETF 이익분배금 공시 없음
[12:49:04] 🔍 DART 공시 확인 중... (조회기간: 20260624 ~ 20260625)
[12:49:04]    총 48건의 주요사항보고 조회됨
[12:49:04]    배당 결정 공시 없음
[12:49:05] 🔍 KIND ETF 공시 확인 중... (조회기간: 2026-06-24 ~ 2026-06-25)
[12:49:05]    새로운 감시 ETF 이익분배금 공시 없음
[12:54:05] 🔍 DART 공시 확인 중... (조회기간: 20260624 ~ 20260625)
[12:54:05]    총 48건의 주요사항보고 조회됨
[12:54:05]    배당 결정 공시 없음
[12:54:06] 🔍 KIND ETF 공시 확인 중... (조회기간: 2026-06-24 ~ 2026-06-25)
[12:54:06]    새로운 감시 ETF 이익분배금 공시 없음
[12:59:07] 🔍 DART 공시 확인 중... (조회기간: 20260624 ~ 20260625)
[12:59:07]    총 48건의 주요사항보고 조회됨
[12:59:07]    배당 결정 공시 없음
[12:59:08] 🔍 KIND ETF 공시 확인 중... (조회기간: 2026-06-24 ~ 2026-06-25)
[12:59:08]    새로운 감시 ETF 이익분배금 공시 없음
[13:04:08] 🔍 DART 공시 확인 중... (조회기간: 20260624 ~ 20260625)
[13:04:08]    총 48건의 주요사항보고 조회됨
[13:04:08]    배당 결정 공시 없음
[13:04:09] 🔍 KIND ETF 공시 확인 중... (조회기간: 2026-06-24 ~ 2026-06-25)
[13:04:09]    새로운 감시 ETF 이익분배금 공시 없음
[13:09:10] 🔍 DART 공시 확인 중... (조회기간: 20260624 ~ 20260625)
[13:09:10]    총 48건의 주요사항보고 조회됨
[13:09:10]    배당 결정 공시 없음
[13:09:11] 🔍 KIND ETF 공시 확인 중... (조회기간: 2026-06-24 ~ 2026-06-25)
[13:09:11]    새로운 감시 ETF 이익분배금 공시 없음
[13:14:11] 🔍 DART 공시 확인 중... (조회기간: 20260624 ~ 20260625)
[13:14:11]    총 49건의 주요사항보고 조회됨
[13:14:11]    배당 결정 공시 없음
[13:14:12] 🔍 KIND ETF 공시 확인 중... (조회기간: 2026-06-24 ~ 2026-06-25)
[13:14:12]    새로운 감시 ETF 이익분배금 공시 없음
[13:19:13] 🔍 DART 공시 확인 중... (조회기간: 20260624 ~ 20260625)
[13:19:13]    총 49건의 주요사항보고 조회됨
[13:19:13]    배당 결정 공시 없음
[13:19:14] 🔍 KIND ETF 공시 확인 중... (조회기간: 2026-06-24 ~ 2026-06-25)
[13:19:14]    새로운 감시 ETF 이익분배금 공시 없음
[13:24:15] 🔍 DART 공시 확인 중... (조회기간: 20260624 ~ 20260625)
[13:24:15]    총 50건의 주요사항보고 조회됨
[13:24:15]    배당 결정 공시 없음
[13:24:16] 🔍 KIND ETF 공시 확인 중... (조회기간: 2026-06-24 ~ 2026-06-25)
[13:24:16]    새로운 감시 ETF 이익분배금 공시 없음
[13:29:16] 🔍 DART 공시 확인 중... (조회기간: 20260624 ~ 20260625)
[13:29:16]    총 50건의 주요사항보고 조회됨
[13:29:16]    배당 결정 공시 없음
[13:29:17] 🔍 KIND ETF 공시 확인 중... (조회기간: 2026-06-24 ~ 2026-06-25)
[13:29:17]    새로운 감시 ETF 이익분배금 공시 없음
[13:34:18] 🔍 DART 공시 확인 중... (조회기간: 20260624 ~ 20260625)
[13:34:18]    총 50건의 주요사항보고 조회됨
[13:34:18]    배당 결정 공시 없음
[13:34:19] 🔍 KIND ETF 공시 확인 중... (조회기간: 2026-06-24 ~ 2026-06-25)
[13:34:19]    새로운 감시 ETF 이익분배금 공시 없음
[13:39:19] 🔍 DART 공시 확인 중... (조회기간: 20260624 ~ 20260625)
[13:39:19]    총 50건의 주요사항보고 조회됨
[13:39:19]    배당 결정 공시 없음
[13:39:20] 🔍 KIND ETF 공시 확인 중... (조회기간: 2026-06-24 ~ 2026-06-25)
[13:39:20]    새로운 감시 ETF 이익분배금 공시 없음
[13:44:21] 🔍 DART 공시 확인 중... (조회기간: 20260624 ~ 20260625)
[13:44:21]    총 50건의 주요사항보고 조회됨
[13:44:21]    배당 결정 공시 없음
[13:44:22] 🔍 KIND ETF 공시 확인 중... (조회기간: 2026-06-24 ~ 2026-06-25)
[13:44:22]    새로운 감시 ETF 이익분배금 공시 없음
[13:49:23] 🔍 DART 공시 확인 중... (조회기간: 20260624 ~ 20260625)
[13:49:23]    총 51건의 주요사항보고 조회됨
[13:49:23]    배당 결정 공시 없음
[13:49:23] 🔍 KIND ETF 공시 확인 중... (조회기간: 2026-06-24 ~ 2026-06-25)
[13:49:23]    새로운 감시 ETF 이익분배금 공시 없음
[13:54:24] 🔍 DART 공시 확인 중... (조회기간: 20260624 ~ 20260625)
[13:54:24]    총 53건의 주요사항보고 조회됨
[13:54:24]    배당 결정 공시 없음
[13:54:25] 🔍 KIND ETF 공시 확인 중... (조회기간: 2026-06-24 ~ 2026-06-25)
[13:54:25]    새로운 감시 ETF 이익분배금 공시 없음
[13:59:26] 🔍 DART 공시 확인 중... (조회기간: 20260624 ~ 20260625)
[13:59:26]    총 53건의 주요사항보고 조회됨
[13:59:26]    배당 결정 공시 없음
[13:59:27] 🔍 KIND ETF 공시 확인 중... (조회기간: 2026-06-24 ~ 2026-06-25)
[13:59:27]    새로운 감시 ETF 이익분배금 공시 없음
[14:04:27] 🔍 DART 공시 확인 중... (조회기간: 20260624 ~ 20260625)
[14:04:27]    총 53건의 주요사항보고 조회됨
[14:04:27]    배당 결정 공시 없음
[14:04:28] 🔍 KIND ETF 공시 확인 중... (조회기간: 2026-06-24 ~ 2026-06-25)
[14:04:28]    새로운 감시 ETF 이익분배금 공시 없음
[14:09:29] 🔍 DART 공시 확인 중... (조회기간: 20260624 ~ 20260625)
[14:09:29]    총 54건의 주요사항보고 조회됨
[14:09:29]    배당 결정 공시 없음
[14:09:30] 🔍 KIND ETF 공시 확인 중... (조회기간: 2026-06-24 ~ 2026-06-25)
[14:09:30]    새로운 감시 ETF 이익분배금 공시 없음
[14:14:30] 🔍 DART 공시 확인 중... (조회기간: 20260624 ~ 20260625)
[14:14:30]    총 54건의 주요사항보고 조회됨
[14:14:30]    배당 결정 공시 없음
[14:14:31] 🔍 KIND ETF 공시 확인 중... (조회기간: 2026-06-24 ~ 2026-06-25)
[14:14:31]    새로운 감시 ETF 이익분배금 공시 없음
[14:19:32] 🔍 DART 공시 확인 중... (조회기간: 20260624 ~ 20260625)
[14:19:32]    총 54건의 주요사항보고 조회됨
[14:19:32]    배당 결정 공시 없음
[14:19:33] 🔍 KIND ETF 공시 확인 중... (조회기간: 2026-06-24 ~ 2026-06-25)
[14:19:33]    새로운 감시 ETF 이익분배금 공시 없음
[14:24:34] 🔍 DART 공시 확인 중... (조회기간: 20260624 ~ 20260625)
[14:24:34]    총 54건의 주요사항보고 조회됨
[14:24:34]    배당 결정 공시 없음
[14:24:35] 🔍 KIND ETF 공시 확인 중... (조회기간: 2026-06-24 ~ 2026-06-25)
[14:24:35]    새로운 감시 ETF 이익분배금 공시 없음
[14:29:35] 🔍 DART 공시 확인 중... (조회기간: 20260624 ~ 20260625)
[14:29:35]    총 55건의 주요사항보고 조회됨
[14:29:35]    배당 결정 공시 없음
[14:29:36] 🔍 KIND ETF 공시 확인 중... (조회기간: 2026-06-24 ~ 2026-06-25)
[14:29:36]    새로운 감시 ETF 이익분배금 공시 없음
[14:34:37] 🔍 DART 공시 확인 중... (조회기간: 20260624 ~ 20260625)
[14:34:37]    총 55건의 주요사항보고 조회됨
[14:34:37]    배당 결정 공시 없음
[14:34:38] 🔍 KIND ETF 공시 확인 중... (조회기간: 2026-06-24 ~ 2026-06-25)
[14:34:38]    새로운 감시 ETF 이익분배금 공시 없음
[14:39:39] 🔍 DART 공시 확인 중... (조회기간: 20260624 ~ 20260625)
[14:39:39]    총 55건의 주요사항보고 조회됨
[14:39:39]    배당 결정 공시 없음
[14:39:40] 🔍 KIND ETF 공시 확인 중... (조회기간: 2026-06-24 ~ 2026-06-25)
[14:39:40]    새로운 감시 ETF 이익분배금 공시 없음
[14:44:40] 🔍 DART 공시 확인 중... (조회기간: 20260624 ~ 20260625)
[14:44:40]    총 55건의 주요사항보고 조회됨
[14:44:40]    배당 결정 공시 없음
[14:44:41] 🔍 KIND ETF 공시 확인 중... (조회기간: 2026-06-24 ~ 2026-06-25)
[14:44:41]    새로운 감시 ETF 이익분배금 공시 없음
[14:49:42] 🔍 DART 공시 확인 중... (조회기간: 20260624 ~ 20260625)
[14:49:42]    총 55건의 주요사항보고 조회됨
[14:49:42]    배당 결정 공시 없음
[14:49:43] 🔍 KIND ETF 공시 확인 중... (조회기간: 2026-06-24 ~ 2026-06-25)
[14:49:43]    새로운 감시 ETF 이익분배금 공시 없음
[14:54:43] 🔍 DART 공시 확인 중... (조회기간: 20260624 ~ 20260625)
[14:54:43]    총 57건의 주요사항보고 조회됨
[14:54:43]    배당 결정 공시 없음
[14:54:44] 🔍 KIND ETF 공시 확인 중... (조회기간: 2026-06-24 ~ 2026-06-25)
[14:54:44]    새로운 감시 ETF 이익분배금 공시 없음
[14:59:45] 🔍 DART 공시 확인 중... (조회기간: 20260624 ~ 20260625)
[14:59:45]    총 57건의 주요사항보고 조회됨
[14:59:45]    배당 결정 공시 없음
[14:59:46] 🔍 KIND ETF 공시 확인 중... (조회기간: 2026-06-24 ~ 2026-06-25)
[14:59:46]    새로운 감시 ETF 이익분배금 공시 없음
[15:04:47] 🔍 DART 공시 확인 중... (조회기간: 20260624 ~ 20260625)
[15:04:47]    총 57건의 주요사항보고 조회됨
[15:04:47]    배당 결정 공시 없음
[15:04:48] 🔍 KIND ETF 공시 확인 중... (조회기간: 2026-06-24 ~ 2026-06-25)
[15:04:48]    새로운 감시 ETF 이익분배금 공시 없음
[15:09:48] 🔍 DART 공시 확인 중... (조회기간: 20260624 ~ 20260625)
[15:09:48]    총 57건의 주요사항보고 조회됨
[15:09:48]    배당 결정 공시 없음
[15:09:49] 🔍 KIND ETF 공시 확인 중... (조회기간: 2026-06-24 ~ 2026-06-25)
[15:09:49]    새로운 감시 ETF 이익분배금 공시 없음
[15:14:50] 🔍 DART 공시 확인 중... (조회기간: 20260624 ~ 20260625)
[15:14:50]    총 57건의 주요사항보고 조회됨
[15:14:50]    배당 결정 공시 없음
[15:14:51] 🔍 KIND ETF 공시 확인 중... (조회기간: 2026-06-24 ~ 2026-06-25)
[15:14:51]    새로운 감시 ETF 이익분배금 공시 없음
[15:19:52] 🔍 DART 공시 확인 중... (조회기간: 20260624 ~ 20260625)
[15:19:52]    총 57건의 주요사항보고 조회됨
[15:19:52]    배당 결정 공시 없음
[15:19:53] 🔍 KIND ETF 공시 확인 중... (조회기간: 2026-06-24 ~ 2026-06-25)
[15:19:53]    새로운 감시 ETF 이익분배금 공시 없음
[15:24:53] 🔍 DART 공시 확인 중... (조회기간: 20260624 ~ 20260625)
[15:24:53]    총 59건의 주요사항보고 조회됨
[15:24:53]    배당 결정 공시 없음
[15:24:54] 🔍 KIND ETF 공시 확인 중... (조회기간: 2026-06-24 ~ 2026-06-25)
[15:24:54]    새로운 감시 ETF 이익분배금 공시 없음
[15:29:55] 🔍 DART 공시 확인 중... (조회기간: 20260624 ~ 20260625)
[15:29:55]    총 59건의 주요사항보고 조회됨
[15:29:55]    배당 결정 공시 없음
[15:29:56] 🔍 KIND ETF 공시 확인 중... (조회기간: 2026-06-24 ~ 2026-06-25)
[15:29:56]    새로운 감시 ETF 이익분배금 공시 없음
[15:34:56] 🔍 DART 공시 확인 중... (조회기간: 20260624 ~ 20260625)
[15:34:56]    총 60건의 주요사항보고 조회됨
[15:34:56]    배당 결정 공시 없음
[15:34:57] 🔍 KIND ETF 공시 확인 중... (조회기간: 2026-06-24 ~ 2026-06-25)
[15:34:57]    새로운 감시 ETF 이익분배금 공시 없음
[15:39:58] 🔍 DART 공시 확인 중... (조회기간: 20260624 ~ 20260625)
[15:39:58]    총 60건의 주요사항보고 조회됨
[15:39:58]    배당 결정 공시 없음
[15:39:59] 🔍 KIND ETF 공시 확인 중... (조회기간: 2026-06-24 ~ 2026-06-25)
[15:39:59]    새로운 감시 ETF 이익분배금 공시 없음
[15:45:00] 🔍 DART 공시 확인 중... (조회기간: 20260624 ~ 20260625)
[15:45:00]    총 61건의 주요사항보고 조회됨
[15:45:00]    배당 결정 공시 없음
[15:45:01] 🔍 KIND ETF 공시 확인 중... (조회기간: 2026-06-24 ~ 2026-06-25)
[15:45:01]    새로운 감시 ETF 이익분배금 공시 없음
[15:50:01] 🔍 DART 공시 확인 중... (조회기간: 20260624 ~ 20260625)
[15:50:01]    총 63건의 주요사항보고 조회됨
[15:50:01]    배당 결정 공시 없음
[15:50:02] 🔍 KIND ETF 공시 확인 중... (조회기간: 2026-06-24 ~ 2026-06-25)
[15:50:02]    새로운 감시 ETF 이익분배금 공시 없음
[15:55:03] 🔍 DART 공시 확인 중... (조회기간: 20260624 ~ 20260625)
[15:55:03]    총 63건의 주요사항보고 조회됨
[15:55:03]    배당 결정 공시 없음
[15:55:04] 🔍 KIND ETF 공시 확인 중... (조회기간: 2026-06-24 ~ 2026-06-25)
[15:55:04]    새로운 감시 ETF 이익분배금 공시 없음
[16:00:05] 🔍 DART 공시 확인 중... (조회기간: 20260624 ~ 20260625)
[16:00:05]    총 63건의 주요사항보고 조회됨
[16:00:05]    배당 결정 공시 없음
[16:00:06] 🔍 KIND ETF 공시 확인 중... (조회기간: 2026-06-24 ~ 2026-06-25)
[16:00:06]    새로운 감시 ETF 이익분배금 공시 없음
[16:05:07] 🔍 DART 공시 확인 중... (조회기간: 20260624 ~ 20260625)
[16:05:07]    총 63건의 주요사항보고 조회됨
[16:05:07]    배당 결정 공시 없음
[16:05:08] 🔍 KIND ETF 공시 확인 중... (조회기간: 2026-06-24 ~ 2026-06-25)
[16:05:08]    새로운 감시 ETF 이익분배금 공시 없음
[16:10:09] 🔍 DART 공시 확인 중... (조회기간: 20260624 ~ 20260625)
[16:10:09]    총 63건의 주요사항보고 조회됨
[16:10:09]    배당 결정 공시 없음
[16:10:10] 🔍 KIND ETF 공시 확인 중... (조회기간: 2026-06-24 ~ 2026-06-25)
[16:10:10]    새로운 감시 ETF 이익분배금 공시 없음
[16:15:10] 🔍 DART 공시 확인 중... (조회기간: 20260624 ~ 20260625)
[16:15:10]    총 64건의 주요사항보고 조회됨
[16:15:10]    배당 결정 공시 없음
[16:15:11] 🔍 KIND ETF 공시 확인 중... (조회기간: 2026-06-24 ~ 2026-06-25)
[16:15:11]    새로운 감시 ETF 이익분배금 공시 없음
[16:20:12] 🔍 DART 공시 확인 중... (조회기간: 20260624 ~ 20260625)
[16:20:12]    총 66건의 주요사항보고 조회됨
[16:20:12]    배당 결정 공시 없음
[16:20:13] 🔍 KIND ETF 공시 확인 중... (조회기간: 2026-06-24 ~ 2026-06-25)
[16:20:13]    새로운 감시 ETF 이익분배금 공시 없음
[16:25:14] 🔍 DART 공시 확인 중... (조회기간: 20260624 ~ 20260625)
[16:25:14]    총 70건의 주요사항보고 조회됨
[16:25:14]    배당 결정 공시 없음
[16:25:14] 🔍 KIND ETF 공시 확인 중... (조회기간: 2026-06-24 ~ 2026-06-25)
[16:25:14]    새로운 감시 ETF 이익분배금 공시 없음
[16:30:15] 🔍 DART 공시 확인 중... (조회기간: 20260624 ~ 20260625)
[16:30:15]    총 72건의 주요사항보고 조회됨
[16:30:15]    배당 결정 공시 없음
[16:30:16] 🔍 KIND ETF 공시 확인 중... (조회기간: 2026-06-24 ~ 2026-06-25)
[16:30:16]    새로운 감시 ETF 이익분배금 공시 없음
[16:35:17] 🔍 DART 공시 확인 중... (조회기간: 20260624 ~ 20260625)
[16:35:17]    총 72건의 주요사항보고 조회됨
[16:35:17]    배당 결정 공시 없음
[16:35:18] 🔍 KIND ETF 공시 확인 중... (조회기간: 2026-06-24 ~ 2026-06-25)
[16:35:18]    새로운 감시 ETF 이익분배금 공시 없음
[16:40:19] 🔍 DART 공시 확인 중... (조회기간: 20260624 ~ 20260625)
[16:40:19]    총 72건의 주요사항보고 조회됨
[16:40:19]    배당 결정 공시 없음
[16:40:20] 🔍 KIND ETF 공시 확인 중... (조회기간: 2026-06-24 ~ 2026-06-25)
[16:40:20]    새로운 감시 ETF 이익분배금 공시 없음
[16:45:20] 🔍 DART 공시 확인 중... (조회기간: 20260624 ~ 20260625)
[16:45:20]    총 72건의 주요사항보고 조회됨
[16:45:20]    배당 결정 공시 없음
[16:45:21] 🔍 KIND ETF 공시 확인 중... (조회기간: 2026-06-24 ~ 2026-06-25)
[16:45:21]    새로운 감시 ETF 이익분배금 공시 없음
[16:50:22] 🔍 DART 공시 확인 중... (조회기간: 20260624 ~ 20260625)
[16:50:22]    총 73건의 주요사항보고 조회됨
[16:50:22]    배당 결정 공시 없음
[16:50:23] 🔍 KIND ETF 공시 확인 중... (조회기간: 2026-06-24 ~ 2026-06-25)
[16:50:23]    새로운 감시 ETF 이익분배금 공시 없음
[16:55:23] 🔍 DART 공시 확인 중... (조회기간: 20260624 ~ 20260625)
[16:55:23]    총 73건의 주요사항보고 조회됨
[16:55:23]    배당 결정 공시 없음
[16:55:24] 🔍 KIND ETF 공시 확인 중... (조회기간: 2026-06-24 ~ 2026-06-25)
[16:55:24]    새로운 감시 ETF 이익분배금 공시 없음
[17:00:25] 🔍 DART 공시 확인 중... (조회기간: 20260624 ~ 20260625)
[17:00:25]    총 74건의 주요사항보고 조회됨
[17:00:25]    배당 결정 공시 없음
[17:00:26] 🔍 KIND ETF 공시 확인 중... (조회기간: 2026-06-24 ~ 2026-06-25)
[17:00:26]    새로운 감시 ETF 이익분배금 공시 없음
[17:05:27] 🔍 DART 공시 확인 중... (조회기간: 20260624 ~ 20260625)
[17:05:27]    총 75건의 주요사항보고 조회됨
[17:05:27]    배당 결정 공시 없음
[17:05:28] 🔍 KIND ETF 공시 확인 중... (조회기간: 2026-06-24 ~ 2026-06-25)
[17:05:28]    새로운 감시 ETF 이익분배금 공시 없음
[17:10:28] 🔍 DART 공시 확인 중... (조회기간: 20260624 ~ 20260625)
[17:10:28]    총 76건의 주요사항보고 조회됨
[17:10:28]    배당 결정 공시 없음
[17:10:29] 🔍 KIND ETF 공시 확인 중... (조회기간: 2026-06-24 ~ 2026-06-25)
[17:10:29]    새로운 감시 ETF 이익분배금 공시 없음
[17:15:30] 🔍 DART 공시 확인 중... (조회기간: 20260624 ~ 20260625)
[17:15:30]    총 76건의 주요사항보고 조회됨
[17:15:30]    배당 결정 공시 없음
[17:15:31] 🔍 KIND ETF 공시 확인 중... (조회기간: 2026-06-24 ~ 2026-06-25)
[17:15:31]    새로운 감시 ETF 이익분배금 공시 없음
[17:20:32] 🔍 DART 공시 확인 중... (조회기간: 20260624 ~ 20260625)
[17:20:32]    총 76건의 주요사항보고 조회됨
[17:20:32]    배당 결정 공시 없음
[17:20:33] 🔍 KIND ETF 공시 확인 중... (조회기간: 2026-06-24 ~ 2026-06-25)
[17:20:33]    새로운 감시 ETF 이익분배금 공시 없음
[17:25:33] 🔍 DART 공시 확인 중... (조회기간: 20260624 ~ 20260625)
[17:25:33]    총 76건의 주요사항보고 조회됨
[17:25:33]    배당 결정 공시 없음
[17:25:34] 🔍 KIND ETF 공시 확인 중... (조회기간: 2026-06-24 ~ 2026-06-25)
[17:25:34]    새로운 감시 ETF 이익분배금 공시 없음
[17:30:35] 🔍 DART 공시 확인 중... (조회기간: 20260624 ~ 20260625)
[17:30:35]    총 77건의 주요사항보고 조회됨
[17:30:35]    배당 결정 공시 없음
[17:30:36] 🔍 KIND ETF 공시 확인 중... (조회기간: 2026-06-24 ~ 2026-06-25)
[17:30:36]    새로운 감시 ETF 이익분배금 공시 없음
[17:35:37] 🔍 DART 공시 확인 중... (조회기간: 20260624 ~ 20260625)
[17:35:37]    총 78건의 주요사항보고 조회됨
[17:35:37]    배당 결정 공시 없음
[17:35:38] 🔍 KIND ETF 공시 확인 중... (조회기간: 2026-06-24 ~ 2026-06-25)
[17:35:38]    새로운 감시 ETF 이익분배금 공시 없음
[17:40:38] 🔍 DART 공시 확인 중... (조회기간: 20260624 ~ 20260625)
[17:40:38]    총 79건의 주요사항보고 조회됨
[17:40:38]    배당 결정 공시 없음
[17:40:39] 🔍 KIND ETF 공시 확인 중... (조회기간: 2026-06-24 ~ 2026-06-25)
[17:40:39]    새로운 감시 ETF 이익분배금 공시 없음
[17:45:40] 🔍 DART 공시 확인 중... (조회기간: 20260624 ~ 20260625)
[17:45:40]    총 79건의 주요사항보고 조회됨
[17:45:40]    배당 결정 공시 없음
[17:45:41] 🔍 KIND ETF 공시 확인 중... (조회기간: 2026-06-24 ~ 2026-06-25)
[17:45:41]    새로운 감시 ETF 이익분배금 공시 없음
[17:50:42] 🔍 DART 공시 확인 중... (조회기간: 20260624 ~ 20260625)
[17:50:42]    총 79건의 주요사항보고 조회됨
[17:50:42]    배당 결정 공시 없음
[17:50:43] 🔍 KIND ETF 공시 확인 중... (조회기간: 2026-06-24 ~ 2026-06-25)
[17:50:43]    새로운 감시 ETF 이익분배금 공시 없음
[17:55:44] 🔍 DART 공시 확인 중... (조회기간: 20260624 ~ 20260625)
[17:55:44]    총 81건의 주요사항보고 조회됨
[17:55:44]    배당 결정 공시 없음
[17:55:45] 🔍 KIND ETF 공시 확인 중... (조회기간: 2026-06-24 ~ 2026-06-25)
[17:55:45]    새로운 감시 ETF 이익분배금 공시 없음
[18:00:45] 🔍 DART 공시 확인 중... (조회기간: 20260624 ~ 20260625)
[18:00:45]    총 82건의 주요사항보고 조회됨
[18:00:45]    배당 결정 공시 없음
[18:00:46] 🔍 KIND ETF 공시 확인 중... (조회기간: 2026-06-24 ~ 2026-06-25)
[18:00:46]    새로운 감시 ETF 이익분배금 공시 없음
[18:05:47] 🔍 DART 공시 확인 중... (조회기간: 20260624 ~ 20260625)
[18:05:47]    총 83건의 주요사항보고 조회됨
[18:05:47]    배당 결정 공시 없음
[18:05:48] 🔍 KIND ETF 공시 확인 중... (조회기간: 2026-06-24 ~ 2026-06-25)
[18:05:48]    새로운 감시 ETF 이익분배금 공시 없음
[18:10:49] 🔍 DART 공시 확인 중... (조회기간: 20260624 ~ 20260625)
[18:10:49]    총 83건의 주요사항보고 조회됨
[18:10:49]    배당 결정 공시 없음
[18:10:50] 🔍 KIND ETF 공시 확인 중... (조회기간: 2026-06-24 ~ 2026-06-25)
[18:10:50]    새로운 감시 ETF 이익분배금 공시 없음
[18:15:50] 🔍 DART 공시 확인 중... (조회기간: 20260624 ~ 20260625)
[18:15:50]    총 83건의 주요사항보고 조회됨
[18:15:50]    배당 결정 공시 없음
[18:15:51] 🔍 KIND ETF 공시 확인 중... (조회기간: 2026-06-24 ~ 2026-06-25)
[18:15:51]    새로운 감시 ETF 이익분배금 공시 없음
[18:20:52] 🔍 DART 공시 확인 중... (조회기간: 20260624 ~ 20260625)
[18:20:52]    총 83건의 주요사항보고 조회됨
[18:20:52]    배당 결정 공시 없음
[18:20:53] 🔍 KIND ETF 공시 확인 중... (조회기간: 2026-06-24 ~ 2026-06-25)
[18:20:53]    새로운 감시 ETF 이익분배금 공시 없음
[18:25:54] 🔍 DART 공시 확인 중... (조회기간: 20260624 ~ 20260625)
[18:25:54]    총 83건의 주요사항보고 조회됨
[18:25:54]    배당 결정 공시 없음
[18:25:54] 🔍 KIND ETF 공시 확인 중... (조회기간: 2026-06-24 ~ 2026-06-25)
[18:25:54]    새로운 감시 ETF 이익분배금 공시 없음
[18:30:55] 🔍 DART 공시 확인 중... (조회기간: 20260624 ~ 20260625)
[18:30:55]    총 83건의 주요사항보고 조회됨
[18:30:55]    배당 결정 공시 없음
[18:30:56] 🔍 KIND ETF 공시 확인 중... (조회기간: 2026-06-24 ~ 2026-06-25)
[18:30:56]    새로운 감시 ETF 이익분배금 공시 없음
[18:35:57] 🔍 DART 공시 확인 중... (조회기간: 20260624 ~ 20260625)
[18:35:57]    총 83건의 주요사항보고 조회됨
[18:35:57]    배당 결정 공시 없음
[18:35:58] 🔍 KIND ETF 공시 확인 중... (조회기간: 2026-06-24 ~ 2026-06-25)
[18:35:58]    새로운 감시 ETF 이익분배금 공시 없음
[18:40:58] 🔍 DART 공시 확인 중... (조회기간: 20260624 ~ 20260625)
[18:40:58]    총 83건의 주요사항보고 조회됨
[18:40:58]    배당 결정 공시 없음
[18:40:59] 🔍 KIND ETF 공시 확인 중... (조회기간: 2026-06-24 ~ 2026-06-25)
[18:40:59]    새로운 감시 ETF 이익분배금 공시 없음
[18:46:00] 🔍 DART 공시 확인 중... (조회기간: 20260624 ~ 20260625)
[18:46:00]    총 83건의 주요사항보고 조회됨
[18:46:00]    배당 결정 공시 없음
[18:46:01] 🔍 KIND ETF 공시 확인 중... (조회기간: 2026-06-24 ~ 2026-06-25)
[18:46:01]    새로운 감시 ETF 이익분배금 공시 없음
[18:51:02] 🔍 DART 공시 확인 중... (조회기간: 20260624 ~ 20260625)
[18:51:02]    총 83건의 주요사항보고 조회됨
[18:51:02]    배당 결정 공시 없음
[18:51:03] 🔍 KIND ETF 공시 확인 중... (조회기간: 2026-06-24 ~ 2026-06-25)
[18:51:03]    새로운 감시 ETF 이익분배금 공시 없음
[18:56:04] 🔍 DART 공시 확인 중... (조회기간: 20260624 ~ 20260625)
[18:56:04]    총 83건의 주요사항보고 조회됨
[18:56:04]    배당 결정 공시 없음
[18:56:04] 🔍 KIND ETF 공시 확인 중... (조회기간: 2026-06-24 ~ 2026-06-25)
[18:56:04]    새로운 감시 ETF 이익분배금 공시 없음
[19:01:06] 🔍 DART 공시 확인 중... (조회기간: 20260624 ~ 20260625)
[19:01:06]    총 83건의 주요사항보고 조회됨
[19:01:06]    배당 결정 공시 없음
[19:01:06] 🔍 KIND ETF 공시 확인 중... (조회기간: 2026-06-24 ~ 2026-06-25)
[19:01:06]    새로운 감시 ETF 이익분배금 공시 없음
[19:06:07] 🔍 DART 공시 확인 중... (조회기간: 20260624 ~ 20260625)
[19:06:07]    총 83건의 주요사항보고 조회됨
[19:06:07]    배당 결정 공시 없음
[19:06:08] 🔍 KIND ETF 공시 확인 중... (조회기간: 2026-06-24 ~ 2026-06-25)
[19:06:08]    새로운 감시 ETF 이익분배금 공시 없음
[19:11:09] 🔍 DART 공시 확인 중... (조회기간: 20260624 ~ 20260625)
[19:11:09]    총 83건의 주요사항보고 조회됨
[19:11:09]    배당 결정 공시 없음
[19:11:10] 🔍 KIND ETF 공시 확인 중... (조회기간: 2026-06-24 ~ 2026-06-25)
[19:11:10]    새로운 감시 ETF 이익분배금 공시 없음
[19:16:10] 🔍 DART 공시 확인 중... (조회기간: 20260624 ~ 20260625)
[19:16:10]    총 83건의 주요사항보고 조회됨
[19:16:10]    배당 결정 공시 없음
[19:16:11] 🔍 KIND ETF 공시 확인 중... (조회기간: 2026-06-24 ~ 2026-06-25)
[19:16:11]    새로운 감시 ETF 이익분배금 공시 없음
[19:21:12] 🔍 DART 공시 확인 중... (조회기간: 20260624 ~ 20260625)
[19:21:12]    총 83건의 주요사항보고 조회됨
[19:21:12]    배당 결정 공시 없음
[19:21:13] 🔍 KIND ETF 공시 확인 중... (조회기간: 2026-06-24 ~ 2026-06-25)
[19:21:13]    새로운 감시 ETF 이익분배금 공시 없음
[19:26:14] 🔍 DART 공시 확인 중... (조회기간: 20260624 ~ 20260625)
[19:26:14]    총 83건의 주요사항보고 조회됨
[19:26:14]    배당 결정 공시 없음
[19:26:14] 🔍 KIND ETF 공시 확인 중... (조회기간: 2026-06-24 ~ 2026-06-25)
[19:26:14]    새로운 감시 ETF 이익분배금 공시 없음
[19:31:15] 🔍 DART 공시 확인 중... (조회기간: 20260624 ~ 20260625)
[19:31:15]    총 83건의 주요사항보고 조회됨
[19:31:15]    배당 결정 공시 없음
[19:31:16] 🔍 KIND ETF 공시 확인 중... (조회기간: 2026-06-24 ~ 2026-06-25)
[19:31:16]    새로운 감시 ETF 이익분배금 공시 없음
[19:36:17] 🔍 DART 공시 확인 중... (조회기간: 20260624 ~ 20260625)
[19:36:17]    총 83건의 주요사항보고 조회됨
[19:36:17]    배당 결정 공시 없음
[19:36:18] 🔍 KIND ETF 공시 확인 중... (조회기간: 2026-06-24 ~ 2026-06-25)
[19:36:18]    새로운 감시 ETF 이익분배금 공시 없음
[19:41:18] 🔍 DART 공시 확인 중... (조회기간: 20260624 ~ 20260625)
[19:41:18]    총 83건의 주요사항보고 조회됨
[19:41:18]    배당 결정 공시 없음
[19:41:19] 🔍 KIND ETF 공시 확인 중... (조회기간: 2026-06-24 ~ 2026-06-25)
[19:41:19]    새로운 감시 ETF 이익분배금 공시 없음
[19:46:20] 🔍 DART 공시 확인 중... (조회기간: 20260624 ~ 20260625)
[19:46:20]    총 83건의 주요사항보고 조회됨
[19:46:20]    배당 결정 공시 없음
[19:46:21] 🔍 KIND ETF 공시 확인 중... (조회기간: 2026-06-24 ~ 2026-06-25)
[19:46:21]    새로운 감시 ETF 이익분배금 공시 없음
[19:51:21] 🔍 DART 공시 확인 중... (조회기간: 20260624 ~ 20260625)
[19:51:21]    총 83건의 주요사항보고 조회됨
[19:51:21]    배당 결정 공시 없음
[19:51:22] 🔍 KIND ETF 공시 확인 중... (조회기간: 2026-06-24 ~ 2026-06-25)
[19:51:22]    새로운 감시 ETF 이익분배금 공시 없음
[19:56:23] 🔍 DART 공시 확인 중... (조회기간: 20260624 ~ 20260625)
[19:56:23]    총 83건의 주요사항보고 조회됨
[19:56:23]    배당 결정 공시 없음
[19:56:24] 🔍 KIND ETF 공시 확인 중... (조회기간: 2026-06-24 ~ 2026-06-25)
[19:56:24]    새로운 감시 ETF 이익분배금 공시 없음
[20:01:25] 🔍 DART 공시 확인 중... (조회기간: 20260624 ~ 20260625)
[20:01:25]    총 83건의 주요사항보고 조회됨
[20:01:25]    배당 결정 공시 없음
[20:01:26] 🔍 KIND ETF 공시 확인 중... (조회기간: 2026-06-24 ~ 2026-06-25)
[20:01:26]    새로운 감시 ETF 이익분배금 공시 없음
[20:06:26] 🔍 DART 공시 확인 중... (조회기간: 20260624 ~ 20260625)
[20:06:26]    총 83건의 주요사항보고 조회됨
[20:06:26]    배당 결정 공시 없음
[20:06:27] 🔍 KIND ETF 공시 확인 중... (조회기간: 2026-06-24 ~ 2026-06-25)
[20:06:27]    새로운 감시 ETF 이익분배금 공시 없음
[20:11:28] 🔍 DART 공시 확인 중... (조회기간: 20260624 ~ 20260625)
[20:11:28]    총 83건의 주요사항보고 조회됨
[20:11:28]    배당 결정 공시 없음
[20:11:29] 🔍 KIND ETF 공시 확인 중... (조회기간: 2026-06-24 ~ 2026-06-25)
[20:11:29]    새로운 감시 ETF 이익분배금 공시 없음
[20:16:30] 🔍 DART 공시 확인 중... (조회기간: 20260624 ~ 20260625)
[20:16:30]    총 83건의 주요사항보고 조회됨
[20:16:30]    배당 결정 공시 없음
[20:16:31] 🔍 KIND ETF 공시 확인 중... (조회기간: 2026-06-24 ~ 2026-06-25)
[20:16:31]    새로운 감시 ETF 이익분배금 공시 없음
[20:21:31] 🔍 DART 공시 확인 중... (조회기간: 20260624 ~ 20260625)
[20:21:31]    총 83건의 주요사항보고 조회됨
[20:21:31]    배당 결정 공시 없음
[20:21:32] 🔍 KIND ETF 공시 확인 중... (조회기간: 2026-06-24 ~ 2026-06-25)
[20:21:32]    새로운 감시 ETF 이익분배금 공시 없음
[20:26:33] 🔍 DART 공시 확인 중... (조회기간: 20260624 ~ 20260625)
[20:26:33]    총 83건의 주요사항보고 조회됨
[20:26:33]    배당 결정 공시 없음
[20:26:34] 🔍 KIND ETF 공시 확인 중... (조회기간: 2026-06-24 ~ 2026-06-25)
[20:26:34]    새로운 감시 ETF 이익분배금 공시 없음
[20:31:35] 🔍 DART 공시 확인 중... (조회기간: 20260624 ~ 20260625)
[20:31:35]    총 83건의 주요사항보고 조회됨
[20:31:35]    배당 결정 공시 없음
[20:31:35] 🔍 KIND ETF 공시 확인 중... (조회기간: 2026-06-24 ~ 2026-06-25)
[20:31:35]    새로운 감시 ETF 이익분배금 공시 없음
[20:36:36] 🔍 DART 공시 확인 중... (조회기간: 20260624 ~ 20260625)
[20:36:36]    총 83건의 주요사항보고 조회됨
[20:36:36]    배당 결정 공시 없음
[20:36:37] 🔍 KIND ETF 공시 확인 중... (조회기간: 2026-06-24 ~ 2026-06-25)
[20:36:37]    새로운 감시 ETF 이익분배금 공시 없음
[20:41:38] 🔍 DART 공시 확인 중... (조회기간: 20260624 ~ 20260625)
[20:41:38]    총 83건의 주요사항보고 조회됨
[20:41:38]    배당 결정 공시 없음
[20:41:39] 🔍 KIND ETF 공시 확인 중... (조회기간: 2026-06-24 ~ 2026-06-25)
[20:41:39]    새로운 감시 ETF 이익분배금 공시 없음
[20:46:39] 🔍 DART 공시 확인 중... (조회기간: 20260624 ~ 20260625)
[20:46:39]    총 83건의 주요사항보고 조회됨
[20:46:39]    배당 결정 공시 없음
[20:46:40] 🔍 KIND ETF 공시 확인 중... (조회기간: 2026-06-24 ~ 2026-06-25)
[20:46:40]    새로운 감시 ETF 이익분배금 공시 없음
[20:51:41] 🔍 DART 공시 확인 중... (조회기간: 20260624 ~ 20260625)
[20:51:41]    총 83건의 주요사항보고 조회됨
[20:51:41]    배당 결정 공시 없음
[20:51:42] 🔍 KIND ETF 공시 확인 중... (조회기간: 2026-06-24 ~ 2026-06-25)
[20:51:42]    새로운 감시 ETF 이익분배금 공시 없음
[20:56:43] 🔍 DART 공시 확인 중... (조회기간: 20260624 ~ 20260625)
[20:56:43]    총 83건의 주요사항보고 조회됨
[20:56:43]    배당 결정 공시 없음
[20:56:43] 🔍 KIND ETF 공시 확인 중... (조회기간: 2026-06-24 ~ 2026-06-25)
[20:56:43]    새로운 감시 ETF 이익분배금 공시 없음
[21:01:44] 🔍 DART 공시 확인 중... (조회기간: 20260624 ~ 20260625)
[21:01:44]    총 83건의 주요사항보고 조회됨
[21:01:44]    배당 결정 공시 없음
[21:01:45] 🔍 KIND ETF 공시 확인 중... (조회기간: 2026-06-24 ~ 2026-06-25)
[21:01:45]    새로운 감시 ETF 이익분배금 공시 없음
[21:06:46] 🔍 DART 공시 확인 중... (조회기간: 20260624 ~ 20260625)
[21:06:46]    총 83건의 주요사항보고 조회됨
[21:06:46]    배당 결정 공시 없음
[21:06:47] 🔍 KIND ETF 공시 확인 중... (조회기간: 2026-06-24 ~ 2026-06-25)
[21:06:47]    새로운 감시 ETF 이익분배금 공시 없음
[21:11:47] 🔍 DART 공시 확인 중... (조회기간: 20260624 ~ 20260625)
[21:11:47]    총 83건의 주요사항보고 조회됨
[21:11:47]    배당 결정 공시 없음
[21:11:48] 🔍 KIND ETF 공시 확인 중... (조회기간: 2026-06-24 ~ 2026-06-25)
[21:11:48]    새로운 감시 ETF 이익분배금 공시 없음
[21:16:49] 🔍 DART 공시 확인 중... (조회기간: 20260624 ~ 20260625)
[21:16:49]    총 83건의 주요사항보고 조회됨
[21:16:49]    배당 결정 공시 없음
[21:16:50] 🔍 KIND ETF 공시 확인 중... (조회기간: 2026-06-24 ~ 2026-06-25)
[21:16:50]    새로운 감시 ETF 이익분배금 공시 없음
[21:21:51] 🔍 DART 공시 확인 중... (조회기간: 20260624 ~ 20260625)
[21:21:51]    총 83건의 주요사항보고 조회됨
[21:21:51]    배당 결정 공시 없음
[21:21:51] 🔍 KIND ETF 공시 확인 중... (조회기간: 2026-06-24 ~ 2026-06-25)
[21:21:51]    새로운 감시 ETF 이익분배금 공시 없음
[21:26:52] 🔍 DART 공시 확인 중... (조회기간: 20260624 ~ 20260625)
[21:26:52]    총 83건의 주요사항보고 조회됨
[21:26:52]    배당 결정 공시 없음
[21:26:53] 🔍 KIND ETF 공시 확인 중... (조회기간: 2026-06-24 ~ 2026-06-25)
[21:26:53]    새로운 감시 ETF 이익분배금 공시 없음
[21:31:54] 🔍 DART 공시 확인 중... (조회기간: 20260624 ~ 20260625)
[21:31:54]    총 83건의 주요사항보고 조회됨
[21:31:54]    배당 결정 공시 없음
[21:31:55] 🔍 KIND ETF 공시 확인 중... (조회기간: 2026-06-24 ~ 2026-06-25)
[21:31:55]    새로운 감시 ETF 이익분배금 공시 없음
[21:36:55] 🔍 DART 공시 확인 중... (조회기간: 20260624 ~ 20260625)
[21:36:55]    총 83건의 주요사항보고 조회됨
[21:36:55]    배당 결정 공시 없음
[21:36:56] 🔍 KIND ETF 공시 확인 중... (조회기간: 2026-06-24 ~ 2026-06-25)
[21:36:56]    새로운 감시 ETF 이익분배금 공시 없음
[21:41:57] 🔍 DART 공시 확인 중... (조회기간: 20260624 ~ 20260625)
[21:41:57]    총 83건의 주요사항보고 조회됨
[21:41:57]    배당 결정 공시 없음
[21:41:58] 🔍 KIND ETF 공시 확인 중... (조회기간: 2026-06-24 ~ 2026-06-25)
[21:41:58]    새로운 감시 ETF 이익분배금 공시 없음
[21:46:59] 🔍 DART 공시 확인 중... (조회기간: 20260624 ~ 20260625)
[21:46:59]    총 83건의 주요사항보고 조회됨
[21:46:59]    배당 결정 공시 없음
[21:47:00] 🔍 KIND ETF 공시 확인 중... (조회기간: 2026-06-24 ~ 2026-06-25)
[21:47:00]    새로운 감시 ETF 이익분배금 공시 없음
[21:52:00] 🔍 DART 공시 확인 중... (조회기간: 20260624 ~ 20260625)
[21:52:00]    총 83건의 주요사항보고 조회됨
[21:52:00]    배당 결정 공시 없음
[21:52:01] 🔍 KIND ETF 공시 확인 중... (조회기간: 2026-06-24 ~ 2026-06-25)
[21:52:01]    새로운 감시 ETF 이익분배금 공시 없음
[21:57:02] 🔍 DART 공시 확인 중... (조회기간: 20260624 ~ 20260625)
[21:57:02]    총 83건의 주요사항보고 조회됨
[21:57:02]    배당 결정 공시 없음
[21:57:03] 🔍 KIND ETF 공시 확인 중... (조회기간: 2026-06-24 ~ 2026-06-25)
[21:57:03]    새로운 감시 ETF 이익분배금 공시 없음
[22:02:04] 🔍 DART 공시 확인 중... (조회기간: 20260624 ~ 20260625)
[22:02:04]    총 83건의 주요사항보고 조회됨
[22:02:04]    배당 결정 공시 없음
[22:02:04] 🔍 KIND ETF 공시 확인 중... (조회기간: 2026-06-24 ~ 2026-06-25)
[22:02:04]    새로운 감시 ETF 이익분배금 공시 없음
[22:07:05] 🔍 DART 공시 확인 중... (조회기간: 20260624 ~ 20260625)
[22:07:05]    총 83건의 주요사항보고 조회됨
[22:07:05]    배당 결정 공시 없음
[22:07:06] 🔍 KIND ETF 공시 확인 중... (조회기간: 2026-06-24 ~ 2026-06-25)
[22:07:06]    새로운 감시 ETF 이익분배금 공시 없음
[22:12:07] 🔍 DART 공시 확인 중... (조회기간: 20260624 ~ 20260625)
[22:12:07]    총 83건의 주요사항보고 조회됨
[22:12:07]    배당 결정 공시 없음
[22:12:08] 🔍 KIND ETF 공시 확인 중... (조회기간: 2026-06-24 ~ 2026-06-25)
[22:12:08]    새로운 감시 ETF 이익분배금 공시 없음
[22:17:09] 🔍 DART 공시 확인 중... (조회기간: 20260624 ~ 20260625)
[22:17:09]    총 83건의 주요사항보고 조회됨
[22:17:09]    배당 결정 공시 없음
[22:17:10] 🔍 KIND ETF 공시 확인 중... (조회기간: 2026-06-24 ~ 2026-06-25)
[22:17:10]    새로운 감시 ETF 이익분배금 공시 없음
[22:22:10] 🔍 DART 공시 확인 중... (조회기간: 20260624 ~ 20260625)
[22:22:10]    총 83건의 주요사항보고 조회됨
[22:22:10]    배당 결정 공시 없음
[22:22:11] 🔍 KIND ETF 공시 확인 중... (조회기간: 2026-06-24 ~ 2026-06-25)
[22:22:11]    새로운 감시 ETF 이익분배금 공시 없음
[22:27:12] 🔍 DART 공시 확인 중... (조회기간: 20260624 ~ 20260625)
[22:27:12]    총 83건의 주요사항보고 조회됨
[22:27:12]    배당 결정 공시 없음
[22:27:13] 🔍 KIND ETF 공시 확인 중... (조회기간: 2026-06-24 ~ 2026-06-25)
[22:27:13]    새로운 감시 ETF 이익분배금 공시 없음
[22:32:14] 🔍 DART 공시 확인 중... (조회기간: 20260624 ~ 20260625)
[22:32:14]    총 83건의 주요사항보고 조회됨
[22:32:14]    배당 결정 공시 없음
[22:32:14] 🔍 KIND ETF 공시 확인 중... (조회기간: 2026-06-24 ~ 2026-06-25)
[22:32:14]    새로운 감시 ETF 이익분배금 공시 없음
[22:37:15] 🔍 DART 공시 확인 중... (조회기간: 20260624 ~ 20260625)
[22:37:15]    총 83건의 주요사항보고 조회됨
[22:37:15]    배당 결정 공시 없음
[22:37:16] 🔍 KIND ETF 공시 확인 중... (조회기간: 2026-06-24 ~ 2026-06-25)
[22:37:16]    새로운 감시 ETF 이익분배금 공시 없음
[22:42:17] 🔍 DART 공시 확인 중... (조회기간: 20260624 ~ 20260625)
[22:42:17]    총 83건의 주요사항보고 조회됨
[22:42:17]    배당 결정 공시 없음
[22:42:17] 🔍 KIND ETF 공시 확인 중... (조회기간: 2026-06-24 ~ 2026-06-25)
[22:42:17]    새로운 감시 ETF 이익분배금 공시 없음
[22:47:18] 🔍 DART 공시 확인 중... (조회기간: 20260624 ~ 20260625)
[22:47:18]    총 83건의 주요사항보고 조회됨
[22:47:18]    배당 결정 공시 없음
[22:47:19] 🔍 KIND ETF 공시 확인 중... (조회기간: 2026-06-24 ~ 2026-06-25)
[22:47:19]    새로운 감시 ETF 이익분배금 공시 없음
[22:52:20] 🔍 DART 공시 확인 중... (조회기간: 20260624 ~ 20260625)
[22:52:20]    총 83건의 주요사항보고 조회됨
[22:52:20]    배당 결정 공시 없음
[22:52:21] 🔍 KIND ETF 공시 확인 중... (조회기간: 2026-06-24 ~ 2026-06-25)
[22:52:21]    새로운 감시 ETF 이익분배금 공시 없음
[22:57:21] 🔍 DART 공시 확인 중... (조회기간: 20260624 ~ 20260625)
[22:57:21]    총 83건의 주요사항보고 조회됨
[22:57:21]    배당 결정 공시 없음
[22:57:22] 🔍 KIND ETF 공시 확인 중... (조회기간: 2026-06-24 ~ 2026-06-25)
[22:57:22]    새로운 감시 ETF 이익분배금 공시 없음
[23:02:23] 🔍 DART 공시 확인 중... (조회기간: 20260624 ~ 20260625)
[23:02:23]    총 83건의 주요사항보고 조회됨
[23:02:23]    배당 결정 공시 없음
[23:02:24] 🔍 KIND ETF 공시 확인 중... (조회기간: 2026-06-24 ~ 2026-06-25)
[23:02:24]    새로운 감시 ETF 이익분배금 공시 없음
[23:07:25] 🔍 DART 공시 확인 중... (조회기간: 20260624 ~ 20260625)
[23:07:25]    총 83건의 주요사항보고 조회됨
[23:07:25]    배당 결정 공시 없음
[23:07:26] 🔍 KIND ETF 공시 확인 중... (조회기간: 2026-06-24 ~ 2026-06-25)
[23:07:26]    새로운 감시 ETF 이익분배금 공시 없음
[23:12:27] 🔍 DART 공시 확인 중... (조회기간: 20260624 ~ 20260625)
[23:12:27]    총 83건의 주요사항보고 조회됨
[23:12:27]    배당 결정 공시 없음
[23:12:28] 🔍 KIND ETF 공시 확인 중... (조회기간: 2026-06-24 ~ 2026-06-25)
[23:12:28]    새로운 감시 ETF 이익분배금 공시 없음
[23:17:28] 🔍 DART 공시 확인 중... (조회기간: 20260624 ~ 20260625)
[23:17:28]    총 83건의 주요사항보고 조회됨
[23:17:28]    배당 결정 공시 없음
[23:17:29] 🔍 KIND ETF 공시 확인 중... (조회기간: 2026-06-24 ~ 2026-06-25)
[23:17:29]    새로운 감시 ETF 이익분배금 공시 없음
[23:22:30] 🔍 DART 공시 확인 중... (조회기간: 20260624 ~ 20260625)
[23:22:30]    총 83건의 주요사항보고 조회됨
[23:22:30]    배당 결정 공시 없음
[23:22:31] 🔍 KIND ETF 공시 확인 중... (조회기간: 2026-06-24 ~ 2026-06-25)
[23:22:31]    새로운 감시 ETF 이익분배금 공시 없음
[23:27:32] 🔍 DART 공시 확인 중... (조회기간: 20260624 ~ 20260625)
[23:27:32]    총 83건의 주요사항보고 조회됨
[23:27:32]    배당 결정 공시 없음
[23:27:33] 🔍 KIND ETF 공시 확인 중... (조회기간: 2026-06-24 ~ 2026-06-25)
[23:27:33]    새로운 감시 ETF 이익분배금 공시 없음
[23:32:34] 🔍 DART 공시 확인 중... (조회기간: 20260624 ~ 20260625)
[23:32:34]    총 83건의 주요사항보고 조회됨
[23:32:34]    배당 결정 공시 없음
[23:32:35] 🔍 KIND ETF 공시 확인 중... (조회기간: 2026-06-24 ~ 2026-06-25)
[23:32:35]    새로운 감시 ETF 이익분배금 공시 없음
[23:37:39] 🔍 DART 공시 확인 중... (조회기간: 20260624 ~ 20260625)
[23:37:39]    총 83건의 주요사항보고 조회됨
[23:37:39]    배당 결정 공시 없음
[23:37:40] 🔍 KIND ETF 공시 확인 중... (조회기간: 2026-06-24 ~ 2026-06-25)
[23:37:40]    새로운 감시 ETF 이익분배금 공시 없음
[23:42:40] 🔍 DART 공시 확인 중... (조회기간: 20260624 ~ 20260625)
[23:42:40]    총 83건의 주요사항보고 조회됨
[23:42:40]    배당 결정 공시 없음
[23:42:41] 🔍 KIND ETF 공시 확인 중... (조회기간: 2026-06-24 ~ 2026-06-25)
[23:42:41]    새로운 감시 ETF 이익분배금 공시 없음
[23:47:42] 🔍 DART 공시 확인 중... (조회기간: 20260624 ~ 20260625)
[23:47:42]    총 83건의 주요사항보고 조회됨
[23:47:42]    배당 결정 공시 없음
[23:47:43] 🔍 KIND ETF 공시 확인 중... (조회기간: 2026-06-24 ~ 2026-06-25)
[23:47:43]    새로운 감시 ETF 이익분배금 공시 없음
[23:52:44] 🔍 DART 공시 확인 중... (조회기간: 20260624 ~ 20260625)
[23:52:44]    총 83건의 주요사항보고 조회됨
[23:52:44]    배당 결정 공시 없음
[23:52:44] 🔍 KIND ETF 공시 확인 중... (조회기간: 2026-06-24 ~ 2026-06-25)
[23:52:44]    새로운 감시 ETF 이익분배금 공시 없음
[23:57:45] 🔍 DART 공시 확인 중... (조회기간: 20260624 ~ 20260625)
[23:57:45]    총 83건의 주요사항보고 조회됨
[23:57:45]    배당 결정 공시 없음
[23:57:46] 🔍 KIND ETF 공시 확인 중... (조회기간: 2026-06-24 ~ 2026-06-25)
[23:57:46]    새로운 감시 ETF 이익분배금 공시 없음
[00:02:47] 🔍 DART 공시 확인 중... (조회기간: 20260625 ~ 20260626)
[00:02:47]    총 42건의 주요사항보고 조회됨
[00:02:47]    배당 결정 공시 없음
[00:02:48] 🔍 KIND ETF 공시 확인 중... (조회기간: 2026-06-25 ~ 2026-06-26)
[00:02:48]    새로운 감시 ETF 이익분배금 공시 없음
[00:07:48] 🔍 DART 공시 확인 중... (조회기간: 20260625 ~ 20260626)
[00:07:48]    총 42건의 주요사항보고 조회됨
[00:07:48]    배당 결정 공시 없음
[00:07:49] 🔍 KIND ETF 공시 확인 중... (조회기간: 2026-06-25 ~ 2026-06-26)
[00:07:49]    새로운 감시 ETF 이익분배금 공시 없음
[00:12:50] 🔍 DART 공시 확인 중... (조회기간: 20260625 ~ 20260626)
[00:12:50]    총 42건의 주요사항보고 조회됨
[00:12:50]    배당 결정 공시 없음
[00:12:51] 🔍 KIND ETF 공시 확인 중... (조회기간: 2026-06-25 ~ 2026-06-26)
[00:12:51]    새로운 감시 ETF 이익분배금 공시 없음
[00:17:51] 🔍 DART 공시 확인 중... (조회기간: 20260625 ~ 20260626)
[00:17:51]    총 42건의 주요사항보고 조회됨
[00:17:51]    배당 결정 공시 없음
[00:17:52] 🔍 KIND ETF 공시 확인 중... (조회기간: 2026-06-25 ~ 2026-06-26)
[00:17:52]    새로운 감시 ETF 이익분배금 공시 없음
[00:22:53] 🔍 DART 공시 확인 중... (조회기간: 20260625 ~ 20260626)
[00:22:53]    총 42건의 주요사항보고 조회됨
[00:22:53]    배당 결정 공시 없음
[00:22:53] 🔍 KIND ETF 공시 확인 중... (조회기간: 2026-06-25 ~ 2026-06-26)
[00:22:53]    새로운 감시 ETF 이익분배금 공시 없음
[00:27:54] 🔍 DART 공시 확인 중... (조회기간: 20260625 ~ 20260626)
[00:27:54]    총 42건의 주요사항보고 조회됨
[00:27:54]    배당 결정 공시 없음
[00:27:55] 🔍 KIND ETF 공시 확인 중... (조회기간: 2026-06-25 ~ 2026-06-26)
[00:27:55]    새로운 감시 ETF 이익분배금 공시 없음
[00:32:56] 🔍 DART 공시 확인 중... (조회기간: 20260625 ~ 20260626)
[00:32:56]    총 42건의 주요사항보고 조회됨
[00:32:56]    배당 결정 공시 없음
[00:32:56] 🔍 KIND ETF 공시 확인 중... (조회기간: 2026-06-25 ~ 2026-06-26)
[00:32:56]    새로운 감시 ETF 이익분배금 공시 없음
[00:37:57] 🔍 DART 공시 확인 중... (조회기간: 20260625 ~ 20260626)
[00:37:57]    총 42건의 주요사항보고 조회됨
[00:37:57]    배당 결정 공시 없음
[00:37:58] 🔍 KIND ETF 공시 확인 중... (조회기간: 2026-06-25 ~ 2026-06-26)
[00:37:58]    새로운 감시 ETF 이익분배금 공시 없음
[00:42:59] 🔍 DART 공시 확인 중... (조회기간: 20260625 ~ 20260626)
[00:42:59]    총 42건의 주요사항보고 조회됨
[00:42:59]    배당 결정 공시 없음
[00:42:59] 🔍 KIND ETF 공시 확인 중... (조회기간: 2026-06-25 ~ 2026-06-26)
[00:42:59]    새로운 감시 ETF 이익분배금 공시 없음
[00:48:00] 🔍 DART 공시 확인 중... (조회기간: 20260625 ~ 20260626)
[00:48:00]    총 42건의 주요사항보고 조회됨
[00:48:00]    배당 결정 공시 없음
[00:48:01] 🔍 KIND ETF 공시 확인 중... (조회기간: 2026-06-25 ~ 2026-06-26)
[00:48:01]    새로운 감시 ETF 이익분배금 공시 없음
[00:53:02] 🔍 DART 공시 확인 중... (조회기간: 20260625 ~ 20260626)
[00:53:02]    총 42건의 주요사항보고 조회됨
[00:53:02]    배당 결정 공시 없음
[00:53:02] 🔍 KIND ETF 공시 확인 중... (조회기간: 2026-06-25 ~ 2026-06-26)
[00:53:02]    새로운 감시 ETF 이익분배금 공시 없음
[00:58:03] 🔍 DART 공시 확인 중... (조회기간: 20260625 ~ 20260626)
[00:58:03]    총 42건의 주요사항보고 조회됨
[00:58:03]    배당 결정 공시 없음
[00:58:04] 🔍 KIND ETF 공시 확인 중... (조회기간: 2026-06-25 ~ 2026-06-26)
[00:58:04]    새로운 감시 ETF 이익분배금 공시 없음
[01:03:05] 🔍 DART 공시 확인 중... (조회기간: 20260625 ~ 20260626)
[01:03:05]    총 42건의 주요사항보고 조회됨
[01:03:05]    배당 결정 공시 없음
[01:03:05] 🔍 KIND ETF 공시 확인 중... (조회기간: 2026-06-25 ~ 2026-06-26)
[01:03:05]    새로운 감시 ETF 이익분배금 공시 없음
[01:08:06] 🔍 DART 공시 확인 중... (조회기간: 20260625 ~ 20260626)
[01:08:06]    총 42건의 주요사항보고 조회됨
[01:08:06]    배당 결정 공시 없음
[01:08:07] 🔍 KIND ETF 공시 확인 중... (조회기간: 2026-06-25 ~ 2026-06-26)
[01:08:07]    새로운 감시 ETF 이익분배금 공시 없음
[01:13:07] 🔍 DART 공시 확인 중... (조회기간: 20260625 ~ 20260626)
[01:13:07]    총 42건의 주요사항보고 조회됨
[01:13:07]    배당 결정 공시 없음
[01:13:08] 🔍 KIND ETF 공시 확인 중... (조회기간: 2026-06-25 ~ 2026-06-26)
[01:13:08]    새로운 감시 ETF 이익분배금 공시 없음
[01:18:09] 🔍 DART 공시 확인 중... (조회기간: 20260625 ~ 20260626)
[01:18:09]    총 42건의 주요사항보고 조회됨
[01:18:09]    배당 결정 공시 없음
[01:18:10] 🔍 KIND ETF 공시 확인 중... (조회기간: 2026-06-25 ~ 2026-06-26)
[01:18:10]    새로운 감시 ETF 이익분배금 공시 없음
[01:23:10] 🔍 DART 공시 확인 중... (조회기간: 20260625 ~ 20260626)
[01:23:10]    총 42건의 주요사항보고 조회됨
[01:23:10]    배당 결정 공시 없음
[01:23:11] 🔍 KIND ETF 공시 확인 중... (조회기간: 2026-06-25 ~ 2026-06-26)
[01:23:11]    새로운 감시 ETF 이익분배금 공시 없음
[01:28:12] 🔍 DART 공시 확인 중... (조회기간: 20260625 ~ 20260626)
[01:28:12]    총 42건의 주요사항보고 조회됨
[01:28:12]    배당 결정 공시 없음
[01:28:13] 🔍 KIND ETF 공시 확인 중... (조회기간: 2026-06-25 ~ 2026-06-26)
[01:28:13]    새로운 감시 ETF 이익분배금 공시 없음
[01:33:14] 🔍 DART 공시 확인 중... (조회기간: 20260625 ~ 20260626)
[01:33:14]    총 42건의 주요사항보고 조회됨
[01:33:14]    배당 결정 공시 없음
[01:33:14] 🔍 KIND ETF 공시 확인 중... (조회기간: 2026-06-25 ~ 2026-06-26)
[01:33:14]    새로운 감시 ETF 이익분배금 공시 없음
[01:38:15] 🔍 DART 공시 확인 중... (조회기간: 20260625 ~ 20260626)
[01:38:15]    총 42건의 주요사항보고 조회됨
[01:38:15]    배당 결정 공시 없음
[01:38:16] 🔍 KIND ETF 공시 확인 중... (조회기간: 2026-06-25 ~ 2026-06-26)
[01:38:16]    새로운 감시 ETF 이익분배금 공시 없음
[01:43:17] 🔍 DART 공시 확인 중... (조회기간: 20260625 ~ 20260626)
[01:43:17]    총 42건의 주요사항보고 조회됨
[01:43:17]    배당 결정 공시 없음
[01:43:17] 🔍 KIND ETF 공시 확인 중... (조회기간: 2026-06-25 ~ 2026-06-26)
[01:43:17]    새로운 감시 ETF 이익분배금 공시 없음
[01:48:18] 🔍 DART 공시 확인 중... (조회기간: 20260625 ~ 20260626)
[01:48:18]    총 42건의 주요사항보고 조회됨
[01:48:18]    배당 결정 공시 없음
[01:48:19] 🔍 KIND ETF 공시 확인 중... (조회기간: 2026-06-25 ~ 2026-06-26)
[01:48:19]    새로운 감시 ETF 이익분배금 공시 없음
[01:53:19] 🔍 DART 공시 확인 중... (조회기간: 20260625 ~ 20260626)
[01:53:19]    총 42건의 주요사항보고 조회됨
[01:53:19]    배당 결정 공시 없음
[01:53:20] 🔍 KIND ETF 공시 확인 중... (조회기간: 2026-06-25 ~ 2026-06-26)
[01:53:20]    새로운 감시 ETF 이익분배금 공시 없음
[01:58:21] 🔍 DART 공시 확인 중... (조회기간: 20260625 ~ 20260626)
[01:58:21]    총 42건의 주요사항보고 조회됨
[01:58:21]    배당 결정 공시 없음
[01:58:22] 🔍 KIND ETF 공시 확인 중... (조회기간: 2026-06-25 ~ 2026-06-26)
[01:58:22]    새로운 감시 ETF 이익분배금 공시 없음
[02:03:23] 🔍 DART 공시 확인 중... (조회기간: 20260625 ~ 20260626)
[02:03:23]    총 42건의 주요사항보고 조회됨
[02:03:23]    배당 결정 공시 없음
[02:03:23] 🔍 KIND ETF 공시 확인 중... (조회기간: 2026-06-25 ~ 2026-06-26)
[02:03:23]    새로운 감시 ETF 이익분배금 공시 없음
[02:08:24] 🔍 DART 공시 확인 중... (조회기간: 20260625 ~ 20260626)
[02:08:24]    총 42건의 주요사항보고 조회됨
[02:08:24]    배당 결정 공시 없음
[02:08:25] 🔍 KIND ETF 공시 확인 중... (조회기간: 2026-06-25 ~ 2026-06-26)
[02:08:25]    새로운 감시 ETF 이익분배금 공시 없음
[02:13:26] 🔍 DART 공시 확인 중... (조회기간: 20260625 ~ 20260626)
[02:13:26]    총 42건의 주요사항보고 조회됨
[02:13:26]    배당 결정 공시 없음
[02:13:26] 🔍 KIND ETF 공시 확인 중... (조회기간: 2026-06-25 ~ 2026-06-26)
[02:13:26]    새로운 감시 ETF 이익분배금 공시 없음
[02:18:27] 🔍 DART 공시 확인 중... (조회기간: 20260625 ~ 20260626)
[02:18:27]    총 42건의 주요사항보고 조회됨
[02:18:27]    배당 결정 공시 없음
[02:18:28] 🔍 KIND ETF 공시 확인 중... (조회기간: 2026-06-25 ~ 2026-06-26)
[02:18:28]    새로운 감시 ETF 이익분배금 공시 없음
[02:23:28] 🔍 DART 공시 확인 중... (조회기간: 20260625 ~ 20260626)
[02:23:28]    총 42건의 주요사항보고 조회됨
[02:23:28]    배당 결정 공시 없음
[02:23:29] 🔍 KIND ETF 공시 확인 중... (조회기간: 2026-06-25 ~ 2026-06-26)
[02:23:29]    새로운 감시 ETF 이익분배금 공시 없음
[02:28:30] 🔍 DART 공시 확인 중... (조회기간: 20260625 ~ 20260626)
[02:28:30]    총 42건의 주요사항보고 조회됨
[02:28:30]    배당 결정 공시 없음
[02:28:30] 🔍 KIND ETF 공시 확인 중... (조회기간: 2026-06-25 ~ 2026-06-26)
[02:28:30]    새로운 감시 ETF 이익분배금 공시 없음
[02:33:31] 🔍 DART 공시 확인 중... (조회기간: 20260625 ~ 20260626)
[02:33:31]    총 42건의 주요사항보고 조회됨
[02:33:31]    배당 결정 공시 없음
[02:33:32] 🔍 KIND ETF 공시 확인 중... (조회기간: 2026-06-25 ~ 2026-06-26)
[02:33:32]    새로운 감시 ETF 이익분배금 공시 없음
[02:38:33] 🔍 DART 공시 확인 중... (조회기간: 20260625 ~ 20260626)
[02:38:33]    총 42건의 주요사항보고 조회됨
[02:38:33]    배당 결정 공시 없음
[02:38:33] 🔍 KIND ETF 공시 확인 중... (조회기간: 2026-06-25 ~ 2026-06-26)
[02:38:33]    새로운 감시 ETF 이익분배금 공시 없음
[02:43:34] 🔍 DART 공시 확인 중... (조회기간: 20260625 ~ 20260626)
[02:43:34]    총 42건의 주요사항보고 조회됨
[02:43:34]    배당 결정 공시 없음
[02:43:35] 🔍 KIND ETF 공시 확인 중... (조회기간: 2026-06-25 ~ 2026-06-26)
[02:43:35]    새로운 감시 ETF 이익분배금 공시 없음
[02:48:36] 🔍 DART 공시 확인 중... (조회기간: 20260625 ~ 20260626)
[02:48:36]    총 42건의 주요사항보고 조회됨
[02:48:36]    배당 결정 공시 없음
[02:48:36] 🔍 KIND ETF 공시 확인 중... (조회기간: 2026-06-25 ~ 2026-06-26)
[02:48:36]    새로운 감시 ETF 이익분배금 공시 없음
[02:53:37] 🔍 DART 공시 확인 중... (조회기간: 20260625 ~ 20260626)
[02:53:37]    총 42건의 주요사항보고 조회됨
[02:53:37]    배당 결정 공시 없음
[02:53:38] 🔍 KIND ETF 공시 확인 중... (조회기간: 2026-06-25 ~ 2026-06-26)
[02:53:38]    새로운 감시 ETF 이익분배금 공시 없음
[02:58:39] 🔍 DART 공시 확인 중... (조회기간: 20260625 ~ 20260626)
[02:58:39]    총 42건의 주요사항보고 조회됨
[02:58:39]    배당 결정 공시 없음
[02:58:39] 🔍 KIND ETF 공시 확인 중... (조회기간: 2026-06-25 ~ 2026-06-26)
[02:58:39]    새로운 감시 ETF 이익분배금 공시 없음
[03:03:40] 🔍 DART 공시 확인 중... (조회기간: 20260625 ~ 20260626)
[03:03:40]    총 42건의 주요사항보고 조회됨
[03:03:40]    배당 결정 공시 없음
[03:03:41] 🔍 KIND ETF 공시 확인 중... (조회기간: 2026-06-25 ~ 2026-06-26)
[03:03:41]    새로운 감시 ETF 이익분배금 공시 없음
[03:08:41] 🔍 DART 공시 확인 중... (조회기간: 20260625 ~ 20260626)
[03:08:41]    총 42건의 주요사항보고 조회됨
[03:08:41]    배당 결정 공시 없음
[03:08:42] 🔍 KIND ETF 공시 확인 중... (조회기간: 2026-06-25 ~ 2026-06-26)
[03:08:42]    새로운 감시 ETF 이익분배금 공시 없음
[03:13:43] 🔍 DART 공시 확인 중... (조회기간: 20260625 ~ 20260626)
[03:13:43]    총 42건의 주요사항보고 조회됨
[03:13:43]    배당 결정 공시 없음
[03:13:44] 🔍 KIND ETF 공시 확인 중... (조회기간: 2026-06-25 ~ 2026-06-26)
[03:13:44]    새로운 감시 ETF 이익분배금 공시 없음
[03:18:44] 🔍 DART 공시 확인 중... (조회기간: 20260625 ~ 20260626)
[03:18:44]    총 42건의 주요사항보고 조회됨
[03:18:44]    배당 결정 공시 없음
[03:18:45] 🔍 KIND ETF 공시 확인 중... (조회기간: 2026-06-25 ~ 2026-06-26)
[03:18:45]    새로운 감시 ETF 이익분배금 공시 없음
[03:23:46] 🔍 DART 공시 확인 중... (조회기간: 20260625 ~ 20260626)
[03:23:46]    총 42건의 주요사항보고 조회됨
[03:23:46]    배당 결정 공시 없음
[03:23:47] 🔍 KIND ETF 공시 확인 중... (조회기간: 2026-06-25 ~ 2026-06-26)
[03:23:47]    새로운 감시 ETF 이익분배금 공시 없음
[03:28:47] 🔍 DART 공시 확인 중... (조회기간: 20260625 ~ 20260626)
[03:28:47]    총 42건의 주요사항보고 조회됨
[03:28:47]    배당 결정 공시 없음
[03:28:48] 🔍 KIND ETF 공시 확인 중... (조회기간: 2026-06-25 ~ 2026-06-26)
[03:28:48]    새로운 감시 ETF 이익분배금 공시 없음
[03:33:49] 🔍 DART 공시 확인 중... (조회기간: 20260625 ~ 20260626)
[03:33:49]    총 42건의 주요사항보고 조회됨
[03:33:49]    배당 결정 공시 없음
[03:33:50] 🔍 KIND ETF 공시 확인 중... (조회기간: 2026-06-25 ~ 2026-06-26)
[03:33:50]    새로운 감시 ETF 이익분배금 공시 없음
[03:38:50] 🔍 DART 공시 확인 중... (조회기간: 20260625 ~ 20260626)
[03:38:50]    총 42건의 주요사항보고 조회됨
[03:38:50]    배당 결정 공시 없음
[03:38:51] 🔍 KIND ETF 공시 확인 중... (조회기간: 2026-06-25 ~ 2026-06-26)
[03:38:51]    새로운 감시 ETF 이익분배금 공시 없음
[03:43:52] 🔍 DART 공시 확인 중... (조회기간: 20260625 ~ 20260626)
[03:43:52]    총 42건의 주요사항보고 조회됨
[03:43:52]    배당 결정 공시 없음
[03:43:53] 🔍 KIND ETF 공시 확인 중... (조회기간: 2026-06-25 ~ 2026-06-26)
[03:43:53]    새로운 감시 ETF 이익분배금 공시 없음
[03:48:54] 🔍 DART 공시 확인 중... (조회기간: 20260625 ~ 20260626)
[03:48:54]    총 42건의 주요사항보고 조회됨
[03:48:54]    배당 결정 공시 없음
[03:48:54] 🔍 KIND ETF 공시 확인 중... (조회기간: 2026-06-25 ~ 2026-06-26)
[03:48:54]    새로운 감시 ETF 이익분배금 공시 없음
[03:53:55] 🔍 DART 공시 확인 중... (조회기간: 20260625 ~ 20260626)
[03:53:55]    총 42건의 주요사항보고 조회됨
[03:53:55]    배당 결정 공시 없음
[03:53:56] 🔍 KIND ETF 공시 확인 중... (조회기간: 2026-06-25 ~ 2026-06-26)
[03:53:56]    새로운 감시 ETF 이익분배금 공시 없음
[03:58:56] 🔍 DART 공시 확인 중... (조회기간: 20260625 ~ 20260626)
[03:58:56]    총 42건의 주요사항보고 조회됨
[03:58:56]    배당 결정 공시 없음
[03:58:57] 🔍 KIND ETF 공시 확인 중... (조회기간: 2026-06-25 ~ 2026-06-26)
[03:58:57]    새로운 감시 ETF 이익분배금 공시 없음
[04:03:58] 🔍 DART 공시 확인 중... (조회기간: 20260625 ~ 20260626)
[04:03:58]    총 42건의 주요사항보고 조회됨
[04:03:58]    배당 결정 공시 없음
[04:03:59] 🔍 KIND ETF 공시 확인 중... (조회기간: 2026-06-25 ~ 2026-06-26)
[04:03:59]    새로운 감시 ETF 이익분배금 공시 없음
[04:08:59] 🔍 DART 공시 확인 중... (조회기간: 20260625 ~ 20260626)
[04:08:59]    총 42건의 주요사항보고 조회됨
[04:08:59]    배당 결정 공시 없음
[04:09:00] 🔍 KIND ETF 공시 확인 중... (조회기간: 2026-06-25 ~ 2026-06-26)
[04:09:00]    새로운 감시 ETF 이익분배금 공시 없음
[04:14:01] 🔍 DART 공시 확인 중... (조회기간: 20260625 ~ 20260626)
[04:14:01]    총 42건의 주요사항보고 조회됨
[04:14:01]    배당 결정 공시 없음
[04:14:02] 🔍 KIND ETF 공시 확인 중... (조회기간: 2026-06-25 ~ 2026-06-26)
[04:14:02]    새로운 감시 ETF 이익분배금 공시 없음
[04:19:02] 🔍 DART 공시 확인 중... (조회기간: 20260625 ~ 20260626)
[04:19:02]    총 42건의 주요사항보고 조회됨
[04:19:02]    배당 결정 공시 없음
[04:19:03] 🔍 KIND ETF 공시 확인 중... (조회기간: 2026-06-25 ~ 2026-06-26)
[04:19:03]    새로운 감시 ETF 이익분배금 공시 없음
[04:24:04] 🔍 DART 공시 확인 중... (조회기간: 20260625 ~ 20260626)
[04:24:04]    총 42건의 주요사항보고 조회됨
[04:24:04]    배당 결정 공시 없음
[04:24:05] 🔍 KIND ETF 공시 확인 중... (조회기간: 2026-06-25 ~ 2026-06-26)
[04:24:05]    새로운 감시 ETF 이익분배금 공시 없음
[04:29:05] 🔍 DART 공시 확인 중... (조회기간: 20260625 ~ 20260626)
[04:29:05]    총 42건의 주요사항보고 조회됨
[04:29:05]    배당 결정 공시 없음
[04:29:06] 🔍 KIND ETF 공시 확인 중... (조회기간: 2026-06-25 ~ 2026-06-26)
[04:29:06]    새로운 감시 ETF 이익분배금 공시 없음
[04:34:07] 🔍 DART 공시 확인 중... (조회기간: 20260625 ~ 20260626)
[04:34:07]    총 42건의 주요사항보고 조회됨
[04:34:07]    배당 결정 공시 없음
[04:34:07] 🔍 KIND ETF 공시 확인 중... (조회기간: 2026-06-25 ~ 2026-06-26)
[04:34:07]    새로운 감시 ETF 이익분배금 공시 없음
[04:39:08] 🔍 DART 공시 확인 중... (조회기간: 20260625 ~ 20260626)
[04:39:08]    총 42건의 주요사항보고 조회됨
[04:39:08]    배당 결정 공시 없음
[04:39:09] 🔍 KIND ETF 공시 확인 중... (조회기간: 2026-06-25 ~ 2026-06-26)
[04:39:09]    새로운 감시 ETF 이익분배금 공시 없음
[04:44:09] 🔍 DART 공시 확인 중... (조회기간: 20260625 ~ 20260626)
[04:44:09]    총 42건의 주요사항보고 조회됨
[04:44:09]    배당 결정 공시 없음
[04:44:10] 🔍 KIND ETF 공시 확인 중... (조회기간: 2026-06-25 ~ 2026-06-26)
[04:44:10]    새로운 감시 ETF 이익분배금 공시 없음
[04:49:11] 🔍 DART 공시 확인 중... (조회기간: 20260625 ~ 20260626)
[04:49:11]    총 42건의 주요사항보고 조회됨
[04:49:11]    배당 결정 공시 없음
[04:49:12] 🔍 KIND ETF 공시 확인 중... (조회기간: 2026-06-25 ~ 2026-06-26)
[04:49:12]    새로운 감시 ETF 이익분배금 공시 없음
[04:54:12] 🔍 DART 공시 확인 중... (조회기간: 20260625 ~ 20260626)
[04:54:12]    총 42건의 주요사항보고 조회됨
[04:54:12]    배당 결정 공시 없음
[04:54:13] 🔍 KIND ETF 공시 확인 중... (조회기간: 2026-06-25 ~ 2026-06-26)
[04:54:13]    새로운 감시 ETF 이익분배금 공시 없음
[04:59:14] 🔍 DART 공시 확인 중... (조회기간: 20260625 ~ 20260626)
[04:59:14]    총 42건의 주요사항보고 조회됨
[04:59:14]    배당 결정 공시 없음
[04:59:15] 🔍 KIND ETF 공시 확인 중... (조회기간: 2026-06-25 ~ 2026-06-26)
[04:59:15]    새로운 감시 ETF 이익분배금 공시 없음
[05:04:15] 🔍 DART 공시 확인 중... (조회기간: 20260625 ~ 20260626)
[05:04:15]    총 42건의 주요사항보고 조회됨
[05:04:15]    배당 결정 공시 없음
[05:04:16] 🔍 KIND ETF 공시 확인 중... (조회기간: 2026-06-25 ~ 2026-06-26)
[05:04:16]    새로운 감시 ETF 이익분배금 공시 없음
[05:09:17] 🔍 DART 공시 확인 중... (조회기간: 20260625 ~ 20260626)
[05:09:17]    총 42건의 주요사항보고 조회됨
[05:09:17]    배당 결정 공시 없음
[05:09:17] 🔍 KIND ETF 공시 확인 중... (조회기간: 2026-06-25 ~ 2026-06-26)
[05:09:17]    새로운 감시 ETF 이익분배금 공시 없음
[05:14:18] 🔍 DART 공시 확인 중... (조회기간: 20260625 ~ 20260626)
[05:14:18]    총 42건의 주요사항보고 조회됨
[05:14:18]    배당 결정 공시 없음
[05:14:19] 🔍 KIND ETF 공시 확인 중... (조회기간: 2026-06-25 ~ 2026-06-26)
[05:14:19]    새로운 감시 ETF 이익분배금 공시 없음
[05:19:20] 🔍 DART 공시 확인 중... (조회기간: 20260625 ~ 20260626)
[05:19:20]    총 42건의 주요사항보고 조회됨
[05:19:20]    배당 결정 공시 없음
[05:19:20] 🔍 KIND ETF 공시 확인 중... (조회기간: 2026-06-25 ~ 2026-06-26)
[05:19:20]    새로운 감시 ETF 이익분배금 공시 없음
[05:24:21] 🔍 DART 공시 확인 중... (조회기간: 20260625 ~ 20260626)
[05:24:21]    총 42건의 주요사항보고 조회됨
[05:24:21]    배당 결정 공시 없음
[05:24:22] 🔍 KIND ETF 공시 확인 중... (조회기간: 2026-06-25 ~ 2026-06-26)
[05:24:22]    새로운 감시 ETF 이익분배금 공시 없음
[05:29:23] 🔍 DART 공시 확인 중... (조회기간: 20260625 ~ 20260626)
[05:29:23]    총 42건의 주요사항보고 조회됨
[05:29:23]    배당 결정 공시 없음
[05:29:23] 🔍 KIND ETF 공시 확인 중... (조회기간: 2026-06-25 ~ 2026-06-26)
[05:29:23]    새로운 감시 ETF 이익분배금 공시 없음
[05:34:24] 🔍 DART 공시 확인 중... (조회기간: 20260625 ~ 20260626)
[05:34:24]    총 42건의 주요사항보고 조회됨
[05:34:24]    배당 결정 공시 없음
[05:34:25] 🔍 KIND ETF 공시 확인 중... (조회기간: 2026-06-25 ~ 2026-06-26)
[05:34:25]    새로운 감시 ETF 이익분배금 공시 없음
[05:39:25] 🔍 DART 공시 확인 중... (조회기간: 20260625 ~ 20260626)
[05:39:25]    총 42건의 주요사항보고 조회됨
[05:39:25]    배당 결정 공시 없음
[05:39:26] 🔍 KIND ETF 공시 확인 중... (조회기간: 2026-06-25 ~ 2026-06-26)
[05:39:26]    새로운 감시 ETF 이익분배금 공시 없음
[05:44:27] 🔍 DART 공시 확인 중... (조회기간: 20260625 ~ 20260626)
[05:44:27]    총 42건의 주요사항보고 조회됨
[05:44:27]    배당 결정 공시 없음
[05:44:28] 🔍 KIND ETF 공시 확인 중... (조회기간: 2026-06-25 ~ 2026-06-26)
[05:44:28]    새로운 감시 ETF 이익분배금 공시 없음
[05:49:28] 🔍 DART 공시 확인 중... (조회기간: 20260625 ~ 20260626)
[05:49:28]    총 42건의 주요사항보고 조회됨
[05:49:28]    배당 결정 공시 없음
[05:49:29] 🔍 KIND ETF 공시 확인 중... (조회기간: 2026-06-25 ~ 2026-06-26)
[05:49:29]    새로운 감시 ETF 이익분배금 공시 없음
[05:54:30] 🔍 DART 공시 확인 중... (조회기간: 20260625 ~ 20260626)
[05:54:30]    총 42건의 주요사항보고 조회됨
[05:54:30]    배당 결정 공시 없음
[05:54:31] 🔍 KIND ETF 공시 확인 중... (조회기간: 2026-06-25 ~ 2026-06-26)
[05:54:31]    새로운 감시 ETF 이익분배금 공시 없음
[05:59:32] 🔍 DART 공시 확인 중... (조회기간: 20260625 ~ 20260626)
[05:59:32]    총 42건의 주요사항보고 조회됨
[05:59:32]    배당 결정 공시 없음
[05:59:32] 🔍 KIND ETF 공시 확인 중... (조회기간: 2026-06-25 ~ 2026-06-26)
[05:59:32]    새로운 감시 ETF 이익분배금 공시 없음
[06:04:33] 🔍 DART 공시 확인 중... (조회기간: 20260625 ~ 20260626)
[06:04:33]    총 42건의 주요사항보고 조회됨
[06:04:33]    배당 결정 공시 없음
[06:04:34] 🔍 KIND ETF 공시 확인 중... (조회기간: 2026-06-25 ~ 2026-06-26)
[06:04:34]    새로운 감시 ETF 이익분배금 공시 없음
[06:09:34] 🔍 DART 공시 확인 중... (조회기간: 20260625 ~ 20260626)
[06:09:34]    총 42건의 주요사항보고 조회됨
[06:09:34]    배당 결정 공시 없음
[06:09:35] 🔍 KIND ETF 공시 확인 중... (조회기간: 2026-06-25 ~ 2026-06-26)
[06:09:35]    새로운 감시 ETF 이익분배금 공시 없음
[06:14:36] 🔍 DART 공시 확인 중... (조회기간: 20260625 ~ 20260626)
[06:14:36]    총 42건의 주요사항보고 조회됨
[06:14:36]    배당 결정 공시 없음
[06:14:37] 🔍 KIND ETF 공시 확인 중... (조회기간: 2026-06-25 ~ 2026-06-26)
[06:14:37]    새로운 감시 ETF 이익분배금 공시 없음
[06:19:37] 🔍 DART 공시 확인 중... (조회기간: 20260625 ~ 20260626)
[06:19:37]    총 42건의 주요사항보고 조회됨
[06:19:37]    배당 결정 공시 없음
[06:19:38] 🔍 KIND ETF 공시 확인 중... (조회기간: 2026-06-25 ~ 2026-06-26)
[06:19:38]    새로운 감시 ETF 이익분배금 공시 없음
[06:24:39] 🔍 DART 공시 확인 중... (조회기간: 20260625 ~ 20260626)
[06:24:39]    총 42건의 주요사항보고 조회됨
[06:24:39]    배당 결정 공시 없음
[06:24:40] 🔍 KIND ETF 공시 확인 중... (조회기간: 2026-06-25 ~ 2026-06-26)
[06:24:40]    새로운 감시 ETF 이익분배금 공시 없음
[06:29:40] 🔍 DART 공시 확인 중... (조회기간: 20260625 ~ 20260626)
[06:29:40]    총 42건의 주요사항보고 조회됨
[06:29:40]    배당 결정 공시 없음
[06:29:41] 🔍 KIND ETF 공시 확인 중... (조회기간: 2026-06-25 ~ 2026-06-26)
[06:29:41]    새로운 감시 ETF 이익분배금 공시 없음
[06:34:42] 🔍 DART 공시 확인 중... (조회기간: 20260625 ~ 20260626)
[06:34:42]    총 42건의 주요사항보고 조회됨
[06:34:42]    배당 결정 공시 없음
[06:34:43] 🔍 KIND ETF 공시 확인 중... (조회기간: 2026-06-25 ~ 2026-06-26)
[06:34:43]    새로운 감시 ETF 이익분배금 공시 없음
[06:39:43] 🔍 DART 공시 확인 중... (조회기간: 20260625 ~ 20260626)
[06:39:43]    총 42건의 주요사항보고 조회됨
[06:39:43]    배당 결정 공시 없음
[06:39:44] 🔍 KIND ETF 공시 확인 중... (조회기간: 2026-06-25 ~ 2026-06-26)
[06:39:44]    새로운 감시 ETF 이익분배금 공시 없음
[06:44:45] 🔍 DART 공시 확인 중... (조회기간: 20260625 ~ 20260626)
[06:44:45]    총 42건의 주요사항보고 조회됨
[06:44:45]    배당 결정 공시 없음
[06:44:45] 🔍 KIND ETF 공시 확인 중... (조회기간: 2026-06-25 ~ 2026-06-26)
[06:44:45]    새로운 감시 ETF 이익분배금 공시 없음
[06:49:46] 🔍 DART 공시 확인 중... (조회기간: 20260625 ~ 20260626)
[06:49:46]    총 42건의 주요사항보고 조회됨
[06:49:46]    배당 결정 공시 없음
[06:49:47] 🔍 KIND ETF 공시 확인 중... (조회기간: 2026-06-25 ~ 2026-06-26)
[06:49:47]    새로운 감시 ETF 이익분배금 공시 없음
[06:54:48] 🔍 DART 공시 확인 중... (조회기간: 20260625 ~ 20260626)
[06:54:48]    총 42건의 주요사항보고 조회됨
[06:54:48]    배당 결정 공시 없음
[06:54:48] 🔍 KIND ETF 공시 확인 중... (조회기간: 2026-06-25 ~ 2026-06-26)
[06:54:48]    새로운 감시 ETF 이익분배금 공시 없음
[06:59:49] 🔍 DART 공시 확인 중... (조회기간: 20260625 ~ 20260626)
[06:59:49]    총 42건의 주요사항보고 조회됨
[06:59:49]    배당 결정 공시 없음
[06:59:50] 🔍 KIND ETF 공시 확인 중... (조회기간: 2026-06-25 ~ 2026-06-26)
[06:59:50]    새로운 감시 ETF 이익분배금 공시 없음
[07:04:51] 🔍 DART 공시 확인 중... (조회기간: 20260625 ~ 20260626)
[07:04:51]    총 42건의 주요사항보고 조회됨
[07:04:51]    배당 결정 공시 없음
[07:04:51] 🔍 KIND ETF 공시 확인 중... (조회기간: 2026-06-25 ~ 2026-06-26)
[07:04:51]    새로운 감시 ETF 이익분배금 공시 없음
[07:09:52] 🔍 DART 공시 확인 중... (조회기간: 20260625 ~ 20260626)
[07:09:52]    총 42건의 주요사항보고 조회됨
[07:09:52]    배당 결정 공시 없음
[07:09:53] 🔍 KIND ETF 공시 확인 중... (조회기간: 2026-06-25 ~ 2026-06-26)
[07:09:53]    새로운 감시 ETF 이익분배금 공시 없음
[07:14:53] 🔍 DART 공시 확인 중... (조회기간: 20260625 ~ 20260626)
[07:14:53]    총 42건의 주요사항보고 조회됨
[07:14:53]    배당 결정 공시 없음
[07:14:54] 🔍 KIND ETF 공시 확인 중... (조회기간: 2026-06-25 ~ 2026-06-26)
[07:14:54]    새로운 감시 ETF 이익분배금 공시 없음
[07:19:55] 🔍 DART 공시 확인 중... (조회기간: 20260625 ~ 20260626)
[07:19:55]    총 42건의 주요사항보고 조회됨
[07:19:55]    배당 결정 공시 없음
[07:19:56] 🔍 KIND ETF 공시 확인 중... (조회기간: 2026-06-25 ~ 2026-06-26)
[07:19:56]    새로운 감시 ETF 이익분배금 공시 없음
[07:24:56] 🔍 DART 공시 확인 중... (조회기간: 20260625 ~ 20260626)
[07:24:56]    총 42건의 주요사항보고 조회됨
[07:24:56]    배당 결정 공시 없음
[07:24:57] 🔍 KIND ETF 공시 확인 중... (조회기간: 2026-06-25 ~ 2026-06-26)
[07:24:57]    새로운 감시 ETF 이익분배금 공시 없음
[07:29:58] 🔍 DART 공시 확인 중... (조회기간: 20260625 ~ 20260626)
[07:29:58]    총 42건의 주요사항보고 조회됨
[07:29:58]    배당 결정 공시 없음
[07:29:59] 🔍 KIND ETF 공시 확인 중... (조회기간: 2026-06-25 ~ 2026-06-26)
[07:29:59]    새로운 감시 ETF 이익분배금 공시 없음
[07:34:59] 🔍 DART 공시 확인 중... (조회기간: 20260625 ~ 20260626)
[07:34:59]    총 42건의 주요사항보고 조회됨
[07:34:59]    배당 결정 공시 없음
[07:35:00] 🔍 KIND ETF 공시 확인 중... (조회기간: 2026-06-25 ~ 2026-06-26)
[07:35:00]    새로운 감시 ETF 이익분배금 공시 없음
[07:40:01] 🔍 DART 공시 확인 중... (조회기간: 20260625 ~ 20260626)
[07:40:01]    총 47건의 주요사항보고 조회됨
[07:40:01]    배당 결정 공시 없음
[07:40:02] 🔍 KIND ETF 공시 확인 중... (조회기간: 2026-06-25 ~ 2026-06-26)
[07:40:02]    새로운 감시 ETF 이익분배금 공시 없음
[07:45:02] 🔍 DART 공시 확인 중... (조회기간: 20260625 ~ 20260626)
[07:45:02]    총 48건의 주요사항보고 조회됨
[07:45:02]    배당 결정 공시 없음
[07:45:03] 🔍 KIND ETF 공시 확인 중... (조회기간: 2026-06-25 ~ 2026-06-26)
[07:45:03]    새로운 감시 ETF 이익분배금 공시 없음
[07:50:04] 🔍 DART 공시 확인 중... (조회기간: 20260625 ~ 20260626)
[07:50:04]    총 49건의 주요사항보고 조회됨
[07:50:04]    배당 결정 공시 없음
[07:50:05] 🔍 KIND ETF 공시 확인 중... (조회기간: 2026-06-25 ~ 2026-06-26)
[07:50:05]    새로운 감시 ETF 이익분배금 공시 없음
[07:55:05] 🔍 DART 공시 확인 중... (조회기간: 20260625 ~ 20260626)
[07:55:05]    총 49건의 주요사항보고 조회됨
[07:55:05]    배당 결정 공시 없음
[07:55:06] 🔍 KIND ETF 공시 확인 중... (조회기간: 2026-06-25 ~ 2026-06-26)
[07:55:06]    새로운 감시 ETF 이익분배금 공시 없음
[08:00:07] 🔍 DART 공시 확인 중... (조회기간: 20260625 ~ 20260626)
[08:00:07]    총 49건의 주요사항보고 조회됨
[08:00:07]    배당 결정 공시 없음
[08:00:08] 🔍 KIND ETF 공시 확인 중... (조회기간: 2026-06-25 ~ 2026-06-26)
[08:00:08]    새로운 감시 ETF 이익분배금 공시 없음
[08:05:09] 🔍 DART 공시 확인 중... (조회기간: 20260625 ~ 20260626)
[08:05:09]    총 49건의 주요사항보고 조회됨
[08:05:09]    배당 결정 공시 없음
[08:05:09] 🔍 KIND ETF 공시 확인 중... (조회기간: 2026-06-25 ~ 2026-06-26)
[08:05:09]    새로운 감시 ETF 이익분배금 공시 없음
[08:10:10] 🔍 DART 공시 확인 중... (조회기간: 20260625 ~ 20260626)
[08:10:10]    총 49건의 주요사항보고 조회됨
[08:10:10]    배당 결정 공시 없음
[08:10:11] 🔍 KIND ETF 공시 확인 중... (조회기간: 2026-06-25 ~ 2026-06-26)
[08:10:11]    새로운 감시 ETF 이익분배금 공시 없음
[08:15:12] 🔍 DART 공시 확인 중... (조회기간: 20260625 ~ 20260626)
[08:15:12]    총 49건의 주요사항보고 조회됨
[08:15:12]    배당 결정 공시 없음
[08:15:12] 🔍 KIND ETF 공시 확인 중... (조회기간: 2026-06-25 ~ 2026-06-26)
[08:15:12]    새로운 감시 ETF 이익분배금 공시 없음
[08:20:13] 🔍 DART 공시 확인 중... (조회기간: 20260625 ~ 20260626)
[08:20:13]    총 49건의 주요사항보고 조회됨
[08:20:13]    배당 결정 공시 없음
[08:20:14] 🔍 KIND ETF 공시 확인 중... (조회기간: 2026-06-25 ~ 2026-06-26)
[08:20:14]    새로운 감시 ETF 이익분배금 공시 없음
[08:25:15] 🔍 DART 공시 확인 중... (조회기간: 20260625 ~ 20260626)
[08:25:15]    총 49건의 주요사항보고 조회됨
[08:25:15]    배당 결정 공시 없음
[08:25:15] 🔍 KIND ETF 공시 확인 중... (조회기간: 2026-06-25 ~ 2026-06-26)
[08:25:15]    새로운 감시 ETF 이익분배금 공시 없음
[08:30:16] 🔍 DART 공시 확인 중... (조회기간: 20260625 ~ 20260626)
[08:30:16]    총 49건의 주요사항보고 조회됨
[08:30:16]    배당 결정 공시 없음
[08:30:17] 🔍 KIND ETF 공시 확인 중... (조회기간: 2026-06-25 ~ 2026-06-26)
[08:30:17]    새로운 감시 ETF 이익분배금 공시 없음
[08:35:18] 🔍 DART 공시 확인 중... (조회기간: 20260625 ~ 20260626)
[08:35:18]    총 49건의 주요사항보고 조회됨
[08:35:18]    배당 결정 공시 없음
[08:35:19] 🔍 KIND ETF 공시 확인 중... (조회기간: 2026-06-25 ~ 2026-06-26)
[08:35:19]    새로운 감시 ETF 이익분배금 공시 없음
[08:40:19] 🔍 DART 공시 확인 중... (조회기간: 20260625 ~ 20260626)
[08:40:19]    총 49건의 주요사항보고 조회됨
[08:40:19]    배당 결정 공시 없음
[08:40:20] 🔍 KIND ETF 공시 확인 중... (조회기간: 2026-06-25 ~ 2026-06-26)
[08:40:20]    새로운 감시 ETF 이익분배금 공시 없음
[08:40:21] ⏰ 아침 배당기준일 리마인드 스케줄러 기동 중...
[08:40:21] ⏰ 리마인드 스케줄러 점검 완료.
[08:45:21] 🔍 DART 공시 확인 중... (조회기간: 20260625 ~ 20260626)
[08:45:21]    총 49건의 주요사항보고 조회됨
[08:45:21]    배당 결정 공시 없음
[08:45:22] 🔍 KIND ETF 공시 확인 중... (조회기간: 2026-06-25 ~ 2026-06-26)
[08:45:22]    새로운 감시 ETF 이익분배금 공시 없음
[08:50:22] 🔍 DART 공시 확인 중... (조회기간: 20260625 ~ 20260626)
[08:50:22]    총 49건의 주요사항보고 조회됨
[08:50:22]    배당 결정 공시 없음
[08:50:23] 🔍 KIND ETF 공시 확인 중... (조회기간: 2026-06-25 ~ 2026-06-26)
[08:50:23]    새로운 감시 ETF 이익분배금 공시 없음
[08:55:24] 🔍 DART 공시 확인 중... (조회기간: 20260625 ~ 20260626)
[08:55:24]    총 49건의 주요사항보고 조회됨
[08:55:24]    배당 결정 공시 없음
[08:55:25] 🔍 KIND ETF 공시 확인 중... (조회기간: 2026-06-25 ~ 2026-06-26)
[08:55:25]    새로운 감시 ETF 이익분배금 공시 없음
[09:00:25] 🔍 DART 공시 확인 중... (조회기간: 20260625 ~ 20260626)
[09:00:25]    총 49건의 주요사항보고 조회됨
[09:00:25]    배당 결정 공시 없음
[09:00:26] 🔍 KIND ETF 공시 확인 중... (조회기간: 2026-06-25 ~ 2026-06-26)
[09:00:26]    새로운 감시 ETF 이익분배금 공시 없음
[09:05:27] 🔍 DART 공시 확인 중... (조회기간: 20260625 ~ 20260626)
[09:05:27]    총 49건의 주요사항보고 조회됨
[09:05:27]    배당 결정 공시 없음
[09:05:28] 🔍 KIND ETF 공시 확인 중... (조회기간: 2026-06-25 ~ 2026-06-26)
[09:05:28]    새로운 감시 ETF 이익분배금 공시 없음
[09:10:29] 🔍 DART 공시 확인 중... (조회기간: 20260625 ~ 20260626)
[09:10:29]    총 49건의 주요사항보고 조회됨
[09:10:29]    배당 결정 공시 없음
[09:10:30] 🔍 KIND ETF 공시 확인 중... (조회기간: 2026-06-25 ~ 2026-06-26)
[09:10:30]    새로운 감시 ETF 이익분배금 공시 없음
[09:15:30] 🔍 DART 공시 확인 중... (조회기간: 20260625 ~ 20260626)
[09:15:30]    총 49건의 주요사항보고 조회됨
[09:15:30]    배당 결정 공시 없음
[09:15:31] 🔍 KIND ETF 공시 확인 중... (조회기간: 2026-06-25 ~ 2026-06-26)
[09:15:31]    새로운 감시 ETF 이익분배금 공시 없음
[09:20:32] 🔍 DART 공시 확인 중... (조회기간: 20260625 ~ 20260626)
[09:20:32]    총 49건의 주요사항보고 조회됨
[09:20:32]    배당 결정 공시 없음
[09:20:33] 🔍 KIND ETF 공시 확인 중... (조회기간: 2026-06-25 ~ 2026-06-26)
[09:20:33]    새로운 감시 ETF 이익분배금 공시 없음
[09:25:34] 🔍 DART 공시 확인 중... (조회기간: 20260625 ~ 20260626)
[09:25:34]    총 49건의 주요사항보고 조회됨
[09:25:34]    배당 결정 공시 없음
[09:25:35] 🔍 KIND ETF 공시 확인 중... (조회기간: 2026-06-25 ~ 2026-06-26)
[09:25:35]    새로운 감시 ETF 이익분배금 공시 없음
[09:30:35] 🔍 DART 공시 확인 중... (조회기간: 20260625 ~ 20260626)
[09:30:35]    총 49건의 주요사항보고 조회됨
[09:30:35]    배당 결정 공시 없음
[09:30:36] 🔍 KIND ETF 공시 확인 중... (조회기간: 2026-06-25 ~ 2026-06-26)
[09:30:36]    새로운 감시 ETF 이익분배금 공시 없음
[09:35:37] 🔍 DART 공시 확인 중... (조회기간: 20260625 ~ 20260626)
[09:35:37]    총 49건의 주요사항보고 조회됨
[09:35:37]    배당 결정 공시 없음
[09:35:38] 🔍 KIND ETF 공시 확인 중... (조회기간: 2026-06-25 ~ 2026-06-26)
[09:35:38]    새로운 감시 ETF 이익분배금 공시 없음
[09:40:39] 🔍 DART 공시 확인 중... (조회기간: 20260625 ~ 20260626)
[09:40:39]    총 49건의 주요사항보고 조회됨
[09:40:39]    배당 결정 공시 없음
[09:40:40] 🔍 KIND ETF 공시 확인 중... (조회기간: 2026-06-25 ~ 2026-06-26)
[09:40:40]    새로운 감시 ETF 이익분배금 공시 없음
[09:45:40] 🔍 DART 공시 확인 중... (조회기간: 20260625 ~ 20260626)
[09:45:40]    총 49건의 주요사항보고 조회됨
[09:45:40]    배당 결정 공시 없음
[09:45:41] 🔍 KIND ETF 공시 확인 중... (조회기간: 2026-06-25 ~ 2026-06-26)
[09:45:41]    새로운 감시 ETF 이익분배금 공시 없음
[09:50:42] 🔍 DART 공시 확인 중... (조회기간: 20260625 ~ 20260626)
[09:50:42]    총 51건의 주요사항보고 조회됨
[09:50:42]    배당 결정 공시 없음
[09:50:43] 🔍 KIND ETF 공시 확인 중... (조회기간: 2026-06-25 ~ 2026-06-26)
[09:50:43]    새로운 감시 ETF 이익분배금 공시 없음
[09:55:44] 🔍 DART 공시 확인 중... (조회기간: 20260625 ~ 20260626)
[09:55:44]    총 51건의 주요사항보고 조회됨
[09:55:44]    배당 결정 공시 없음
[09:55:45] 🔍 KIND ETF 공시 확인 중... (조회기간: 2026-06-25 ~ 2026-06-26)
[09:55:45]    새로운 감시 ETF 이익분배금 공시 없음
[10:00:45] 🔍 DART 공시 확인 중... (조회기간: 20260625 ~ 20260626)
[10:00:45]    총 51건의 주요사항보고 조회됨
[10:00:45]    배당 결정 공시 없음
[10:00:46] 🔍 KIND ETF 공시 확인 중... (조회기간: 2026-06-25 ~ 2026-06-26)
[10:00:46]    새로운 감시 ETF 이익분배금 공시 없음
[10:05:47] 🔍 DART 공시 확인 중... (조회기간: 20260625 ~ 20260626)
[10:05:47]    총 51건의 주요사항보고 조회됨
[10:05:47]    배당 결정 공시 없음
[10:05:48] 🔍 KIND ETF 공시 확인 중... (조회기간: 2026-06-25 ~ 2026-06-26)
[10:05:48]    새로운 감시 ETF 이익분배금 공시 없음
[10:10:49] 🔍 DART 공시 확인 중... (조회기간: 20260625 ~ 20260626)
[10:10:49]    총 51건의 주요사항보고 조회됨
[10:10:49]    배당 결정 공시 없음
[10:10:50] 🔍 KIND ETF 공시 확인 중... (조회기간: 2026-06-25 ~ 2026-06-26)
[10:10:50]    새로운 감시 ETF 이익분배금 공시 없음
[10:15:50] 🔍 DART 공시 확인 중... (조회기간: 20260625 ~ 20260626)
[10:15:50]    총 51건의 주요사항보고 조회됨
[10:15:50]    배당 결정 공시 없음
[10:15:51] 🔍 KIND ETF 공시 확인 중... (조회기간: 2026-06-25 ~ 2026-06-26)
[10:15:51]    새로운 감시 ETF 이익분배금 공시 없음
[10:20:52] 🔍 DART 공시 확인 중... (조회기간: 20260625 ~ 20260626)
[10:20:52]    총 51건의 주요사항보고 조회됨
[10:20:52]    배당 결정 공시 없음
[10:20:53] 🔍 KIND ETF 공시 확인 중... (조회기간: 2026-06-25 ~ 2026-06-26)
[10:20:53]    새로운 감시 ETF 이익분배금 공시 없음
[10:25:54] 🔍 DART 공시 확인 중... (조회기간: 20260625 ~ 20260626)
[10:25:54]    총 51건의 주요사항보고 조회됨
[10:25:54]    배당 결정 공시 없음
[10:25:55] 🔍 KIND ETF 공시 확인 중... (조회기간: 2026-06-25 ~ 2026-06-26)
[10:25:55]    새로운 감시 ETF 이익분배금 공시 없음
[10:30:56] 🔍 DART 공시 확인 중... (조회기간: 20260625 ~ 20260626)
[10:30:56]    총 51건의 주요사항보고 조회됨
[10:30:56]    배당 결정 공시 없음
[10:30:57] 🔍 KIND ETF 공시 확인 중... (조회기간: 2026-06-25 ~ 2026-06-26)
[10:30:57]    새로운 감시 ETF 이익분배금 공시 없음
[10:35:57] 🔍 DART 공시 확인 중... (조회기간: 20260625 ~ 20260626)
[10:35:57]    총 51건의 주요사항보고 조회됨
[10:35:57]    배당 결정 공시 없음
[10:35:58] 🔍 KIND ETF 공시 확인 중... (조회기간: 2026-06-25 ~ 2026-06-26)
[10:35:58]    새로운 감시 ETF 이익분배금 공시 없음
[10:40:59] 🔍 DART 공시 확인 중... (조회기간: 20260625 ~ 20260626)
[10:40:59]    총 51건의 주요사항보고 조회됨
[10:40:59]    배당 결정 공시 없음
[10:41:00] 🔍 KIND ETF 공시 확인 중... (조회기간: 2026-06-25 ~ 2026-06-26)
[10:41:00]    새로운 감시 ETF 이익분배금 공시 없음
[10:46:01] 🔍 DART 공시 확인 중... (조회기간: 20260625 ~ 20260626)
[10:46:01]    총 51건의 주요사항보고 조회됨
[10:46:01]    배당 결정 공시 없음
[10:46:02] 🔍 KIND ETF 공시 확인 중... (조회기간: 2026-06-25 ~ 2026-06-26)
[10:46:02]    새로운 감시 ETF 이익분배금 공시 없음
[10:51:03] 🔍 DART 공시 확인 중... (조회기간: 20260625 ~ 20260626)
[10:51:03]    총 51건의 주요사항보고 조회됨
[10:51:03]    배당 결정 공시 없음
[10:51:03] 🔍 KIND ETF 공시 확인 중... (조회기간: 2026-06-25 ~ 2026-06-26)
[10:51:03]    새로운 감시 ETF 이익분배금 공시 없음
[10:56:04] 🔍 DART 공시 확인 중... (조회기간: 20260625 ~ 20260626)
[10:56:04]    총 52건의 주요사항보고 조회됨
[10:56:04]    배당 결정 공시 없음
[10:56:05] 🔍 KIND ETF 공시 확인 중... (조회기간: 2026-06-25 ~ 2026-06-26)
[10:56:05]    새로운 감시 ETF 이익분배금 공시 없음
[11:01:06] 🔍 DART 공시 확인 중... (조회기간: 20260625 ~ 20260626)
[11:01:06]    총 53건의 주요사항보고 조회됨
[11:01:06]    배당 결정 공시 없음
[11:01:07] 🔍 KIND ETF 공시 확인 중... (조회기간: 2026-06-25 ~ 2026-06-26)
[11:01:07]    새로운 감시 ETF 이익분배금 공시 없음
[11:06:07] 🔍 DART 공시 확인 중... (조회기간: 20260625 ~ 20260626)
[11:06:07]    총 53건의 주요사항보고 조회됨
[11:06:07]    배당 결정 공시 없음
[11:06:08] 🔍 KIND ETF 공시 확인 중... (조회기간: 2026-06-25 ~ 2026-06-26)
[11:06:08]    새로운 감시 ETF 이익분배금 공시 없음
[11:11:09] 🔍 DART 공시 확인 중... (조회기간: 20260625 ~ 20260626)
[11:11:09]    총 53건의 주요사항보고 조회됨
[11:11:09]    배당 결정 공시 없음
[11:11:10] 🔍 KIND ETF 공시 확인 중... (조회기간: 2026-06-25 ~ 2026-06-26)
[11:11:10]    새로운 감시 ETF 이익분배금 공시 없음
[11:16:11] 🔍 DART 공시 확인 중... (조회기간: 20260625 ~ 20260626)
[11:16:11]    총 54건의 주요사항보고 조회됨
[11:16:11]    배당 결정 공시 없음
[11:16:12] 🔍 KIND ETF 공시 확인 중... (조회기간: 2026-06-25 ~ 2026-06-26)
[11:16:12]    새로운 감시 ETF 이익분배금 공시 없음
[11:21:13] 🔍 DART 공시 확인 중... (조회기간: 20260625 ~ 20260626)
[11:21:13]    총 54건의 주요사항보고 조회됨
[11:21:13]    배당 결정 공시 없음
[11:21:13] 🔍 KIND ETF 공시 확인 중... (조회기간: 2026-06-25 ~ 2026-06-26)
[11:21:13]    새로운 감시 ETF 이익분배금 공시 없음
[11:26:14] 🔍 DART 공시 확인 중... (조회기간: 20260625 ~ 20260626)
[11:26:14]    총 54건의 주요사항보고 조회됨
[11:26:14]    배당 결정 공시 없음
[11:26:15] 🔍 KIND ETF 공시 확인 중... (조회기간: 2026-06-25 ~ 2026-06-26)
[11:26:15]    새로운 감시 ETF 이익분배금 공시 없음
[11:31:16] 🔍 DART 공시 확인 중... (조회기간: 20260625 ~ 20260626)
[11:31:16]    총 54건의 주요사항보고 조회됨
[11:31:16]    배당 결정 공시 없음
[11:31:17] 🔍 KIND ETF 공시 확인 중... (조회기간: 2026-06-25 ~ 2026-06-26)
[11:31:17]    새로운 감시 ETF 이익분배금 공시 없음
[11:36:17] 🔍 DART 공시 확인 중... (조회기간: 20260625 ~ 20260626)
[11:36:17]    총 54건의 주요사항보고 조회됨
[11:36:17]    배당 결정 공시 없음
[11:36:18] 🔍 KIND ETF 공시 확인 중... (조회기간: 2026-06-25 ~ 2026-06-26)
[11:36:18]    새로운 감시 ETF 이익분배금 공시 없음
[11:41:19] 🔍 DART 공시 확인 중... (조회기간: 20260625 ~ 20260626)
[11:41:19]    총 55건의 주요사항보고 조회됨
[11:41:19]    배당 결정 공시 없음
[11:41:20] 🔍 KIND ETF 공시 확인 중... (조회기간: 2026-06-25 ~ 2026-06-26)
[11:41:20]    새로운 감시 ETF 이익분배금 공시 없음
[11:46:20] 🔍 DART 공시 확인 중... (조회기간: 20260625 ~ 20260626)
[11:46:20]    총 55건의 주요사항보고 조회됨
[11:46:20]    배당 결정 공시 없음
[11:46:21] 🔍 KIND ETF 공시 확인 중... (조회기간: 2026-06-25 ~ 2026-06-26)
[11:46:21]    새로운 감시 ETF 이익분배금 공시 없음
[11:51:22] 🔍 DART 공시 확인 중... (조회기간: 20260625 ~ 20260626)
[11:51:22]    총 55건의 주요사항보고 조회됨
[11:51:22]    배당 결정 공시 없음
[11:51:23] 🔍 KIND ETF 공시 확인 중... (조회기간: 2026-06-25 ~ 2026-06-26)
[11:51:23]    새로운 감시 ETF 이익분배금 공시 없음
[11:56:24] 🔍 DART 공시 확인 중... (조회기간: 20260625 ~ 20260626)
[11:56:24]    총 55건의 주요사항보고 조회됨
[11:56:24]    배당 결정 공시 없음
[11:56:25] 🔍 KIND ETF 공시 확인 중... (조회기간: 2026-06-25 ~ 2026-06-26)
[11:56:25]    새로운 감시 ETF 이익분배금 공시 없음
[12:01:26] 🔍 DART 공시 확인 중... (조회기간: 20260625 ~ 20260626)
[12:01:26]    총 55건의 주요사항보고 조회됨
[12:01:26]    배당 결정 공시 없음
[12:01:26] 🔍 KIND ETF 공시 확인 중... (조회기간: 2026-06-25 ~ 2026-06-26)
[12:01:26]    새로운 감시 ETF 이익분배금 공시 없음
[12:06:27] 🔍 DART 공시 확인 중... (조회기간: 20260625 ~ 20260626)
[12:06:27]    총 55건의 주요사항보고 조회됨
[12:06:27]    배당 결정 공시 없음
[12:06:28] 🔍 KIND ETF 공시 확인 중... (조회기간: 2026-06-25 ~ 2026-06-26)
[12:06:28]    새로운 감시 ETF 이익분배금 공시 없음
[12:11:29] 🔍 DART 공시 확인 중... (조회기간: 20260625 ~ 20260626)
[12:11:29]    총 55건의 주요사항보고 조회됨
[12:11:29]    배당 결정 공시 없음
[12:11:30] 🔍 KIND ETF 공시 확인 중... (조회기간: 2026-06-25 ~ 2026-06-26)
[12:11:30]    새로운 감시 ETF 이익분배금 공시 없음
[12:16:30] 🔍 DART 공시 확인 중... (조회기간: 20260625 ~ 20260626)
[12:16:30]    총 55건의 주요사항보고 조회됨
[12:16:30]    배당 결정 공시 없음
[12:16:31] 🔍 KIND ETF 공시 확인 중... (조회기간: 2026-06-25 ~ 2026-06-26)
[12:16:31]    새로운 감시 ETF 이익분배금 공시 없음
[12:21:32] 🔍 DART 공시 확인 중... (조회기간: 20260625 ~ 20260626)
[12:21:32]    총 55건의 주요사항보고 조회됨
[12:21:32]    배당 결정 공시 없음
[12:21:33] 🔍 KIND ETF 공시 확인 중... (조회기간: 2026-06-25 ~ 2026-06-26)
[12:21:33]    새로운 감시 ETF 이익분배금 공시 없음
[12:26:34] 🔍 DART 공시 확인 중... (조회기간: 20260625 ~ 20260626)
[12:26:34]    총 55건의 주요사항보고 조회됨
[12:26:34]    배당 결정 공시 없음
[12:26:35] 🔍 KIND ETF 공시 확인 중... (조회기간: 2026-06-25 ~ 2026-06-26)
[12:26:35]    새로운 감시 ETF 이익분배금 공시 없음
[12:31:35] 🔍 DART 공시 확인 중... (조회기간: 20260625 ~ 20260626)
[12:31:35]    총 55건의 주요사항보고 조회됨
[12:31:35]    배당 결정 공시 없음
[12:31:36] 🔍 KIND ETF 공시 확인 중... (조회기간: 2026-06-25 ~ 2026-06-26)
[12:31:36]    새로운 감시 ETF 이익분배금 공시 없음
[12:36:37] 🔍 DART 공시 확인 중... (조회기간: 20260625 ~ 20260626)
[12:36:37]    총 55건의 주요사항보고 조회됨
[12:36:37]    배당 결정 공시 없음
[12:36:38] 🔍 KIND ETF 공시 확인 중... (조회기간: 2026-06-25 ~ 2026-06-26)
[12:36:38]    새로운 감시 ETF 이익분배금 공시 없음
[12:41:39] 🔍 DART 공시 확인 중... (조회기간: 20260625 ~ 20260626)
[12:41:39]    총 55건의 주요사항보고 조회됨
[12:41:39]    배당 결정 공시 없음
[12:41:39] 🔍 KIND ETF 공시 확인 중... (조회기간: 2026-06-25 ~ 2026-06-26)
[12:41:39]    새로운 감시 ETF 이익분배금 공시 없음
[12:46:40] 🔍 DART 공시 확인 중... (조회기간: 20260625 ~ 20260626)
[12:46:40]    총 55건의 주요사항보고 조회됨
[12:46:40]    배당 결정 공시 없음
[12:46:41] 🔍 KIND ETF 공시 확인 중... (조회기간: 2026-06-25 ~ 2026-06-26)
[12:46:41]    새로운 감시 ETF 이익분배금 공시 없음
[12:51:42] 🔍 DART 공시 확인 중... (조회기간: 20260625 ~ 20260626)
[12:51:42]    총 55건의 주요사항보고 조회됨
[12:51:42]    배당 결정 공시 없음
[12:51:43] 🔍 KIND ETF 공시 확인 중... (조회기간: 2026-06-25 ~ 2026-06-26)
[12:51:43]    새로운 감시 ETF 이익분배금 공시 없음
[12:56:43] 🔍 DART 공시 확인 중... (조회기간: 20260625 ~ 20260626)
[12:56:43]    총 55건의 주요사항보고 조회됨
[12:56:43]    배당 결정 공시 없음
[12:56:44] 🔍 KIND ETF 공시 확인 중... (조회기간: 2026-06-25 ~ 2026-06-26)
[12:56:44]    새로운 감시 ETF 이익분배금 공시 없음
[13:01:45] 🔍 DART 공시 확인 중... (조회기간: 20260625 ~ 20260626)
[13:01:45]    총 55건의 주요사항보고 조회됨
[13:01:45]    배당 결정 공시 없음
[13:01:46] 🔍 KIND ETF 공시 확인 중... (조회기간: 2026-06-25 ~ 2026-06-26)
[13:01:46]    새로운 감시 ETF 이익분배금 공시 없음
[13:06:47] 🔍 DART 공시 확인 중... (조회기간: 20260625 ~ 20260626)
[13:06:47]    총 55건의 주요사항보고 조회됨
[13:06:47]    배당 결정 공시 없음
[13:06:48] 🔍 KIND ETF 공시 확인 중... (조회기간: 2026-06-25 ~ 2026-06-26)
[13:06:48]    새로운 감시 ETF 이익분배금 공시 없음
[13:11:49] 🔍 DART 공시 확인 중... (조회기간: 20260625 ~ 20260626)
[13:11:49]    총 55건의 주요사항보고 조회됨
[13:11:49]    배당 결정 공시 없음
[13:11:50] 🔍 KIND ETF 공시 확인 중... (조회기간: 2026-06-25 ~ 2026-06-26)
[13:11:50]    새로운 감시 ETF 이익분배금 공시 없음
[13:16:50] 🔍 DART 공시 확인 중... (조회기간: 20260625 ~ 20260626)
[13:16:50]    총 55건의 주요사항보고 조회됨
[13:16:50]    배당 결정 공시 없음
[13:16:51] 🔍 KIND ETF 공시 확인 중... (조회기간: 2026-06-25 ~ 2026-06-26)
[13:16:51]    새로운 감시 ETF 이익분배금 공시 없음
[13:21:52] 🔍 DART 공시 확인 중... (조회기간: 20260625 ~ 20260626)
[13:21:52]    총 55건의 주요사항보고 조회됨
[13:21:52]    배당 결정 공시 없음
[13:21:53] 🔍 KIND ETF 공시 확인 중... (조회기간: 2026-06-25 ~ 2026-06-26)
[13:21:53]    새로운 감시 ETF 이익분배금 공시 없음
[13:26:54] 🔍 DART 공시 확인 중... (조회기간: 20260625 ~ 20260626)
[13:26:54]    총 55건의 주요사항보고 조회됨
[13:26:54]    배당 결정 공시 없음
[13:26:54] 🔍 KIND ETF 공시 확인 중... (조회기간: 2026-06-25 ~ 2026-06-26)
[13:26:54]    새로운 감시 ETF 이익분배금 공시 없음
[13:31:56] 🔍 DART 공시 확인 중... (조회기간: 20260625 ~ 20260626)
[13:31:56]    총 55건의 주요사항보고 조회됨
[13:31:56]    배당 결정 공시 없음
[13:31:56] 🔍 KIND ETF 공시 확인 중... (조회기간: 2026-06-25 ~ 2026-06-26)
[13:31:56]    새로운 감시 ETF 이익분배금 공시 없음
[13:36:57] 🔍 DART 공시 확인 중... (조회기간: 20260625 ~ 20260626)
[13:36:57]    총 55건의 주요사항보고 조회됨
[13:36:57]    배당 결정 공시 없음
[13:36:58] 🔍 KIND ETF 공시 확인 중... (조회기간: 2026-06-25 ~ 2026-06-26)
[13:36:58]    새로운 감시 ETF 이익분배금 공시 없음
[13:41:59] 🔍 DART 공시 확인 중... (조회기간: 20260625 ~ 20260626)
[13:41:59]    총 56건의 주요사항보고 조회됨
[13:41:59]    배당 결정 공시 없음
[13:42:00] 🔍 KIND ETF 공시 확인 중... (조회기간: 2026-06-25 ~ 2026-06-26)
[13:42:00]    새로운 감시 ETF 이익분배금 공시 없음
[13:47:01] 🔍 DART 공시 확인 중... (조회기간: 20260625 ~ 20260626)
[13:47:01]    총 56건의 주요사항보고 조회됨
[13:47:01]    배당 결정 공시 없음
[13:47:02] 🔍 KIND ETF 공시 확인 중... (조회기간: 2026-06-25 ~ 2026-06-26)
[13:47:02]    새로운 감시 ETF 이익분배금 공시 없음
[13:52:02] 🔍 DART 공시 확인 중... (조회기간: 20260625 ~ 20260626)
[13:52:02]    총 56건의 주요사항보고 조회됨
[13:52:02]    배당 결정 공시 없음
[13:52:03] 🔍 KIND ETF 공시 확인 중... (조회기간: 2026-06-25 ~ 2026-06-26)
[13:52:03]    새로운 감시 ETF 이익분배금 공시 없음
[13:57:04] 🔍 DART 공시 확인 중... (조회기간: 20260625 ~ 20260626)
[13:57:04]    총 56건의 주요사항보고 조회됨
[13:57:04]    배당 결정 공시 없음
[13:57:05] 🔍 KIND ETF 공시 확인 중... (조회기간: 2026-06-25 ~ 2026-06-26)
[13:57:05]    새로운 감시 ETF 이익분배금 공시 없음
[14:02:06] 🔍 DART 공시 확인 중... (조회기간: 20260625 ~ 20260626)
[14:02:06]    총 57건의 주요사항보고 조회됨
[14:02:06]    배당 결정 공시 없음
[14:02:06] 🔍 KIND ETF 공시 확인 중... (조회기간: 2026-06-25 ~ 2026-06-26)
[14:02:06]    새로운 감시 ETF 이익분배금 공시 없음
[14:07:07] 🔍 DART 공시 확인 중... (조회기간: 20260625 ~ 20260626)
[14:07:07]    총 57건의 주요사항보고 조회됨
[14:07:07]    배당 결정 공시 없음
[14:07:08] 🔍 KIND ETF 공시 확인 중... (조회기간: 2026-06-25 ~ 2026-06-26)
[14:07:08]    새로운 감시 ETF 이익분배금 공시 없음
[14:12:09] 🔍 DART 공시 확인 중... (조회기간: 20260625 ~ 20260626)
[14:12:09]    총 57건의 주요사항보고 조회됨
[14:12:09]    배당 결정 공시 없음
[14:12:10] 🔍 KIND ETF 공시 확인 중... (조회기간: 2026-06-25 ~ 2026-06-26)
[14:12:10]    새로운 감시 ETF 이익분배금 공시 없음
[14:17:10] 🔍 DART 공시 확인 중... (조회기간: 20260625 ~ 20260626)
[14:17:10]    총 57건의 주요사항보고 조회됨
[14:17:10]    배당 결정 공시 없음
[14:17:11] 🔍 KIND ETF 공시 확인 중... (조회기간: 2026-06-25 ~ 2026-06-26)
[14:17:11]    새로운 감시 ETF 이익분배금 공시 없음
[14:22:12] 🔍 DART 공시 확인 중... (조회기간: 20260625 ~ 20260626)
[14:22:12]    총 57건의 주요사항보고 조회됨
[14:22:12]    배당 결정 공시 없음
[14:22:13] 🔍 KIND ETF 공시 확인 중... (조회기간: 2026-06-25 ~ 2026-06-26)
[14:22:13]    새로운 감시 ETF 이익분배금 공시 없음
[14:27:14] 🔍 DART 공시 확인 중... (조회기간: 20260625 ~ 20260626)
[14:27:14]    총 58건의 주요사항보고 조회됨
[14:27:14]    배당 결정 공시 없음
[14:27:15] 🔍 KIND ETF 공시 확인 중... (조회기간: 2026-06-25 ~ 2026-06-26)
[14:27:15]    새로운 감시 ETF 이익분배금 공시 없음
[14:32:16] 🔍 DART 공시 확인 중... (조회기간: 20260625 ~ 20260626)
[14:32:16]    총 59건의 주요사항보고 조회됨
[14:32:16]    배당 결정 공시 없음
[14:32:16] 🔍 KIND ETF 공시 확인 중... (조회기간: 2026-06-25 ~ 2026-06-26)
[14:32:16]    새로운 감시 ETF 이익분배금 공시 없음
[14:37:17] 🔍 DART 공시 확인 중... (조회기간: 20260625 ~ 20260626)
[14:37:17]    총 60건의 주요사항보고 조회됨
[14:37:17]    배당 결정 공시 없음
[14:37:18] 🔍 KIND ETF 공시 확인 중... (조회기간: 2026-06-25 ~ 2026-06-26)
[14:37:18]    새로운 감시 ETF 이익분배금 공시 없음
[14:42:19] 🔍 DART 공시 확인 중... (조회기간: 20260625 ~ 20260626)
[14:42:19]    총 60건의 주요사항보고 조회됨
[14:42:19]    배당 결정 공시 없음
[14:42:20] 🔍 KIND ETF 공시 확인 중... (조회기간: 2026-06-25 ~ 2026-06-26)
[14:42:20]    새로운 감시 ETF 이익분배금 공시 없음
[14:47:21] 🔍 DART 공시 확인 중... (조회기간: 20260625 ~ 20260626)
[14:47:21]    총 60건의 주요사항보고 조회됨
[14:47:21]    배당 결정 공시 없음
[14:47:21] 🔍 KIND ETF 공시 확인 중... (조회기간: 2026-06-25 ~ 2026-06-26)
[14:47:21]    새로운 감시 ETF 이익분배금 공시 없음
[14:52:22] 🔍 DART 공시 확인 중... (조회기간: 20260625 ~ 20260626)
[14:52:22]    총 60건의 주요사항보고 조회됨
[14:52:22]    배당 결정 공시 없음
[14:52:23] 🔍 KIND ETF 공시 확인 중... (조회기간: 2026-06-25 ~ 2026-06-26)
[14:52:23]    새로운 감시 ETF 이익분배금 공시 없음
[14:57:24] 🔍 DART 공시 확인 중... (조회기간: 20260625 ~ 20260626)
[14:57:24]    총 60건의 주요사항보고 조회됨
[14:57:24]    배당 결정 공시 없음
[14:57:25] 🔍 KIND ETF 공시 확인 중... (조회기간: 2026-06-25 ~ 2026-06-26)
[14:57:25]    새로운 감시 ETF 이익분배금 공시 없음
[15:02:25] 🔍 DART 공시 확인 중... (조회기간: 20260625 ~ 20260626)
[15:02:25]    총 60건의 주요사항보고 조회됨
[15:02:25]    배당 결정 공시 없음
[15:02:26] 🔍 KIND ETF 공시 확인 중... (조회기간: 2026-06-25 ~ 2026-06-26)
[15:02:26]    새로운 감시 ETF 이익분배금 공시 없음
[15:07:27] 🔍 DART 공시 확인 중... (조회기간: 20260625 ~ 20260626)
[15:07:27]    총 61건의 주요사항보고 조회됨
[15:07:27]    배당 결정 공시 없음
[15:07:28] 🔍 KIND ETF 공시 확인 중... (조회기간: 2026-06-25 ~ 2026-06-26)
[15:07:28]    새로운 감시 ETF 이익분배금 공시 없음
[15:12:28] 🔍 DART 공시 확인 중... (조회기간: 20260625 ~ 20260626)
[15:12:28]    총 63건의 주요사항보고 조회됨
[15:12:28]    배당 결정 공시 없음
[15:12:29] 🔍 KIND ETF 공시 확인 중... (조회기간: 2026-06-25 ~ 2026-06-26)
[15:12:29]    새로운 감시 ETF 이익분배금 공시 없음
[15:17:30] 🔍 DART 공시 확인 중... (조회기간: 20260625 ~ 20260626)
[15:17:30]    총 63건의 주요사항보고 조회됨
[15:17:30]    배당 결정 공시 없음
[15:17:31] 🔍 KIND ETF 공시 확인 중... (조회기간: 2026-06-25 ~ 2026-06-26)
[15:17:31]    새로운 감시 ETF 이익분배금 공시 없음
[15:22:32] 🔍 DART 공시 확인 중... (조회기간: 20260625 ~ 20260626)
[15:22:32]    총 64건의 주요사항보고 조회됨
[15:22:32]    배당 결정 공시 없음
[15:22:33] 🔍 KIND ETF 공시 확인 중... (조회기간: 2026-06-25 ~ 2026-06-26)
[15:22:33]    새로운 감시 ETF 이익분배금 공시 없음
[15:27:34] 🔍 DART 공시 확인 중... (조회기간: 20260625 ~ 20260626)
[15:27:34]    총 64건의 주요사항보고 조회됨
[15:27:34]    배당 결정 공시 없음
[15:27:35] 🔍 KIND ETF 공시 확인 중... (조회기간: 2026-06-25 ~ 2026-06-26)
[15:27:35]    새로운 감시 ETF 이익분배금 공시 없음
[15:32:35] 🔍 DART 공시 확인 중... (조회기간: 20260625 ~ 20260626)
[15:32:35]    총 65건의 주요사항보고 조회됨
[15:32:35]    배당 결정 공시 없음
[15:32:36] 🔍 KIND ETF 공시 확인 중... (조회기간: 2026-06-25 ~ 2026-06-26)
[15:32:36]    새로운 감시 ETF 이익분배금 공시 없음
[15:37:37] 🔍 DART 공시 확인 중... (조회기간: 20260625 ~ 20260626)
[15:37:37]    총 66건의 주요사항보고 조회됨
[15:37:37]    배당 결정 공시 없음
[15:37:38] 🔍 KIND ETF 공시 확인 중... (조회기간: 2026-06-25 ~ 2026-06-26)
[15:37:38]    새로운 감시 ETF 이익분배금 공시 없음
[15:42:38] 🔍 DART 공시 확인 중... (조회기간: 20260625 ~ 20260626)
[15:42:38]    총 66건의 주요사항보고 조회됨
[15:42:38]    배당 결정 공시 없음
[15:42:39] 🔍 KIND ETF 공시 확인 중... (조회기간: 2026-06-25 ~ 2026-06-26)
[15:42:39]    새로운 감시 ETF 이익분배금 공시 없음
[15:47:40] 🔍 DART 공시 확인 중... (조회기간: 20260625 ~ 20260626)
[15:47:40]    총 68건의 주요사항보고 조회됨
[15:47:40]    배당 결정 공시 없음
[15:47:41] 🔍 KIND ETF 공시 확인 중... (조회기간: 2026-06-25 ~ 2026-06-26)
[15:47:41]    새로운 감시 ETF 이익분배금 공시 없음
[15:52:42] 🔍 DART 공시 확인 중... (조회기간: 20260625 ~ 20260626)
[15:52:42]    총 69건의 주요사항보고 조회됨
[15:52:42]    배당 결정 공시 없음
[15:52:43] 🔍 KIND ETF 공시 확인 중... (조회기간: 2026-06-25 ~ 2026-06-26)
[15:52:43]    새로운 감시 ETF 이익분배금 공시 없음
[15:57:44] 🔍 DART 공시 확인 중... (조회기간: 20260625 ~ 20260626)
[15:57:44]    총 71건의 주요사항보고 조회됨
[15:57:44]    배당 결정 공시 없음
[15:57:44] 🔍 KIND ETF 공시 확인 중... (조회기간: 2026-06-25 ~ 2026-06-26)
[15:57:44]    새로운 감시 ETF 이익분배금 공시 없음
[16:02:45] 🔍 DART 공시 확인 중... (조회기간: 20260625 ~ 20260626)
[16:02:45]    총 72건의 주요사항보고 조회됨
[16:02:45]    배당 결정 공시 없음
[16:02:46] 🔍 KIND ETF 공시 확인 중... (조회기간: 2026-06-25 ~ 2026-06-26)
[16:02:46]    새로운 감시 ETF 이익분배금 공시 없음
[16:07:47] 🔍 DART 공시 확인 중... (조회기간: 20260625 ~ 20260626)
[16:07:47]    총 75건의 주요사항보고 조회됨
[16:07:47]    배당 결정 공시 없음
[16:07:48] 🔍 KIND ETF 공시 확인 중... (조회기간: 2026-06-25 ~ 2026-06-26)
[16:07:48]    새로운 감시 ETF 이익분배금 공시 없음
[16:12:49] 🔍 DART 공시 확인 중... (조회기간: 20260625 ~ 20260626)
[16:12:49]    총 76건의 주요사항보고 조회됨
[16:12:49]    배당 결정 공시 없음
[16:12:50] 🔍 KIND ETF 공시 확인 중... (조회기간: 2026-06-25 ~ 2026-06-26)
[16:12:50]    새로운 감시 ETF 이익분배금 공시 없음
[16:17:50] 🔍 DART 공시 확인 중... (조회기간: 20260625 ~ 20260626)
[16:17:50]    총 77건의 주요사항보고 조회됨
[16:17:50]    배당 결정 공시 없음
[16:17:51] 🔍 KIND ETF 공시 확인 중... (조회기간: 2026-06-25 ~ 2026-06-26)
[16:17:51]    새로운 감시 ETF 이익분배금 공시 없음
[16:22:52] 🔍 DART 공시 확인 중... (조회기간: 20260625 ~ 20260626)
[16:22:52]    총 79건의 주요사항보고 조회됨
[16:22:52]    배당 결정 공시 없음
[16:22:53] 🔍 KIND ETF 공시 확인 중... (조회기간: 2026-06-25 ~ 2026-06-26)
[16:22:53]    새로운 감시 ETF 이익분배금 공시 없음
[16:27:54] 🔍 DART 공시 확인 중... (조회기간: 20260625 ~ 20260626)
[16:27:54]    총 79건의 주요사항보고 조회됨
[16:27:54]    배당 결정 공시 없음
[16:27:55] 🔍 KIND ETF 공시 확인 중... (조회기간: 2026-06-25 ~ 2026-06-26)
[16:27:55]    새로운 감시 ETF 이익분배금 공시 없음
[16:32:56] 🔍 DART 공시 확인 중... (조회기간: 20260625 ~ 20260626)
[16:32:56]    총 83건의 주요사항보고 조회됨
[16:32:56]    배당 결정 공시 없음
[16:32:57] 🔍 KIND ETF 공시 확인 중... (조회기간: 2026-06-25 ~ 2026-06-26)
[16:32:57]    새로운 감시 ETF 이익분배금 공시 없음
[16:37:57] 🔍 DART 공시 확인 중... (조회기간: 20260625 ~ 20260626)
[16:37:57]    총 83건의 주요사항보고 조회됨
[16:37:57]    배당 결정 공시 없음
[16:37:58] 🔍 KIND ETF 공시 확인 중... (조회기간: 2026-06-25 ~ 2026-06-26)
[16:37:58]    새로운 감시 ETF 이익분배금 공시 없음
[16:42:59] 🔍 DART 공시 확인 중... (조회기간: 20260625 ~ 20260626)
[16:42:59]    총 84건의 주요사항보고 조회됨
[16:42:59]    배당 결정 공시 없음
[16:43:00] 🔍 KIND ETF 공시 확인 중... (조회기간: 2026-06-25 ~ 2026-06-26)
[16:43:00]    새로운 감시 ETF 이익분배금 공시 없음
[16:48:00] 🔍 DART 공시 확인 중... (조회기간: 20260625 ~ 20260626)
[16:48:00]    총 85건의 주요사항보고 조회됨
[16:48:00]    배당 결정 공시 없음
[16:48:01] 🔍 KIND ETF 공시 확인 중... (조회기간: 2026-06-25 ~ 2026-06-26)
[16:48:01]    새로운 감시 ETF 이익분배금 공시 없음
[16:53:02] 🔍 DART 공시 확인 중... (조회기간: 20260625 ~ 20260626)
[16:53:02]    총 88건의 주요사항보고 조회됨
[16:53:02]    배당 결정 공시 없음
[16:53:03] 🔍 KIND ETF 공시 확인 중... (조회기간: 2026-06-25 ~ 2026-06-26)
[16:53:03]    새로운 감시 ETF 이익분배금 공시 없음
[16:58:04] 🔍 DART 공시 확인 중... (조회기간: 20260625 ~ 20260626)
[16:58:04]    총 89건의 주요사항보고 조회됨
[16:58:04]    배당 결정 공시 없음
[16:58:05] 🔍 KIND ETF 공시 확인 중... (조회기간: 2026-06-25 ~ 2026-06-26)
[16:58:05]    새로운 감시 ETF 이익분배금 공시 없음
[17:03:06] 🔍 DART 공시 확인 중... (조회기간: 20260625 ~ 20260626)
[17:03:06]    총 89건의 주요사항보고 조회됨
[17:03:06]    배당 결정 공시 없음
[17:03:07] 🔍 KIND ETF 공시 확인 중... (조회기간: 2026-06-25 ~ 2026-06-26)
[17:03:07]    새로운 감시 ETF 이익분배금 공시 없음
[17:08:07] 🔍 DART 공시 확인 중... (조회기간: 20260625 ~ 20260626)
[17:08:07]    총 91건의 주요사항보고 조회됨
[17:08:07]    배당 결정 공시 없음
[17:08:08] 🔍 KIND ETF 공시 확인 중... (조회기간: 2026-06-25 ~ 2026-06-26)
[17:08:08]    새로운 감시 ETF 이익분배금 공시 없음
[17:13:09] 🔍 DART 공시 확인 중... (조회기간: 20260625 ~ 20260626)
[17:13:09]    총 91건의 주요사항보고 조회됨
[17:13:09]    배당 결정 공시 없음
[17:13:10] 🔍 KIND ETF 공시 확인 중... (조회기간: 2026-06-25 ~ 2026-06-26)
[17:13:10]    새로운 감시 ETF 이익분배금 공시 없음
[17:18:11] 🔍 DART 공시 확인 중... (조회기간: 20260625 ~ 20260626)
[17:18:11]    총 92건의 주요사항보고 조회됨
[17:18:11]    배당 결정 공시 없음
[17:18:11] 🔍 KIND ETF 공시 확인 중... (조회기간: 2026-06-25 ~ 2026-06-26)
[17:18:11]    새로운 감시 ETF 이익분배금 공시 없음
[17:23:12] 🔍 DART 공시 확인 중... (조회기간: 20260625 ~ 20260626)
[17:23:12]    총 93건의 주요사항보고 조회됨
[17:23:12]    배당 결정 공시 없음
[17:23:13] 🔍 KIND ETF 공시 확인 중... (조회기간: 2026-06-25 ~ 2026-06-26)
[17:23:13]    새로운 감시 ETF 이익분배금 공시 없음
[17:28:14] 🔍 DART 공시 확인 중... (조회기간: 20260625 ~ 20260626)
[17:28:14]    총 93건의 주요사항보고 조회됨
[17:28:14]    배당 결정 공시 없음
[17:28:15] 🔍 KIND ETF 공시 확인 중... (조회기간: 2026-06-25 ~ 2026-06-26)
[17:28:15]    새로운 감시 ETF 이익분배금 공시 없음
[17:33:16] 🔍 DART 공시 확인 중... (조회기간: 20260625 ~ 20260626)
[17:33:16]    총 93건의 주요사항보고 조회됨
[17:33:16]    배당 결정 공시 없음
[17:33:17] 🔍 KIND ETF 공시 확인 중... (조회기간: 2026-06-25 ~ 2026-06-26)
[17:33:17]    새로운 감시 ETF 이익분배금 공시 없음
[17:38:17] 🔍 DART 공시 확인 중... (조회기간: 20260625 ~ 20260626)
[17:38:17]    총 93건의 주요사항보고 조회됨
[17:38:17]    배당 결정 공시 없음
[17:38:18] 🔍 KIND ETF 공시 확인 중... (조회기간: 2026-06-25 ~ 2026-06-26)
[17:38:18]    새로운 감시 ETF 이익분배금 공시 없음
[17:43:19] 🔍 DART 공시 확인 중... (조회기간: 20260625 ~ 20260626)
[17:43:19]    총 93건의 주요사항보고 조회됨
[17:43:19]    배당 결정 공시 없음
[17:43:20] 🔍 KIND ETF 공시 확인 중... (조회기간: 2026-06-25 ~ 2026-06-26)
[17:43:20]    새로운 감시 ETF 이익분배금 공시 없음
[17:48:21] 🔍 DART 공시 확인 중... (조회기간: 20260625 ~ 20260626)
[17:48:21]    총 95건의 주요사항보고 조회됨
[17:48:21]    배당 결정 공시 없음
[17:48:21] 🔍 KIND ETF 공시 확인 중... (조회기간: 2026-06-25 ~ 2026-06-26)
[17:48:21]    새로운 감시 ETF 이익분배금 공시 없음
[17:53:22] 🔍 DART 공시 확인 중... (조회기간: 20260625 ~ 20260626)
[17:53:22]    총 95건의 주요사항보고 조회됨
[17:53:22]    배당 결정 공시 없음
[17:53:23] 🔍 KIND ETF 공시 확인 중... (조회기간: 2026-06-25 ~ 2026-06-26)
[17:53:23]    새로운 감시 ETF 이익분배금 공시 없음
[17:58:24] 🔍 DART 공시 확인 중... (조회기간: 20260625 ~ 20260626)
[17:58:24]    총 95건의 주요사항보고 조회됨
[17:58:24]    배당 결정 공시 없음
[17:58:25] 🔍 KIND ETF 공시 확인 중... (조회기간: 2026-06-25 ~ 2026-06-26)
[17:58:25]    새로운 감시 ETF 이익분배금 공시 없음
[18:03:26] 🔍 DART 공시 확인 중... (조회기간: 20260625 ~ 20260626)
[18:03:26]    총 96건의 주요사항보고 조회됨
[18:03:26]    배당 결정 공시 없음
[18:03:26] 🔍 KIND ETF 공시 확인 중... (조회기간: 2026-06-25 ~ 2026-06-26)
[18:03:26]    새로운 감시 ETF 이익분배금 공시 없음
[18:08:27] 🔍 DART 공시 확인 중... (조회기간: 20260625 ~ 20260626)
[18:08:27]    총 96건의 주요사항보고 조회됨
[18:08:27]    배당 결정 공시 없음
[18:08:28] 🔍 KIND ETF 공시 확인 중... (조회기간: 2026-06-25 ~ 2026-06-26)
[18:08:28]    새로운 감시 ETF 이익분배금 공시 없음
[18:13:29] 🔍 DART 공시 확인 중... (조회기간: 20260625 ~ 20260626)
[18:13:29]    총 96건의 주요사항보고 조회됨
[18:13:29]    배당 결정 공시 없음
[18:13:30] 🔍 KIND ETF 공시 확인 중... (조회기간: 2026-06-25 ~ 2026-06-26)
[18:13:30]    새로운 감시 ETF 이익분배금 공시 없음
[18:18:30] 🔍 DART 공시 확인 중... (조회기간: 20260625 ~ 20260626)
[18:18:30]    총 96건의 주요사항보고 조회됨
[18:18:30]    배당 결정 공시 없음
[18:18:31] 🔍 KIND ETF 공시 확인 중... (조회기간: 2026-06-25 ~ 2026-06-26)
[18:18:31]    새로운 감시 ETF 이익분배금 공시 없음
[18:23:32] 🔍 DART 공시 확인 중... (조회기간: 20260625 ~ 20260626)
[18:23:32]    총 96건의 주요사항보고 조회됨
[18:23:32]    배당 결정 공시 없음
[18:23:33] 🔍 KIND ETF 공시 확인 중... (조회기간: 2026-06-25 ~ 2026-06-26)
[18:23:33]    새로운 감시 ETF 이익분배금 공시 없음
[18:28:34] 🔍 DART 공시 확인 중... (조회기간: 20260625 ~ 20260626)
[18:28:34]    총 96건의 주요사항보고 조회됨
[18:28:34]    배당 결정 공시 없음
[18:28:35] 🔍 KIND ETF 공시 확인 중... (조회기간: 2026-06-25 ~ 2026-06-26)
[18:28:35]    새로운 감시 ETF 이익분배금 공시 없음
[18:33:35] 🔍 DART 공시 확인 중... (조회기간: 20260625 ~ 20260626)
[18:33:35]    총 96건의 주요사항보고 조회됨
[18:33:35]    배당 결정 공시 없음
[18:33:36] 🔍 KIND ETF 공시 확인 중... (조회기간: 2026-06-25 ~ 2026-06-26)
[18:33:36]    새로운 감시 ETF 이익분배금 공시 없음
[18:38:37] 🔍 DART 공시 확인 중... (조회기간: 20260625 ~ 20260626)
[18:38:37]    총 96건의 주요사항보고 조회됨
[18:38:37]    배당 결정 공시 없음
[18:38:38] 🔍 KIND ETF 공시 확인 중... (조회기간: 2026-06-25 ~ 2026-06-26)
[18:38:38]    새로운 감시 ETF 이익분배금 공시 없음
[18:43:39] 🔍 DART 공시 확인 중... (조회기간: 20260625 ~ 20260626)
[18:43:39]    총 96건의 주요사항보고 조회됨
[18:43:39]    배당 결정 공시 없음
[18:43:40] 🔍 KIND ETF 공시 확인 중... (조회기간: 2026-06-25 ~ 2026-06-26)
[18:43:40]    새로운 감시 ETF 이익분배금 공시 없음
[18:48:41] 🔍 DART 공시 확인 중... (조회기간: 20260625 ~ 20260626)
[18:48:41]    총 96건의 주요사항보고 조회됨
[18:48:41]    배당 결정 공시 없음
[18:48:42] 🔍 KIND ETF 공시 확인 중... (조회기간: 2026-06-25 ~ 2026-06-26)
[18:48:42]    새로운 감시 ETF 이익분배금 공시 없음
[18:53:43] 🔍 DART 공시 확인 중... (조회기간: 20260625 ~ 20260626)
[18:53:43]    총 96건의 주요사항보고 조회됨
[18:53:43]    배당 결정 공시 없음
[18:53:43] 🔍 KIND ETF 공시 확인 중... (조회기간: 2026-06-25 ~ 2026-06-26)
[18:53:43]    새로운 감시 ETF 이익분배금 공시 없음
[18:58:44] 🔍 DART 공시 확인 중... (조회기간: 20260625 ~ 20260626)
[18:58:44]    총 96건의 주요사항보고 조회됨
[18:58:44]    배당 결정 공시 없음
[18:58:45] 🔍 KIND ETF 공시 확인 중... (조회기간: 2026-06-25 ~ 2026-06-26)
[18:58:45]    새로운 감시 ETF 이익분배금 공시 없음
[19:03:46] 🔍 DART 공시 확인 중... (조회기간: 20260625 ~ 20260626)
[19:03:46]    총 96건의 주요사항보고 조회됨
[19:03:46]    배당 결정 공시 없음
[19:03:47] 🔍 KIND ETF 공시 확인 중... (조회기간: 2026-06-25 ~ 2026-06-26)
[19:03:47]    새로운 감시 ETF 이익분배금 공시 없음
[19:08:48] 🔍 DART 공시 확인 중... (조회기간: 20260625 ~ 20260626)
[19:08:48]    총 96건의 주요사항보고 조회됨
[19:08:48]    배당 결정 공시 없음
[19:08:48] 🔍 KIND ETF 공시 확인 중... (조회기간: 2026-06-25 ~ 2026-06-26)
[19:08:48]    새로운 감시 ETF 이익분배금 공시 없음
[19:13:49] 🔍 DART 공시 확인 중... (조회기간: 20260625 ~ 20260626)
[19:13:49]    총 96건의 주요사항보고 조회됨
[19:13:49]    배당 결정 공시 없음
[19:13:50] 🔍 KIND ETF 공시 확인 중... (조회기간: 2026-06-25 ~ 2026-06-26)
[19:13:50]    새로운 감시 ETF 이익분배금 공시 없음
[19:18:51] 🔍 DART 공시 확인 중... (조회기간: 20260625 ~ 20260626)
[19:18:51]    총 96건의 주요사항보고 조회됨
[19:18:51]    배당 결정 공시 없음
[19:18:52] 🔍 KIND ETF 공시 확인 중... (조회기간: 2026-06-25 ~ 2026-06-26)
[19:18:52]    새로운 감시 ETF 이익분배금 공시 없음
[19:23:53] 🔍 DART 공시 확인 중... (조회기간: 20260625 ~ 20260626)
[19:23:53]    총 96건의 주요사항보고 조회됨
[19:23:53]    배당 결정 공시 없음
[19:23:53] 🔍 KIND ETF 공시 확인 중... (조회기간: 2026-06-25 ~ 2026-06-26)
[19:23:53]    새로운 감시 ETF 이익분배금 공시 없음
[19:28:54] 🔍 DART 공시 확인 중... (조회기간: 20260625 ~ 20260626)
[19:28:54]    총 96건의 주요사항보고 조회됨
[19:28:54]    배당 결정 공시 없음
[19:28:55] 🔍 KIND ETF 공시 확인 중... (조회기간: 2026-06-25 ~ 2026-06-26)
[19:28:55]    새로운 감시 ETF 이익분배금 공시 없음
[19:33:56] 🔍 DART 공시 확인 중... (조회기간: 20260625 ~ 20260626)
[19:33:56]    총 96건의 주요사항보고 조회됨
[19:33:56]    배당 결정 공시 없음
[19:33:57] 🔍 KIND ETF 공시 확인 중... (조회기간: 2026-06-25 ~ 2026-06-26)
[19:33:57]    새로운 감시 ETF 이익분배금 공시 없음
[19:38:57] 🔍 DART 공시 확인 중... (조회기간: 20260625 ~ 20260626)
[19:38:57]    총 96건의 주요사항보고 조회됨
[19:38:57]    배당 결정 공시 없음
[19:38:58] 🔍 KIND ETF 공시 확인 중... (조회기간: 2026-06-25 ~ 2026-06-26)
[19:38:58]    새로운 감시 ETF 이익분배금 공시 없음
[19:43:59] 🔍 DART 공시 확인 중... (조회기간: 20260625 ~ 20260626)
[19:43:59]    총 96건의 주요사항보고 조회됨
[19:43:59]    배당 결정 공시 없음
[19:44:00] 🔍 KIND ETF 공시 확인 중... (조회기간: 2026-06-25 ~ 2026-06-26)
[19:44:00]    새로운 감시 ETF 이익분배금 공시 없음
[19:49:00] 🔍 DART 공시 확인 중... (조회기간: 20260625 ~ 20260626)
[19:49:00]    총 96건의 주요사항보고 조회됨
[19:49:00]    배당 결정 공시 없음
[19:49:01] 🔍 KIND ETF 공시 확인 중... (조회기간: 2026-06-25 ~ 2026-06-26)
[19:49:01]    새로운 감시 ETF 이익분배금 공시 없음
[19:54:02] 🔍 DART 공시 확인 중... (조회기간: 20260625 ~ 20260626)
[19:54:02]    총 96건의 주요사항보고 조회됨
[19:54:02]    배당 결정 공시 없음
[19:54:03] 🔍 KIND ETF 공시 확인 중... (조회기간: 2026-06-25 ~ 2026-06-26)
[19:54:03]    새로운 감시 ETF 이익분배금 공시 없음
[19:59:04] 🔍 DART 공시 확인 중... (조회기간: 20260625 ~ 20260626)
[19:59:04]    총 96건의 주요사항보고 조회됨
[19:59:04]    배당 결정 공시 없음
[19:59:05] 🔍 KIND ETF 공시 확인 중... (조회기간: 2026-06-25 ~ 2026-06-26)
[19:59:05]    새로운 감시 ETF 이익분배금 공시 없음
[20:04:05] 🔍 DART 공시 확인 중... (조회기간: 20260625 ~ 20260626)
[20:04:05]    총 96건의 주요사항보고 조회됨
[20:04:05]    배당 결정 공시 없음
[20:04:06] 🔍 KIND ETF 공시 확인 중... (조회기간: 2026-06-25 ~ 2026-06-26)
[20:04:06]    새로운 감시 ETF 이익분배금 공시 없음
[20:09:07] 🔍 DART 공시 확인 중... (조회기간: 20260625 ~ 20260626)
[20:09:07]    총 96건의 주요사항보고 조회됨
[20:09:07]    배당 결정 공시 없음
[20:09:08] 🔍 KIND ETF 공시 확인 중... (조회기간: 2026-06-25 ~ 2026-06-26)
[20:09:08]    새로운 감시 ETF 이익분배금 공시 없음
[20:14:09] 🔍 DART 공시 확인 중... (조회기간: 20260625 ~ 20260626)
[20:14:09]    총 96건의 주요사항보고 조회됨
[20:14:09]    배당 결정 공시 없음
[20:14:10] 🔍 KIND ETF 공시 확인 중... (조회기간: 2026-06-25 ~ 2026-06-26)
[20:14:10]    새로운 감시 ETF 이익분배금 공시 없음
[20:19:10] 🔍 DART 공시 확인 중... (조회기간: 20260625 ~ 20260626)
[20:19:10]    총 96건의 주요사항보고 조회됨
[20:19:10]    배당 결정 공시 없음
[20:19:11] 🔍 KIND ETF 공시 확인 중... (조회기간: 2026-06-25 ~ 2026-06-26)
[20:19:11]    새로운 감시 ETF 이익분배금 공시 없음
[20:24:12] 🔍 DART 공시 확인 중... (조회기간: 20260625 ~ 20260626)
[20:24:12]    총 96건의 주요사항보고 조회됨
[20:24:12]    배당 결정 공시 없음
[20:24:13] 🔍 KIND ETF 공시 확인 중... (조회기간: 2026-06-25 ~ 2026-06-26)
[20:24:13]    새로운 감시 ETF 이익분배금 공시 없음
[20:29:14] 🔍 DART 공시 확인 중... (조회기간: 20260625 ~ 20260626)
[20:29:14]    총 96건의 주요사항보고 조회됨
[20:29:14]    배당 결정 공시 없음
[20:29:15] 🔍 KIND ETF 공시 확인 중... (조회기간: 2026-06-25 ~ 2026-06-26)
[20:29:15]    새로운 감시 ETF 이익분배금 공시 없음
[20:34:15] 🔍 DART 공시 확인 중... (조회기간: 20260625 ~ 20260626)
[20:34:15]    총 96건의 주요사항보고 조회됨
[20:34:15]    배당 결정 공시 없음
[20:34:16] 🔍 KIND ETF 공시 확인 중... (조회기간: 2026-06-25 ~ 2026-06-26)
[20:34:16]    새로운 감시 ETF 이익분배금 공시 없음
[20:39:17] 🔍 DART 공시 확인 중... (조회기간: 20260625 ~ 20260626)
[20:39:17]    총 96건의 주요사항보고 조회됨
[20:39:17]    배당 결정 공시 없음
[20:39:18] 🔍 KIND ETF 공시 확인 중... (조회기간: 2026-06-25 ~ 2026-06-26)
[20:39:18]    새로운 감시 ETF 이익분배금 공시 없음
[20:44:19] 🔍 DART 공시 확인 중... (조회기간: 20260625 ~ 20260626)
[20:44:19]    총 96건의 주요사항보고 조회됨
[20:44:19]    배당 결정 공시 없음
[20:44:19] 🔍 KIND ETF 공시 확인 중... (조회기간: 2026-06-25 ~ 2026-06-26)
[20:44:19]    새로운 감시 ETF 이익분배금 공시 없음
[20:49:20] 🔍 DART 공시 확인 중... (조회기간: 20260625 ~ 20260626)
[20:49:20]    총 96건의 주요사항보고 조회됨
[20:49:20]    배당 결정 공시 없음
[20:49:21] 🔍 KIND ETF 공시 확인 중... (조회기간: 2026-06-25 ~ 2026-06-26)
[20:49:21]    새로운 감시 ETF 이익분배금 공시 없음
[20:54:22] 🔍 DART 공시 확인 중... (조회기간: 20260625 ~ 20260626)
[20:54:22]    총 96건의 주요사항보고 조회됨
[20:54:22]    배당 결정 공시 없음
[20:54:23] 🔍 KIND ETF 공시 확인 중... (조회기간: 2026-06-25 ~ 2026-06-26)
[20:54:23]    새로운 감시 ETF 이익분배금 공시 없음
[20:59:24] 🔍 DART 공시 확인 중... (조회기간: 20260625 ~ 20260626)
[20:59:24]    총 96건의 주요사항보고 조회됨
[20:59:24]    배당 결정 공시 없음
[20:59:24] 🔍 KIND ETF 공시 확인 중... (조회기간: 2026-06-25 ~ 2026-06-26)
[20:59:24]    새로운 감시 ETF 이익분배금 공시 없음
[21:04:25] 🔍 DART 공시 확인 중... (조회기간: 20260625 ~ 20260626)
[21:04:25]    총 96건의 주요사항보고 조회됨
[21:04:25]    배당 결정 공시 없음
[21:04:26] 🔍 KIND ETF 공시 확인 중... (조회기간: 2026-06-25 ~ 2026-06-26)
[21:04:26]    새로운 감시 ETF 이익분배금 공시 없음
[21:09:27] 🔍 DART 공시 확인 중... (조회기간: 20260625 ~ 20260626)
[21:09:27]    총 96건의 주요사항보고 조회됨
[21:09:27]    배당 결정 공시 없음
[21:09:28] 🔍 KIND ETF 공시 확인 중... (조회기간: 2026-06-25 ~ 2026-06-26)
[21:09:28]    새로운 감시 ETF 이익분배금 공시 없음
[21:14:28] 🔍 DART 공시 확인 중... (조회기간: 20260625 ~ 20260626)
[21:14:28]    총 96건의 주요사항보고 조회됨
[21:14:28]    배당 결정 공시 없음
[21:14:29] 🔍 KIND ETF 공시 확인 중... (조회기간: 2026-06-25 ~ 2026-06-26)
[21:14:29]    새로운 감시 ETF 이익분배금 공시 없음
[21:19:30] 🔍 DART 공시 확인 중... (조회기간: 20260625 ~ 20260626)
[21:19:30]    총 96건의 주요사항보고 조회됨
[21:19:30]    배당 결정 공시 없음
[21:19:31] 🔍 KIND ETF 공시 확인 중... (조회기간: 2026-06-25 ~ 2026-06-26)
[21:19:31]    새로운 감시 ETF 이익분배금 공시 없음
[21:24:31] 🔍 DART 공시 확인 중... (조회기간: 20260625 ~ 20260626)
[21:24:31]    총 96건의 주요사항보고 조회됨
[21:24:31]    배당 결정 공시 없음
[21:24:32] 🔍 KIND ETF 공시 확인 중... (조회기간: 2026-06-25 ~ 2026-06-26)
[21:24:32]    새로운 감시 ETF 이익분배금 공시 없음
[21:29:33] 🔍 DART 공시 확인 중... (조회기간: 20260625 ~ 20260626)
[21:29:33]    총 96건의 주요사항보고 조회됨
[21:29:33]    배당 결정 공시 없음
[21:29:34] 🔍 KIND ETF 공시 확인 중... (조회기간: 2026-06-25 ~ 2026-06-26)
[21:29:34]    새로운 감시 ETF 이익분배금 공시 없음
[21:34:34] 🔍 DART 공시 확인 중... (조회기간: 20260625 ~ 20260626)
[21:34:34]    총 96건의 주요사항보고 조회됨
[21:34:34]    배당 결정 공시 없음
[21:34:35] 🔍 KIND ETF 공시 확인 중... (조회기간: 2026-06-25 ~ 2026-06-26)
[21:34:35]    새로운 감시 ETF 이익분배금 공시 없음
[21:39:36] 🔍 DART 공시 확인 중... (조회기간: 20260625 ~ 20260626)
[21:39:36]    총 96건의 주요사항보고 조회됨
[21:39:36]    배당 결정 공시 없음
[21:39:37] 🔍 KIND ETF 공시 확인 중... (조회기간: 2026-06-25 ~ 2026-06-26)
[21:39:37]    새로운 감시 ETF 이익분배금 공시 없음
[21:44:38] 🔍 DART 공시 확인 중... (조회기간: 20260625 ~ 20260626)
[21:44:38]    총 96건의 주요사항보고 조회됨
[21:44:38]    배당 결정 공시 없음
[21:44:39] 🔍 KIND ETF 공시 확인 중... (조회기간: 2026-06-25 ~ 2026-06-26)
[21:44:39]    새로운 감시 ETF 이익분배금 공시 없음
[21:49:39] 🔍 DART 공시 확인 중... (조회기간: 20260625 ~ 20260626)
[21:49:39]    총 96건의 주요사항보고 조회됨
[21:49:39]    배당 결정 공시 없음
[21:49:40] 🔍 KIND ETF 공시 확인 중... (조회기간: 2026-06-25 ~ 2026-06-26)
[21:49:40]    새로운 감시 ETF 이익분배금 공시 없음
[21:54:41] 🔍 DART 공시 확인 중... (조회기간: 20260625 ~ 20260626)
[21:54:41]    총 96건의 주요사항보고 조회됨
[21:54:41]    배당 결정 공시 없음
[21:54:42] 🔍 KIND ETF 공시 확인 중... (조회기간: 2026-06-25 ~ 2026-06-26)
[21:54:42]    새로운 감시 ETF 이익분배금 공시 없음
[21:59:43] 🔍 DART 공시 확인 중... (조회기간: 20260625 ~ 20260626)
[21:59:43]    총 96건의 주요사항보고 조회됨
[21:59:43]    배당 결정 공시 없음
[21:59:44] 🔍 KIND ETF 공시 확인 중... (조회기간: 2026-06-25 ~ 2026-06-26)
[21:59:44]    새로운 감시 ETF 이익분배금 공시 없음
[22:04:44] 🔍 DART 공시 확인 중... (조회기간: 20260625 ~ 20260626)
[22:04:44]    총 96건의 주요사항보고 조회됨
[22:04:44]    배당 결정 공시 없음
[22:04:45] 🔍 KIND ETF 공시 확인 중... (조회기간: 2026-06-25 ~ 2026-06-26)
[22:04:45]    새로운 감시 ETF 이익분배금 공시 없음
[22:09:46] 🔍 DART 공시 확인 중... (조회기간: 20260625 ~ 20260626)
[22:09:46]    총 96건의 주요사항보고 조회됨
[22:09:46]    배당 결정 공시 없음
[22:09:47] 🔍 KIND ETF 공시 확인 중... (조회기간: 2026-06-25 ~ 2026-06-26)
[22:09:47]    새로운 감시 ETF 이익분배금 공시 없음
[22:14:48] 🔍 DART 공시 확인 중... (조회기간: 20260625 ~ 20260626)
[22:14:48]    총 96건의 주요사항보고 조회됨
[22:14:48]    배당 결정 공시 없음
[22:14:49] 🔍 KIND ETF 공시 확인 중... (조회기간: 2026-06-25 ~ 2026-06-26)
[22:14:49]    새로운 감시 ETF 이익분배금 공시 없음
[22:19:50] 🔍 DART 공시 확인 중... (조회기간: 20260625 ~ 20260626)
[22:19:50]    총 96건의 주요사항보고 조회됨
[22:19:50]    배당 결정 공시 없음
[22:19:51] 🔍 KIND ETF 공시 확인 중... (조회기간: 2026-06-25 ~ 2026-06-26)
[22:19:51]    새로운 감시 ETF 이익분배금 공시 없음
[22:24:51] 🔍 DART 공시 확인 중... (조회기간: 20260625 ~ 20260626)
[22:24:51]    총 96건의 주요사항보고 조회됨
[22:24:51]    배당 결정 공시 없음
[22:24:52] 🔍 KIND ETF 공시 확인 중... (조회기간: 2026-06-25 ~ 2026-06-26)
[22:24:52]    새로운 감시 ETF 이익분배금 공시 없음
[22:29:53] 🔍 DART 공시 확인 중... (조회기간: 20260625 ~ 20260626)
[22:29:53]    총 96건의 주요사항보고 조회됨
[22:29:53]    배당 결정 공시 없음
[22:29:54] 🔍 KIND ETF 공시 확인 중... (조회기간: 2026-06-25 ~ 2026-06-26)
[22:29:54]    새로운 감시 ETF 이익분배금 공시 없음
[22:34:55] 🔍 DART 공시 확인 중... (조회기간: 20260625 ~ 20260626)
[22:34:55]    총 96건의 주요사항보고 조회됨
[22:34:55]    배당 결정 공시 없음
[22:34:56] 🔍 KIND ETF 공시 확인 중... (조회기간: 2026-06-25 ~ 2026-06-26)
[22:34:56]    새로운 감시 ETF 이익분배금 공시 없음
[22:39:56] 🔍 DART 공시 확인 중... (조회기간: 20260625 ~ 20260626)
[22:39:56]    총 96건의 주요사항보고 조회됨
[22:39:56]    배당 결정 공시 없음
[22:39:57] 🔍 KIND ETF 공시 확인 중... (조회기간: 2026-06-25 ~ 2026-06-26)
[22:39:57]    새로운 감시 ETF 이익분배금 공시 없음
[22:44:58] 🔍 DART 공시 확인 중... (조회기간: 20260625 ~ 20260626)
[22:44:58]    총 96건의 주요사항보고 조회됨
[22:44:58]    배당 결정 공시 없음
[22:44:59] 🔍 KIND ETF 공시 확인 중... (조회기간: 2026-06-25 ~ 2026-06-26)
[22:44:59]    새로운 감시 ETF 이익분배금 공시 없음
[22:50:00] 🔍 DART 공시 확인 중... (조회기간: 20260625 ~ 20260626)
[22:50:00]    총 96건의 주요사항보고 조회됨
[22:50:00]    배당 결정 공시 없음
[22:50:01] 🔍 KIND ETF 공시 확인 중... (조회기간: 2026-06-25 ~ 2026-06-26)
[22:50:01]    새로운 감시 ETF 이익분배금 공시 없음
[22:55:01] 🔍 DART 공시 확인 중... (조회기간: 20260625 ~ 20260626)
[22:55:01]    총 96건의 주요사항보고 조회됨
[22:55:01]    배당 결정 공시 없음
[22:55:02] 🔍 KIND ETF 공시 확인 중... (조회기간: 2026-06-25 ~ 2026-06-26)
[22:55:02]    새로운 감시 ETF 이익분배금 공시 없음
[23:00:03] 🔍 DART 공시 확인 중... (조회기간: 20260625 ~ 20260626)
[23:00:03]    총 96건의 주요사항보고 조회됨
[23:00:03]    배당 결정 공시 없음
[23:00:04] 🔍 KIND ETF 공시 확인 중... (조회기간: 2026-06-25 ~ 2026-06-26)
[23:00:04]    새로운 감시 ETF 이익분배금 공시 없음
[23:05:05] 🔍 DART 공시 확인 중... (조회기간: 20260625 ~ 20260626)
[23:05:05]    총 96건의 주요사항보고 조회됨
[23:05:05]    배당 결정 공시 없음
[23:05:06] 🔍 KIND ETF 공시 확인 중... (조회기간: 2026-06-25 ~ 2026-06-26)
[23:05:06]    새로운 감시 ETF 이익분배금 공시 없음
[23:10:07] 🔍 DART 공시 확인 중... (조회기간: 20260625 ~ 20260626)
[23:10:07]    총 96건의 주요사항보고 조회됨
[23:10:07]    배당 결정 공시 없음
[23:10:08] 🔍 KIND ETF 공시 확인 중... (조회기간: 2026-06-25 ~ 2026-06-26)
[23:10:08]    새로운 감시 ETF 이익분배금 공시 없음
[23:15:08] 🔍 DART 공시 확인 중... (조회기간: 20260625 ~ 20260626)
[23:15:08]    총 96건의 주요사항보고 조회됨
[23:15:08]    배당 결정 공시 없음
[23:15:09] 🔍 KIND ETF 공시 확인 중... (조회기간: 2026-06-25 ~ 2026-06-26)
[23:15:09]    새로운 감시 ETF 이익분배금 공시 없음
[23:20:10] 🔍 DART 공시 확인 중... (조회기간: 20260625 ~ 20260626)
[23:20:10]    총 96건의 주요사항보고 조회됨
[23:20:10]    배당 결정 공시 없음
[23:20:11] 🔍 KIND ETF 공시 확인 중... (조회기간: 2026-06-25 ~ 2026-06-26)
[23:20:11]    새로운 감시 ETF 이익분배금 공시 없음
[23:25:11] 🔍 DART 공시 확인 중... (조회기간: 20260625 ~ 20260626)
[23:25:11]    총 96건의 주요사항보고 조회됨
[23:25:11]    배당 결정 공시 없음
[23:25:12] 🔍 KIND ETF 공시 확인 중... (조회기간: 2026-06-25 ~ 2026-06-26)
[23:25:12]    새로운 감시 ETF 이익분배금 공시 없음
[23:30:13] 🔍 DART 공시 확인 중... (조회기간: 20260625 ~ 20260626)
[23:30:13]    총 96건의 주요사항보고 조회됨
[23:30:13]    배당 결정 공시 없음
[23:30:15] 🔍 KIND ETF 공시 확인 중... (조회기간: 2026-06-25 ~ 2026-06-26)
[23:30:15]    새로운 감시 ETF 이익분배금 공시 없음
[23:35:15] 🔍 DART 공시 확인 중... (조회기간: 20260625 ~ 20260626)
[23:35:15]    총 96건의 주요사항보고 조회됨
[23:35:15]    배당 결정 공시 없음
[23:35:16] 🔍 KIND ETF 공시 확인 중... (조회기간: 2026-06-25 ~ 2026-06-26)
[23:35:16]    새로운 감시 ETF 이익분배금 공시 없음
[23:40:17] 🔍 DART 공시 확인 중... (조회기간: 20260625 ~ 20260626)
[23:40:17]    총 96건의 주요사항보고 조회됨
[23:40:17]    배당 결정 공시 없음
[23:40:18] 🔍 KIND ETF 공시 확인 중... (조회기간: 2026-06-25 ~ 2026-06-26)
[23:40:18]    새로운 감시 ETF 이익분배금 공시 없음
[23:45:19] 🔍 DART 공시 확인 중... (조회기간: 20260625 ~ 20260626)
[23:45:19]    총 96건의 주요사항보고 조회됨
[23:45:19]    배당 결정 공시 없음
[23:45:20] 🔍 KIND ETF 공시 확인 중... (조회기간: 2026-06-25 ~ 2026-06-26)
[23:45:20]    새로운 감시 ETF 이익분배금 공시 없음
[23:50:20] 🔍 DART 공시 확인 중... (조회기간: 20260625 ~ 20260626)
[23:50:20]    총 96건의 주요사항보고 조회됨
[23:50:20]    배당 결정 공시 없음
[23:50:21] 🔍 KIND ETF 공시 확인 중... (조회기간: 2026-06-25 ~ 2026-06-26)
[23:50:21]    새로운 감시 ETF 이익분배금 공시 없음
[23:55:22] 🔍 DART 공시 확인 중... (조회기간: 20260625 ~ 20260626)
[23:55:22]    총 96건의 주요사항보고 조회됨
[23:55:22]    배당 결정 공시 없음
[23:55:23] 🔍 KIND ETF 공시 확인 중... (조회기간: 2026-06-25 ~ 2026-06-26)
[23:55:23]    새로운 감시 ETF 이익분배금 공시 없음
[00:00:24] 🔍 DART 공시 확인 중... (조회기간: 20260626 ~ 20260627)
[00:00:24]    총 55건의 주요사항보고 조회됨
[00:00:24]    배당 결정 공시 없음
[00:00:24] 🔍 KIND ETF 공시 확인 중... (조회기간: 2026-06-26 ~ 2026-06-27)
[00:00:24]    새로운 감시 ETF 이익분배금 공시 없음
[00:05:25] 🔍 DART 공시 확인 중... (조회기간: 20260626 ~ 20260627)
[00:05:25]    총 55건의 주요사항보고 조회됨
[00:05:25]    배당 결정 공시 없음
[00:05:26] 🔍 KIND ETF 공시 확인 중... (조회기간: 2026-06-26 ~ 2026-06-27)
[00:05:26]    새로운 감시 ETF 이익분배금 공시 없음
[00:10:27] 🔍 DART 공시 확인 중... (조회기간: 20260626 ~ 20260627)
[00:10:27]    총 55건의 주요사항보고 조회됨
[00:10:27]    배당 결정 공시 없음
[00:10:28] 🔍 KIND ETF 공시 확인 중... (조회기간: 2026-06-26 ~ 2026-06-27)
[00:10:28]    새로운 감시 ETF 이익분배금 공시 없음
[00:15:28] 🔍 DART 공시 확인 중... (조회기간: 20260626 ~ 20260627)
[00:15:28]    총 55건의 주요사항보고 조회됨
[00:15:28]    배당 결정 공시 없음
[00:15:29] 🔍 KIND ETF 공시 확인 중... (조회기간: 2026-06-26 ~ 2026-06-27)
[00:15:29]    새로운 감시 ETF 이익분배금 공시 없음
[00:20:30] 🔍 DART 공시 확인 중... (조회기간: 20260626 ~ 20260627)
[00:20:30]    총 55건의 주요사항보고 조회됨
[00:20:30]    배당 결정 공시 없음
[00:20:31] 🔍 KIND ETF 공시 확인 중... (조회기간: 2026-06-26 ~ 2026-06-27)
[00:20:31]    새로운 감시 ETF 이익분배금 공시 없음
[00:25:31] 🔍 DART 공시 확인 중... (조회기간: 20260626 ~ 20260627)
[00:25:31]    총 55건의 주요사항보고 조회됨
[00:25:31]    배당 결정 공시 없음
[00:25:32] 🔍 KIND ETF 공시 확인 중... (조회기간: 2026-06-26 ~ 2026-06-27)
[00:25:32]    새로운 감시 ETF 이익분배금 공시 없음
[00:30:33] 🔍 DART 공시 확인 중... (조회기간: 20260626 ~ 20260627)
[00:30:33]    총 55건의 주요사항보고 조회됨
[00:30:33]    배당 결정 공시 없음
[00:30:33] 🔍 KIND ETF 공시 확인 중... (조회기간: 2026-06-26 ~ 2026-06-27)
[00:30:33]    새로운 감시 ETF 이익분배금 공시 없음
[00:35:34] 🔍 DART 공시 확인 중... (조회기간: 20260626 ~ 20260627)
[00:35:34]    총 55건의 주요사항보고 조회됨
[00:35:34]    배당 결정 공시 없음
[00:35:35] 🔍 KIND ETF 공시 확인 중... (조회기간: 2026-06-26 ~ 2026-06-27)
[00:35:35]    새로운 감시 ETF 이익분배금 공시 없음
[00:40:36] 🔍 DART 공시 확인 중... (조회기간: 20260626 ~ 20260627)
[00:40:36]    총 55건의 주요사항보고 조회됨
[00:40:36]    배당 결정 공시 없음
[00:40:36] 🔍 KIND ETF 공시 확인 중... (조회기간: 2026-06-26 ~ 2026-06-27)
[00:40:36]    새로운 감시 ETF 이익분배금 공시 없음
[00:45:37] 🔍 DART 공시 확인 중... (조회기간: 20260626 ~ 20260627)
[00:45:37]    총 55건의 주요사항보고 조회됨
[00:45:37]    배당 결정 공시 없음
[00:45:38] 🔍 KIND ETF 공시 확인 중... (조회기간: 2026-06-26 ~ 2026-06-27)
[00:45:38]    새로운 감시 ETF 이익분배금 공시 없음
[00:50:38] 🔍 DART 공시 확인 중... (조회기간: 20260626 ~ 20260627)
[00:50:38]    총 55건의 주요사항보고 조회됨
[00:50:38]    배당 결정 공시 없음
[00:50:39] 🔍 KIND ETF 공시 확인 중... (조회기간: 2026-06-26 ~ 2026-06-27)
[00:50:39]    새로운 감시 ETF 이익분배금 공시 없음
[00:55:40] 🔍 DART 공시 확인 중... (조회기간: 20260626 ~ 20260627)
[00:55:40]    총 55건의 주요사항보고 조회됨
[00:55:40]    배당 결정 공시 없음
[00:55:41] 🔍 KIND ETF 공시 확인 중... (조회기간: 2026-06-26 ~ 2026-06-27)
[00:55:41]    새로운 감시 ETF 이익분배금 공시 없음
[01:00:42] 🔍 DART 공시 확인 중... (조회기간: 20260626 ~ 20260627)
[01:00:42]    총 55건의 주요사항보고 조회됨
[01:00:42]    배당 결정 공시 없음
[01:00:42] 🔍 KIND ETF 공시 확인 중... (조회기간: 2026-06-26 ~ 2026-06-27)
[01:00:42]    새로운 감시 ETF 이익분배금 공시 없음
[01:05:43] 🔍 DART 공시 확인 중... (조회기간: 20260626 ~ 20260627)
[01:05:43]    총 55건의 주요사항보고 조회됨
[01:05:43]    배당 결정 공시 없음
[01:05:44] 🔍 KIND ETF 공시 확인 중... (조회기간: 2026-06-26 ~ 2026-06-27)
[01:05:44]    새로운 감시 ETF 이익분배금 공시 없음
[01:10:45] 🔍 DART 공시 확인 중... (조회기간: 20260626 ~ 20260627)
[01:10:45]    총 55건의 주요사항보고 조회됨
[01:10:45]    배당 결정 공시 없음
[01:10:45] 🔍 KIND ETF 공시 확인 중... (조회기간: 2026-06-26 ~ 2026-06-27)
[01:10:45]    새로운 감시 ETF 이익분배금 공시 없음
[01:15:46] 🔍 DART 공시 확인 중... (조회기간: 20260626 ~ 20260627)
[01:15:46]    총 55건의 주요사항보고 조회됨
[01:15:46]    배당 결정 공시 없음
[01:15:47] 🔍 KIND ETF 공시 확인 중... (조회기간: 2026-06-26 ~ 2026-06-27)
[01:15:47]    새로운 감시 ETF 이익분배금 공시 없음
[01:20:48] 🔍 DART 공시 확인 중... (조회기간: 20260626 ~ 20260627)
[01:20:48]    총 55건의 주요사항보고 조회됨
[01:20:48]    배당 결정 공시 없음
[01:20:48] 🔍 KIND ETF 공시 확인 중... (조회기간: 2026-06-26 ~ 2026-06-27)
[01:20:48]    새로운 감시 ETF 이익분배금 공시 없음
[01:25:49] 🔍 DART 공시 확인 중... (조회기간: 20260626 ~ 20260627)
[01:25:49]    총 55건의 주요사항보고 조회됨
[01:25:49]    배당 결정 공시 없음
[01:25:50] 🔍 KIND ETF 공시 확인 중... (조회기간: 2026-06-26 ~ 2026-06-27)
[01:25:50]    새로운 감시 ETF 이익분배금 공시 없음
[01:30:51] 🔍 DART 공시 확인 중... (조회기간: 20260626 ~ 20260627)
[01:30:51]    총 55건의 주요사항보고 조회됨
[01:30:51]    배당 결정 공시 없음
[01:30:52] 🔍 KIND ETF 공시 확인 중... (조회기간: 2026-06-26 ~ 2026-06-27)
[01:30:52]    새로운 감시 ETF 이익분배금 공시 없음
[01:35:52] 🔍 DART 공시 확인 중... (조회기간: 20260626 ~ 20260627)
[01:35:52]    총 55건의 주요사항보고 조회됨
[01:35:52]    배당 결정 공시 없음
[01:35:53] 🔍 KIND ETF 공시 확인 중... (조회기간: 2026-06-26 ~ 2026-06-27)
[01:35:53]    새로운 감시 ETF 이익분배금 공시 없음
[01:40:54] 🔍 DART 공시 확인 중... (조회기간: 20260626 ~ 20260627)
[01:40:54]    총 55건의 주요사항보고 조회됨
[01:40:54]    배당 결정 공시 없음
[01:40:55] 🔍 KIND ETF 공시 확인 중... (조회기간: 2026-06-26 ~ 2026-06-27)
[01:40:55]    새로운 감시 ETF 이익분배금 공시 없음
[01:45:55] 🔍 DART 공시 확인 중... (조회기간: 20260626 ~ 20260627)
[01:45:55]    총 55건의 주요사항보고 조회됨
[01:45:55]    배당 결정 공시 없음
[01:45:56] 🔍 KIND ETF 공시 확인 중... (조회기간: 2026-06-26 ~ 2026-06-27)
[01:45:56]    새로운 감시 ETF 이익분배금 공시 없음
[01:50:57] 🔍 DART 공시 확인 중... (조회기간: 20260626 ~ 20260627)
[01:50:57]    총 55건의 주요사항보고 조회됨
[01:50:57]    배당 결정 공시 없음
[01:50:58] 🔍 KIND ETF 공시 확인 중... (조회기간: 2026-06-26 ~ 2026-06-27)
[01:50:58]    새로운 감시 ETF 이익분배금 공시 없음
[01:55:58] 🔍 DART 공시 확인 중... (조회기간: 20260626 ~ 20260627)
[01:55:58]    총 55건의 주요사항보고 조회됨
[01:55:58]    배당 결정 공시 없음
[01:55:59] 🔍 KIND ETF 공시 확인 중... (조회기간: 2026-06-26 ~ 2026-06-27)
[01:55:59]    새로운 감시 ETF 이익분배금 공시 없음
[02:01:00] 🔍 DART 공시 확인 중... (조회기간: 20260626 ~ 20260627)
[02:01:00]    총 55건의 주요사항보고 조회됨
[02:01:00]    배당 결정 공시 없음
[02:01:01] 🔍 KIND ETF 공시 확인 중... (조회기간: 2026-06-26 ~ 2026-06-27)
[02:01:01]    새로운 감시 ETF 이익분배금 공시 없음
[02:06:01] 🔍 DART 공시 확인 중... (조회기간: 20260626 ~ 20260627)
[02:06:01]    총 55건의 주요사항보고 조회됨
[02:06:01]    배당 결정 공시 없음
[02:06:02] 🔍 KIND ETF 공시 확인 중... (조회기간: 2026-06-26 ~ 2026-06-27)
[02:06:02]    새로운 감시 ETF 이익분배금 공시 없음
[02:11:03] 🔍 DART 공시 확인 중... (조회기간: 20260626 ~ 20260627)
[02:11:03]    총 55건의 주요사항보고 조회됨
[02:11:03]    배당 결정 공시 없음
[02:11:04] 🔍 KIND ETF 공시 확인 중... (조회기간: 2026-06-26 ~ 2026-06-27)
[02:11:04]    새로운 감시 ETF 이익분배금 공시 없음
[02:16:04] 🔍 DART 공시 확인 중... (조회기간: 20260626 ~ 20260627)
[02:16:04]    총 55건의 주요사항보고 조회됨
[02:16:04]    배당 결정 공시 없음
[02:16:05] 🔍 KIND ETF 공시 확인 중... (조회기간: 2026-06-26 ~ 2026-06-27)
[02:16:05]    새로운 감시 ETF 이익분배금 공시 없음
[02:21:06] 🔍 DART 공시 확인 중... (조회기간: 20260626 ~ 20260627)
[02:21:06]    총 55건의 주요사항보고 조회됨
[02:21:06]    배당 결정 공시 없음
[02:21:07] 🔍 KIND ETF 공시 확인 중... (조회기간: 2026-06-26 ~ 2026-06-27)
[02:21:07]    새로운 감시 ETF 이익분배금 공시 없음
[02:26:07] 🔍 DART 공시 확인 중... (조회기간: 20260626 ~ 20260627)
[02:26:07]    총 55건의 주요사항보고 조회됨
[02:26:07]    배당 결정 공시 없음
[02:26:08] 🔍 KIND ETF 공시 확인 중... (조회기간: 2026-06-26 ~ 2026-06-27)
[02:26:08]    새로운 감시 ETF 이익분배금 공시 없음
[02:31:09] 🔍 DART 공시 확인 중... (조회기간: 20260626 ~ 20260627)
[02:31:09]    총 55건의 주요사항보고 조회됨
[02:31:09]    배당 결정 공시 없음
[02:31:10] 🔍 KIND ETF 공시 확인 중... (조회기간: 2026-06-26 ~ 2026-06-27)
[02:31:10]    새로운 감시 ETF 이익분배금 공시 없음
[02:36:11] 🔍 DART 공시 확인 중... (조회기간: 20260626 ~ 20260627)
[02:36:11]    총 55건의 주요사항보고 조회됨
[02:36:11]    배당 결정 공시 없음
[02:36:11] 🔍 KIND ETF 공시 확인 중... (조회기간: 2026-06-26 ~ 2026-06-27)
[02:36:11]    새로운 감시 ETF 이익분배금 공시 없음
[02:41:12] 🔍 DART 공시 확인 중... (조회기간: 20260626 ~ 20260627)
[02:41:12]    총 55건의 주요사항보고 조회됨
[02:41:12]    배당 결정 공시 없음
[02:41:13] 🔍 KIND ETF 공시 확인 중... (조회기간: 2026-06-26 ~ 2026-06-27)
[02:41:13]    새로운 감시 ETF 이익분배금 공시 없음
[02:46:14] 🔍 DART 공시 확인 중... (조회기간: 20260626 ~ 20260627)
[02:46:14]    총 55건의 주요사항보고 조회됨
[02:46:14]    배당 결정 공시 없음
[02:46:15] 🔍 KIND ETF 공시 확인 중... (조회기간: 2026-06-26 ~ 2026-06-27)
[02:46:15]    새로운 감시 ETF 이익분배금 공시 없음
[02:51:15] 🔍 DART 공시 확인 중... (조회기간: 20260626 ~ 20260627)
[02:51:15]    총 55건의 주요사항보고 조회됨
[02:51:15]    배당 결정 공시 없음
[02:51:16] 🔍 KIND ETF 공시 확인 중... (조회기간: 2026-06-26 ~ 2026-06-27)
[02:51:16]    새로운 감시 ETF 이익분배금 공시 없음
[02:56:17] 🔍 DART 공시 확인 중... (조회기간: 20260626 ~ 20260627)
[02:56:17]    총 55건의 주요사항보고 조회됨
[02:56:17]    배당 결정 공시 없음
[02:56:18] 🔍 KIND ETF 공시 확인 중... (조회기간: 2026-06-26 ~ 2026-06-27)
[02:56:18]    새로운 감시 ETF 이익분배금 공시 없음
[03:01:18] 🔍 DART 공시 확인 중... (조회기간: 20260626 ~ 20260627)
[03:01:18]    총 55건의 주요사항보고 조회됨
[03:01:18]    배당 결정 공시 없음
[03:01:19] 🔍 KIND ETF 공시 확인 중... (조회기간: 2026-06-26 ~ 2026-06-27)
[03:01:19]    새로운 감시 ETF 이익분배금 공시 없음
[03:06:20] 🔍 DART 공시 확인 중... (조회기간: 20260626 ~ 20260627)
[03:06:20]    총 55건의 주요사항보고 조회됨
[03:06:20]    배당 결정 공시 없음
[03:06:21] 🔍 KIND ETF 공시 확인 중... (조회기간: 2026-06-26 ~ 2026-06-27)
[03:06:21]    새로운 감시 ETF 이익분배금 공시 없음
[03:11:21] 🔍 DART 공시 확인 중... (조회기간: 20260626 ~ 20260627)
[03:11:21]    총 55건의 주요사항보고 조회됨
[03:11:21]    배당 결정 공시 없음
[03:11:22] 🔍 KIND ETF 공시 확인 중... (조회기간: 2026-06-26 ~ 2026-06-27)
[03:11:22]    새로운 감시 ETF 이익분배금 공시 없음
[03:16:23] 🔍 DART 공시 확인 중... (조회기간: 20260626 ~ 20260627)
[03:16:23]    총 55건의 주요사항보고 조회됨
[03:16:23]    배당 결정 공시 없음
[03:16:24] 🔍 KIND ETF 공시 확인 중... (조회기간: 2026-06-26 ~ 2026-06-27)
[03:16:24]    새로운 감시 ETF 이익분배금 공시 없음
[03:21:25] 🔍 DART 공시 확인 중... (조회기간: 20260626 ~ 20260627)
[03:21:25]    총 55건의 주요사항보고 조회됨
[03:21:25]    배당 결정 공시 없음
[03:21:25] 🔍 KIND ETF 공시 확인 중... (조회기간: 2026-06-26 ~ 2026-06-27)
[03:21:25]    새로운 감시 ETF 이익분배금 공시 없음
[03:26:26] 🔍 DART 공시 확인 중... (조회기간: 20260626 ~ 20260627)
[03:26:26]    총 55건의 주요사항보고 조회됨
[03:26:26]    배당 결정 공시 없음
[03:26:27] 🔍 KIND ETF 공시 확인 중... (조회기간: 2026-06-26 ~ 2026-06-27)
[03:26:27]    새로운 감시 ETF 이익분배금 공시 없음
[03:31:27] 🔍 DART 공시 확인 중... (조회기간: 20260626 ~ 20260627)
[03:31:27]    총 55건의 주요사항보고 조회됨
[03:31:27]    배당 결정 공시 없음
[03:31:28] 🔍 KIND ETF 공시 확인 중... (조회기간: 2026-06-26 ~ 2026-06-27)
[03:31:28]    새로운 감시 ETF 이익분배금 공시 없음
[03:36:29] 🔍 DART 공시 확인 중... (조회기간: 20260626 ~ 20260627)
[03:36:29]    총 55건의 주요사항보고 조회됨
[03:36:29]    배당 결정 공시 없음
[03:36:30] 🔍 KIND ETF 공시 확인 중... (조회기간: 2026-06-26 ~ 2026-06-27)
[03:36:30]    새로운 감시 ETF 이익분배금 공시 없음
[03:41:30] 🔍 DART 공시 확인 중... (조회기간: 20260626 ~ 20260627)
[03:41:30]    총 55건의 주요사항보고 조회됨
[03:41:30]    배당 결정 공시 없음
[03:41:31] 🔍 KIND ETF 공시 확인 중... (조회기간: 2026-06-26 ~ 2026-06-27)
[03:41:31]    새로운 감시 ETF 이익분배금 공시 없음
[03:46:32] 🔍 DART 공시 확인 중... (조회기간: 20260626 ~ 20260627)
[03:46:32]    총 55건의 주요사항보고 조회됨
[03:46:32]    배당 결정 공시 없음
[03:46:33] 🔍 KIND ETF 공시 확인 중... (조회기간: 2026-06-26 ~ 2026-06-27)
[03:46:33]    새로운 감시 ETF 이익분배금 공시 없음
[03:51:33] 🔍 DART 공시 확인 중... (조회기간: 20260626 ~ 20260627)
[03:51:33]    총 55건의 주요사항보고 조회됨
[03:51:33]    배당 결정 공시 없음
[03:51:34] 🔍 KIND ETF 공시 확인 중... (조회기간: 2026-06-26 ~ 2026-06-27)
[03:51:34]    새로운 감시 ETF 이익분배금 공시 없음
[03:56:35] 🔍 DART 공시 확인 중... (조회기간: 20260626 ~ 20260627)
[03:56:35]    총 55건의 주요사항보고 조회됨
[03:56:35]    배당 결정 공시 없음
[03:56:36] 🔍 KIND ETF 공시 확인 중... (조회기간: 2026-06-26 ~ 2026-06-27)
[03:56:36]    새로운 감시 ETF 이익분배금 공시 없음
[04:01:36] 🔍 DART 공시 확인 중... (조회기간: 20260626 ~ 20260627)
[04:01:36]    총 55건의 주요사항보고 조회됨
[04:01:36]    배당 결정 공시 없음
[04:01:38] 🔍 KIND ETF 공시 확인 중... (조회기간: 2026-06-26 ~ 2026-06-27)
[04:01:38]    새로운 감시 ETF 이익분배금 공시 없음
[04:06:39] 🔍 DART 공시 확인 중... (조회기간: 20260626 ~ 20260627)
[04:06:39]    총 55건의 주요사항보고 조회됨
[04:06:39]    배당 결정 공시 없음
[04:06:40] 🔍 KIND ETF 공시 확인 중... (조회기간: 2026-06-26 ~ 2026-06-27)
[04:06:40]    새로운 감시 ETF 이익분배금 공시 없음
[04:11:41] 🔍 DART 공시 확인 중... (조회기간: 20260626 ~ 20260627)
[04:11:41]    총 55건의 주요사항보고 조회됨
[04:11:41]    배당 결정 공시 없음
[04:11:41] 🔍 KIND ETF 공시 확인 중... (조회기간: 2026-06-26 ~ 2026-06-27)
[04:11:41]    새로운 감시 ETF 이익분배금 공시 없음
[04:16:42] 🔍 DART 공시 확인 중... (조회기간: 20260626 ~ 20260627)
[04:16:42]    총 55건의 주요사항보고 조회됨
[04:16:42]    배당 결정 공시 없음
[04:16:43] 🔍 KIND ETF 공시 확인 중... (조회기간: 2026-06-26 ~ 2026-06-27)
[04:16:43]    새로운 감시 ETF 이익분배금 공시 없음
[04:21:43] 🔍 DART 공시 확인 중... (조회기간: 20260626 ~ 20260627)
[04:21:43]    총 55건의 주요사항보고 조회됨
[04:21:43]    배당 결정 공시 없음
[04:21:44] 🔍 KIND ETF 공시 확인 중... (조회기간: 2026-06-26 ~ 2026-06-27)
[04:21:44]    새로운 감시 ETF 이익분배금 공시 없음
[04:26:45] 🔍 DART 공시 확인 중... (조회기간: 20260626 ~ 20260627)
[04:26:45]    총 55건의 주요사항보고 조회됨
[04:26:45]    배당 결정 공시 없음
[04:26:46] 🔍 KIND ETF 공시 확인 중... (조회기간: 2026-06-26 ~ 2026-06-27)
[04:26:46]    새로운 감시 ETF 이익분배금 공시 없음
[04:31:47] 🔍 DART 공시 확인 중... (조회기간: 20260626 ~ 20260627)
[04:31:47]    총 55건의 주요사항보고 조회됨
[04:31:47]    배당 결정 공시 없음
[04:31:48] 🔍 KIND ETF 공시 확인 중... (조회기간: 2026-06-26 ~ 2026-06-27)
[04:31:48]    새로운 감시 ETF 이익분배금 공시 없음
[04:36:48] 🔍 DART 공시 확인 중... (조회기간: 20260626 ~ 20260627)
[04:36:48]    총 55건의 주요사항보고 조회됨
[04:36:48]    배당 결정 공시 없음
[04:36:49] 🔍 KIND ETF 공시 확인 중... (조회기간: 2026-06-26 ~ 2026-06-27)
[04:36:49]    새로운 감시 ETF 이익분배금 공시 없음
[04:41:50] 🔍 DART 공시 확인 중... (조회기간: 20260626 ~ 20260627)
[04:41:50]    총 55건의 주요사항보고 조회됨
[04:41:50]    배당 결정 공시 없음
[04:41:51] 🔍 KIND ETF 공시 확인 중... (조회기간: 2026-06-26 ~ 2026-06-27)
[04:41:51]    새로운 감시 ETF 이익분배금 공시 없음
[04:46:51] 🔍 DART 공시 확인 중... (조회기간: 20260626 ~ 20260627)
[04:46:51]    총 55건의 주요사항보고 조회됨
[04:46:51]    배당 결정 공시 없음
[04:46:52] 🔍 KIND ETF 공시 확인 중... (조회기간: 2026-06-26 ~ 2026-06-27)
[04:46:52]    새로운 감시 ETF 이익분배금 공시 없음
[04:51:53] 🔍 DART 공시 확인 중... (조회기간: 20260626 ~ 20260627)
[04:51:53]    총 55건의 주요사항보고 조회됨
[04:51:53]    배당 결정 공시 없음
[04:51:54] 🔍 KIND ETF 공시 확인 중... (조회기간: 2026-06-26 ~ 2026-06-27)
[04:51:54]    새로운 감시 ETF 이익분배금 공시 없음
[04:56:54] 🔍 DART 공시 확인 중... (조회기간: 20260626 ~ 20260627)
[04:56:54]    총 55건의 주요사항보고 조회됨
[04:56:54]    배당 결정 공시 없음
[04:56:55] 🔍 KIND ETF 공시 확인 중... (조회기간: 2026-06-26 ~ 2026-06-27)
[04:56:55]    새로운 감시 ETF 이익분배금 공시 없음
[05:01:56] 🔍 DART 공시 확인 중... (조회기간: 20260626 ~ 20260627)
[05:01:56]    총 55건의 주요사항보고 조회됨
[05:01:56]    배당 결정 공시 없음
[05:01:57] 🔍 KIND ETF 공시 확인 중... (조회기간: 2026-06-26 ~ 2026-06-27)
[05:01:57]    새로운 감시 ETF 이익분배금 공시 없음
[05:06:57] 🔍 DART 공시 확인 중... (조회기간: 20260626 ~ 20260627)
[05:06:57]    총 55건의 주요사항보고 조회됨
[05:06:57]    배당 결정 공시 없음
[05:06:58] 🔍 KIND ETF 공시 확인 중... (조회기간: 2026-06-26 ~ 2026-06-27)
[05:06:58]    새로운 감시 ETF 이익분배금 공시 없음
[05:11:59] 🔍 DART 공시 확인 중... (조회기간: 20260626 ~ 20260627)
[05:11:59]    총 55건의 주요사항보고 조회됨
[05:11:59]    배당 결정 공시 없음
[05:12:00] 🔍 KIND ETF 공시 확인 중... (조회기간: 2026-06-26 ~ 2026-06-27)
[05:12:00]    새로운 감시 ETF 이익분배금 공시 없음
[05:17:00] 🔍 DART 공시 확인 중... (조회기간: 20260626 ~ 20260627)
[05:17:00]    총 55건의 주요사항보고 조회됨
[05:17:00]    배당 결정 공시 없음
[05:17:01] 🔍 KIND ETF 공시 확인 중... (조회기간: 2026-06-26 ~ 2026-06-27)
[05:17:01]    새로운 감시 ETF 이익분배금 공시 없음
[05:22:02] 🔍 DART 공시 확인 중... (조회기간: 20260626 ~ 20260627)
[05:22:02]    총 55건의 주요사항보고 조회됨
[05:22:02]    배당 결정 공시 없음
[05:22:02] 🔍 KIND ETF 공시 확인 중... (조회기간: 2026-06-26 ~ 2026-06-27)
[05:22:02]    새로운 감시 ETF 이익분배금 공시 없음
[05:27:03] 🔍 DART 공시 확인 중... (조회기간: 20260626 ~ 20260627)
[05:27:03]    총 55건의 주요사항보고 조회됨
[05:27:03]    배당 결정 공시 없음
[05:27:04] 🔍 KIND ETF 공시 확인 중... (조회기간: 2026-06-26 ~ 2026-06-27)
[05:27:04]    새로운 감시 ETF 이익분배금 공시 없음
[05:32:05] 🔍 DART 공시 확인 중... (조회기간: 20260626 ~ 20260627)
[05:32:05]    총 55건의 주요사항보고 조회됨
[05:32:05]    배당 결정 공시 없음
[05:32:05] 🔍 KIND ETF 공시 확인 중... (조회기간: 2026-06-26 ~ 2026-06-27)
[05:32:05]    새로운 감시 ETF 이익분배금 공시 없음
[05:37:06] 🔍 DART 공시 확인 중... (조회기간: 20260626 ~ 20260627)
[05:37:06]    총 55건의 주요사항보고 조회됨
[05:37:06]    배당 결정 공시 없음
[05:37:07] 🔍 KIND ETF 공시 확인 중... (조회기간: 2026-06-26 ~ 2026-06-27)
[05:37:07]    새로운 감시 ETF 이익분배금 공시 없음
[05:42:08] 🔍 DART 공시 확인 중... (조회기간: 20260626 ~ 20260627)
[05:42:08]    총 55건의 주요사항보고 조회됨
[05:42:08]    배당 결정 공시 없음
[05:42:08] 🔍 KIND ETF 공시 확인 중... (조회기간: 2026-06-26 ~ 2026-06-27)
[05:42:08]    새로운 감시 ETF 이익분배금 공시 없음
[05:47:09] 🔍 DART 공시 확인 중... (조회기간: 20260626 ~ 20260627)
[05:47:09]    총 55건의 주요사항보고 조회됨
[05:47:09]    배당 결정 공시 없음
[05:47:10] 🔍 KIND ETF 공시 확인 중... (조회기간: 2026-06-26 ~ 2026-06-27)
[05:47:10]    새로운 감시 ETF 이익분배금 공시 없음
[05:52:11] 🔍 DART 공시 확인 중... (조회기간: 20260626 ~ 20260627)
[05:52:11]    총 55건의 주요사항보고 조회됨
[05:52:11]    배당 결정 공시 없음
[05:52:11] 🔍 KIND ETF 공시 확인 중... (조회기간: 2026-06-26 ~ 2026-06-27)
[05:52:11]    새로운 감시 ETF 이익분배금 공시 없음
[05:57:12] 🔍 DART 공시 확인 중... (조회기간: 20260626 ~ 20260627)
[05:57:12]    총 55건의 주요사항보고 조회됨
[05:57:12]    배당 결정 공시 없음
[05:57:13] 🔍 KIND ETF 공시 확인 중... (조회기간: 2026-06-26 ~ 2026-06-27)
[05:57:13]    새로운 감시 ETF 이익분배금 공시 없음
[06:02:13] 🔍 DART 공시 확인 중... (조회기간: 20260626 ~ 20260627)
[06:02:13]    총 55건의 주요사항보고 조회됨
[06:02:13]    배당 결정 공시 없음
[06:02:14] 🔍 KIND ETF 공시 확인 중... (조회기간: 2026-06-26 ~ 2026-06-27)
[06:02:14]    새로운 감시 ETF 이익분배금 공시 없음
[06:07:15] 🔍 DART 공시 확인 중... (조회기간: 20260626 ~ 20260627)
[06:07:15]    총 55건의 주요사항보고 조회됨
[06:07:15]    배당 결정 공시 없음
[06:07:16] 🔍 KIND ETF 공시 확인 중... (조회기간: 2026-06-26 ~ 2026-06-27)
[06:07:16]    새로운 감시 ETF 이익분배금 공시 없음
[06:12:16] 🔍 DART 공시 확인 중... (조회기간: 20260626 ~ 20260627)
[06:12:16]    총 55건의 주요사항보고 조회됨
[06:12:16]    배당 결정 공시 없음
[06:12:17] 🔍 KIND ETF 공시 확인 중... (조회기간: 2026-06-26 ~ 2026-06-27)
[06:12:17]    새로운 감시 ETF 이익분배금 공시 없음
[06:17:18] 🔍 DART 공시 확인 중... (조회기간: 20260626 ~ 20260627)
[06:17:18]    총 55건의 주요사항보고 조회됨
[06:17:18]    배당 결정 공시 없음
[06:17:19] 🔍 KIND ETF 공시 확인 중... (조회기간: 2026-06-26 ~ 2026-06-27)
[06:17:19]    새로운 감시 ETF 이익분배금 공시 없음
[06:22:20] 🔍 DART 공시 확인 중... (조회기간: 20260626 ~ 20260627)
[06:22:20]    총 55건의 주요사항보고 조회됨
[06:22:20]    배당 결정 공시 없음
[06:22:20] 🔍 KIND ETF 공시 확인 중... (조회기간: 2026-06-26 ~ 2026-06-27)
[06:22:20]    새로운 감시 ETF 이익분배금 공시 없음
[06:27:21] 🔍 DART 공시 확인 중... (조회기간: 20260626 ~ 20260627)
[06:27:21]    총 55건의 주요사항보고 조회됨
[06:27:21]    배당 결정 공시 없음
[06:27:22] 🔍 KIND ETF 공시 확인 중... (조회기간: 2026-06-26 ~ 2026-06-27)
[06:27:22]    새로운 감시 ETF 이익분배금 공시 없음
[06:32:23] 🔍 DART 공시 확인 중... (조회기간: 20260626 ~ 20260627)
[06:32:23]    총 55건의 주요사항보고 조회됨
[06:32:23]    배당 결정 공시 없음
[06:32:23] 🔍 KIND ETF 공시 확인 중... (조회기간: 2026-06-26 ~ 2026-06-27)
[06:32:23]    새로운 감시 ETF 이익분배금 공시 없음
[06:37:24] 🔍 DART 공시 확인 중... (조회기간: 20260626 ~ 20260627)
[06:37:24]    총 55건의 주요사항보고 조회됨
[06:37:24]    배당 결정 공시 없음
[06:37:25] 🔍 KIND ETF 공시 확인 중... (조회기간: 2026-06-26 ~ 2026-06-27)
[06:37:25]    새로운 감시 ETF 이익분배금 공시 없음
[06:42:26] 🔍 DART 공시 확인 중... (조회기간: 20260626 ~ 20260627)
[06:42:26]    총 55건의 주요사항보고 조회됨
[06:42:26]    배당 결정 공시 없음
[06:42:27] 🔍 KIND ETF 공시 확인 중... (조회기간: 2026-06-26 ~ 2026-06-27)
[06:42:27]    새로운 감시 ETF 이익분배금 공시 없음
[06:47:27] 🔍 DART 공시 확인 중... (조회기간: 20260626 ~ 20260627)
[06:47:27]    총 55건의 주요사항보고 조회됨
[06:47:27]    배당 결정 공시 없음
[06:47:28] 🔍 KIND ETF 공시 확인 중... (조회기간: 2026-06-26 ~ 2026-06-27)
[06:47:28]    새로운 감시 ETF 이익분배금 공시 없음
[06:52:29] 🔍 DART 공시 확인 중... (조회기간: 20260626 ~ 20260627)
[06:52:29]    총 55건의 주요사항보고 조회됨
[06:52:29]    배당 결정 공시 없음
[06:52:30] 🔍 KIND ETF 공시 확인 중... (조회기간: 2026-06-26 ~ 2026-06-27)
[06:52:30]    새로운 감시 ETF 이익분배금 공시 없음
[06:57:30] 🔍 DART 공시 확인 중... (조회기간: 20260626 ~ 20260627)
[06:57:30]    총 55건의 주요사항보고 조회됨
[06:57:30]    배당 결정 공시 없음
[06:57:31] 🔍 KIND ETF 공시 확인 중... (조회기간: 2026-06-26 ~ 2026-06-27)
[06:57:31]    새로운 감시 ETF 이익분배금 공시 없음
[07:02:32] 🔍 DART 공시 확인 중... (조회기간: 20260626 ~ 20260627)
[07:02:32]    총 55건의 주요사항보고 조회됨
[07:02:32]    배당 결정 공시 없음
[07:02:33] 🔍 KIND ETF 공시 확인 중... (조회기간: 2026-06-26 ~ 2026-06-27)
[07:02:33]    새로운 감시 ETF 이익분배금 공시 없음
[07:07:33] 🔍 DART 공시 확인 중... (조회기간: 20260626 ~ 20260627)
[07:07:33]    총 55건의 주요사항보고 조회됨
[07:07:33]    배당 결정 공시 없음
[07:07:34] 🔍 KIND ETF 공시 확인 중... (조회기간: 2026-06-26 ~ 2026-06-27)
[07:07:34]    새로운 감시 ETF 이익분배금 공시 없음
[07:12:35] 🔍 DART 공시 확인 중... (조회기간: 20260626 ~ 20260627)
[07:12:35]    총 55건의 주요사항보고 조회됨
[07:12:35]    배당 결정 공시 없음
[07:12:36] 🔍 KIND ETF 공시 확인 중... (조회기간: 2026-06-26 ~ 2026-06-27)
[07:12:36]    새로운 감시 ETF 이익분배금 공시 없음
[07:17:37] 🔍 DART 공시 확인 중... (조회기간: 20260626 ~ 20260627)
[07:17:37]    총 55건의 주요사항보고 조회됨
[07:17:37]    배당 결정 공시 없음
[07:17:37] 🔍 KIND ETF 공시 확인 중... (조회기간: 2026-06-26 ~ 2026-06-27)
[07:17:37]    새로운 감시 ETF 이익분배금 공시 없음
[07:22:38] 🔍 DART 공시 확인 중... (조회기간: 20260626 ~ 20260627)
[07:22:38]    총 55건의 주요사항보고 조회됨
[07:22:38]    배당 결정 공시 없음
[07:22:39] 🔍 KIND ETF 공시 확인 중... (조회기간: 2026-06-26 ~ 2026-06-27)
[07:22:39]    새로운 감시 ETF 이익분배금 공시 없음
[07:27:40] 🔍 DART 공시 확인 중... (조회기간: 20260626 ~ 20260627)
[07:27:40]    총 55건의 주요사항보고 조회됨
[07:27:40]    배당 결정 공시 없음
[07:27:41] 🔍 KIND ETF 공시 확인 중... (조회기간: 2026-06-26 ~ 2026-06-27)
[07:27:41]    새로운 감시 ETF 이익분배금 공시 없음
[07:32:41] 🔍 DART 공시 확인 중... (조회기간: 20260626 ~ 20260627)
[07:32:41]    총 55건의 주요사항보고 조회됨
[07:32:41]    배당 결정 공시 없음
[07:32:42] 🔍 KIND ETF 공시 확인 중... (조회기간: 2026-06-26 ~ 2026-06-27)
[07:32:42]    새로운 감시 ETF 이익분배금 공시 없음
[07:37:43] 🔍 DART 공시 확인 중... (조회기간: 20260626 ~ 20260627)
[07:37:43]    총 55건의 주요사항보고 조회됨
[07:37:43]    배당 결정 공시 없음
[07:37:44] 🔍 KIND ETF 공시 확인 중... (조회기간: 2026-06-26 ~ 2026-06-27)
[07:37:44]    새로운 감시 ETF 이익분배금 공시 없음
[07:42:44] 🔍 DART 공시 확인 중... (조회기간: 20260626 ~ 20260627)
[07:42:44]    총 55건의 주요사항보고 조회됨
[07:42:44]    배당 결정 공시 없음
[07:42:45] 🔍 KIND ETF 공시 확인 중... (조회기간: 2026-06-26 ~ 2026-06-27)
[07:42:45]    새로운 감시 ETF 이익분배금 공시 없음
[07:47:46] 🔍 DART 공시 확인 중... (조회기간: 20260626 ~ 20260627)
[07:47:46]    총 55건의 주요사항보고 조회됨
[07:47:46]    배당 결정 공시 없음
[07:47:47] 🔍 KIND ETF 공시 확인 중... (조회기간: 2026-06-26 ~ 2026-06-27)
[07:47:47]    새로운 감시 ETF 이익분배금 공시 없음
[07:52:47] 🔍 DART 공시 확인 중... (조회기간: 20260626 ~ 20260627)
[07:52:47]    총 55건의 주요사항보고 조회됨
[07:52:47]    배당 결정 공시 없음
[07:52:48] 🔍 KIND ETF 공시 확인 중... (조회기간: 2026-06-26 ~ 2026-06-27)
[07:52:48]    새로운 감시 ETF 이익분배금 공시 없음
[07:57:49] 🔍 DART 공시 확인 중... (조회기간: 20260626 ~ 20260627)
[07:57:49]    총 55건의 주요사항보고 조회됨
[07:57:49]    배당 결정 공시 없음
[07:57:50] 🔍 KIND ETF 공시 확인 중... (조회기간: 2026-06-26 ~ 2026-06-27)
[07:57:50]    새로운 감시 ETF 이익분배금 공시 없음
[08:02:50] 🔍 DART 공시 확인 중... (조회기간: 20260626 ~ 20260627)
[08:02:50]    총 55건의 주요사항보고 조회됨
[08:02:50]    배당 결정 공시 없음
[08:02:51] 🔍 KIND ETF 공시 확인 중... (조회기간: 2026-06-26 ~ 2026-06-27)
[08:02:51]    새로운 감시 ETF 이익분배금 공시 없음
[08:07:52] 🔍 DART 공시 확인 중... (조회기간: 20260626 ~ 20260627)
[08:07:52]    총 55건의 주요사항보고 조회됨
[08:07:52]    배당 결정 공시 없음
[08:07:53] 🔍 KIND ETF 공시 확인 중... (조회기간: 2026-06-26 ~ 2026-06-27)
[08:07:53]    새로운 감시 ETF 이익분배금 공시 없음
[08:12:53] 🔍 DART 공시 확인 중... (조회기간: 20260626 ~ 20260627)
[08:12:53]    총 55건의 주요사항보고 조회됨
[08:12:53]    배당 결정 공시 없음
[08:12:54] 🔍 KIND ETF 공시 확인 중... (조회기간: 2026-06-26 ~ 2026-06-27)
[08:12:54]    새로운 감시 ETF 이익분배금 공시 없음
[08:17:55] 🔍 DART 공시 확인 중... (조회기간: 20260626 ~ 20260627)
[08:17:55]    총 55건의 주요사항보고 조회됨
[08:17:55]    배당 결정 공시 없음
[08:17:56] 🔍 KIND ETF 공시 확인 중... (조회기간: 2026-06-26 ~ 2026-06-27)
[08:17:56]    새로운 감시 ETF 이익분배금 공시 없음
[08:22:57] 🔍 DART 공시 확인 중... (조회기간: 20260626 ~ 20260627)
[08:22:57]    총 55건의 주요사항보고 조회됨
[08:22:57]    배당 결정 공시 없음
[08:22:57] 🔍 KIND ETF 공시 확인 중... (조회기간: 2026-06-26 ~ 2026-06-27)
[08:22:57]    새로운 감시 ETF 이익분배금 공시 없음
[08:27:58] 🔍 DART 공시 확인 중... (조회기간: 20260626 ~ 20260627)
[08:27:58]    총 55건의 주요사항보고 조회됨
[08:27:58]    배당 결정 공시 없음
[08:27:59] 🔍 KIND ETF 공시 확인 중... (조회기간: 2026-06-26 ~ 2026-06-27)
[08:27:59]    새로운 감시 ETF 이익분배금 공시 없음
[08:33:00] 🔍 DART 공시 확인 중... (조회기간: 20260626 ~ 20260627)
[08:33:00]    총 55건의 주요사항보고 조회됨
[08:33:00]    배당 결정 공시 없음
[08:33:00] 🔍 KIND ETF 공시 확인 중... (조회기간: 2026-06-26 ~ 2026-06-27)
[08:33:00]    새로운 감시 ETF 이익분배금 공시 없음
[08:38:01] 🔍 DART 공시 확인 중... (조회기간: 20260626 ~ 20260627)
[08:38:01]    총 55건의 주요사항보고 조회됨
[08:38:01]    배당 결정 공시 없음
[08:38:02] 🔍 KIND ETF 공시 확인 중... (조회기간: 2026-06-26 ~ 2026-06-27)
[08:38:02]    새로운 감시 ETF 이익분배금 공시 없음
[08:43:03] 🔍 DART 공시 확인 중... (조회기간: 20260626 ~ 20260627)
[08:43:03]    총 55건의 주요사항보고 조회됨
[08:43:03]    배당 결정 공시 없음
[08:43:03] 🔍 KIND ETF 공시 확인 중... (조회기간: 2026-06-26 ~ 2026-06-27)
[08:43:03]    새로운 감시 ETF 이익분배금 공시 없음
[08:43:04] ⏰ 아침 배당기준일 리마인드 스케줄러 기동 중...
[08:43:04] ⏰ 리마인드 스케줄러 점검 완료.
[08:48:04] 🔍 DART 공시 확인 중... (조회기간: 20260626 ~ 20260627)
[08:48:04]    총 55건의 주요사항보고 조회됨
[08:48:04]    배당 결정 공시 없음
[08:48:05] 🔍 KIND ETF 공시 확인 중... (조회기간: 2026-06-26 ~ 2026-06-27)
[08:48:05]    새로운 감시 ETF 이익분배금 공시 없음
[08:53:06] 🔍 DART 공시 확인 중... (조회기간: 20260626 ~ 20260627)
[08:53:06]    총 55건의 주요사항보고 조회됨
[08:53:06]    배당 결정 공시 없음
[08:53:06] 🔍 KIND ETF 공시 확인 중... (조회기간: 2026-06-26 ~ 2026-06-27)
[08:53:06]    새로운 감시 ETF 이익분배금 공시 없음
[08:58:07] 🔍 DART 공시 확인 중... (조회기간: 20260626 ~ 20260627)
[08:58:07]    총 55건의 주요사항보고 조회됨
[08:58:07]    배당 결정 공시 없음
[08:58:08] 🔍 KIND ETF 공시 확인 중... (조회기간: 2026-06-26 ~ 2026-06-27)
[08:58:08]    새로운 감시 ETF 이익분배금 공시 없음
[09:03:09] 🔍 DART 공시 확인 중... (조회기간: 20260626 ~ 20260627)
[09:03:09]    총 55건의 주요사항보고 조회됨
[09:03:09]    배당 결정 공시 없음
[09:03:10] 🔍 KIND ETF 공시 확인 중... (조회기간: 2026-06-26 ~ 2026-06-27)
[09:03:10]    새로운 감시 ETF 이익분배금 공시 없음
[09:08:11] 🔍 DART 공시 확인 중... (조회기간: 20260626 ~ 20260627)
[09:08:11]    총 55건의 주요사항보고 조회됨
[09:08:11]    배당 결정 공시 없음
[09:08:12] 🔍 KIND ETF 공시 확인 중... (조회기간: 2026-06-26 ~ 2026-06-27)
[09:08:12]    새로운 감시 ETF 이익분배금 공시 없음
[09:13:12] 🔍 DART 공시 확인 중... (조회기간: 20260626 ~ 20260627)
[09:13:12]    총 55건의 주요사항보고 조회됨
[09:13:12]    배당 결정 공시 없음
[09:13:13] 🔍 KIND ETF 공시 확인 중... (조회기간: 2026-06-26 ~ 2026-06-27)
[09:13:13]    새로운 감시 ETF 이익분배금 공시 없음
[09:18:14] 🔍 DART 공시 확인 중... (조회기간: 20260626 ~ 20260627)
[09:18:14]    총 55건의 주요사항보고 조회됨
[09:18:14]    배당 결정 공시 없음
[09:18:14] 🔍 KIND ETF 공시 확인 중... (조회기간: 2026-06-26 ~ 2026-06-27)
[09:18:14]    새로운 감시 ETF 이익분배금 공시 없음
[09:23:15] 🔍 DART 공시 확인 중... (조회기간: 20260626 ~ 20260627)
[09:23:15]    총 55건의 주요사항보고 조회됨
[09:23:15]    배당 결정 공시 없음
[09:23:16] 🔍 KIND ETF 공시 확인 중... (조회기간: 2026-06-26 ~ 2026-06-27)
[09:23:16]    새로운 감시 ETF 이익분배금 공시 없음
[09:28:17] 🔍 DART 공시 확인 중... (조회기간: 20260626 ~ 20260627)
[09:28:17]    총 55건의 주요사항보고 조회됨
[09:28:17]    배당 결정 공시 없음
[09:28:17] 🔍 KIND ETF 공시 확인 중... (조회기간: 2026-06-26 ~ 2026-06-27)
[09:28:17]    새로운 감시 ETF 이익분배금 공시 없음
[09:33:18] 🔍 DART 공시 확인 중... (조회기간: 20260626 ~ 20260627)
[09:33:18]    총 55건의 주요사항보고 조회됨
[09:33:18]    배당 결정 공시 없음
[09:33:19] 🔍 KIND ETF 공시 확인 중... (조회기간: 2026-06-26 ~ 2026-06-27)
[09:33:19]    새로운 감시 ETF 이익분배금 공시 없음
[09:38:20] 🔍 DART 공시 확인 중... (조회기간: 20260626 ~ 20260627)
[09:38:20]    총 55건의 주요사항보고 조회됨
[09:38:20]    배당 결정 공시 없음
[09:38:20] 🔍 KIND ETF 공시 확인 중... (조회기간: 2026-06-26 ~ 2026-06-27)
[09:38:20]    새로운 감시 ETF 이익분배금 공시 없음
[09:43:21] 🔍 DART 공시 확인 중... (조회기간: 20260626 ~ 20260627)
[09:43:21]    총 55건의 주요사항보고 조회됨
[09:43:21]    배당 결정 공시 없음
[09:43:22] 🔍 KIND ETF 공시 확인 중... (조회기간: 2026-06-26 ~ 2026-06-27)
[09:43:22]    새로운 감시 ETF 이익분배금 공시 없음
[09:48:22] 🔍 DART 공시 확인 중... (조회기간: 20260626 ~ 20260627)
[09:48:22]    총 55건의 주요사항보고 조회됨
[09:48:22]    배당 결정 공시 없음
[09:48:23] 🔍 KIND ETF 공시 확인 중... (조회기간: 2026-06-26 ~ 2026-06-27)
[09:48:23]    새로운 감시 ETF 이익분배금 공시 없음
[09:53:24] 🔍 DART 공시 확인 중... (조회기간: 20260626 ~ 20260627)
[09:53:24]    총 55건의 주요사항보고 조회됨
[09:53:24]    배당 결정 공시 없음
[09:53:24] 🔍 KIND ETF 공시 확인 중... (조회기간: 2026-06-26 ~ 2026-06-27)
[09:53:24]    새로운 감시 ETF 이익분배금 공시 없음
[09:58:25] 🔍 DART 공시 확인 중... (조회기간: 20260626 ~ 20260627)
[09:58:25]    총 55건의 주요사항보고 조회됨
[09:58:25]    배당 결정 공시 없음
[09:58:26] 🔍 KIND ETF 공시 확인 중... (조회기간: 2026-06-26 ~ 2026-06-27)
[09:58:26]    새로운 감시 ETF 이익분배금 공시 없음
[10:03:27] 🔍 DART 공시 확인 중... (조회기간: 20260626 ~ 20260627)
[10:03:27]    총 55건의 주요사항보고 조회됨
[10:03:27]    배당 결정 공시 없음
[10:03:27] 🔍 KIND ETF 공시 확인 중... (조회기간: 2026-06-26 ~ 2026-06-27)
[10:03:27]    새로운 감시 ETF 이익분배금 공시 없음
[10:08:28] 🔍 DART 공시 확인 중... (조회기간: 20260626 ~ 20260627)
[10:08:28]    총 55건의 주요사항보고 조회됨
[10:08:28]    배당 결정 공시 없음
[10:08:29] 🔍 KIND ETF 공시 확인 중... (조회기간: 2026-06-26 ~ 2026-06-27)
[10:08:29]    새로운 감시 ETF 이익분배금 공시 없음
[10:13:30] 🔍 DART 공시 확인 중... (조회기간: 20260626 ~ 20260627)
[10:13:30]    총 55건의 주요사항보고 조회됨
[10:13:30]    배당 결정 공시 없음
[10:13:31] 🔍 KIND ETF 공시 확인 중... (조회기간: 2026-06-26 ~ 2026-06-27)
[10:13:31]    새로운 감시 ETF 이익분배금 공시 없음
[10:18:31] 🔍 DART 공시 확인 중... (조회기간: 20260626 ~ 20260627)
[10:18:31]    총 55건의 주요사항보고 조회됨
[10:18:31]    배당 결정 공시 없음
[10:18:33] 🔍 KIND ETF 공시 확인 중... (조회기간: 2026-06-26 ~ 2026-06-27)
[10:18:33]    새로운 감시 ETF 이익분배금 공시 없음
[10:23:34] 🔍 DART 공시 확인 중... (조회기간: 20260626 ~ 20260627)
[10:23:34]    총 55건의 주요사항보고 조회됨
[10:23:34]    배당 결정 공시 없음
[10:23:35] 🔍 KIND ETF 공시 확인 중... (조회기간: 2026-06-26 ~ 2026-06-27)
[10:23:35]    새로운 감시 ETF 이익분배금 공시 없음
[10:28:36] 🔍 DART 공시 확인 중... (조회기간: 20260626 ~ 20260627)
[10:28:36]    총 55건의 주요사항보고 조회됨
[10:28:36]    배당 결정 공시 없음
[10:28:37] 🔍 KIND ETF 공시 확인 중... (조회기간: 2026-06-26 ~ 2026-06-27)
[10:28:37]    새로운 감시 ETF 이익분배금 공시 없음
[12:20:59] 🔍 DART 공시 확인 중... (조회기간: 20260626 ~ 20260627)
[12:20:59]    총 55건의 주요사항보고 조회됨
[12:20:59]    배당 결정 공시 없음
[12:21:01] 🔍 KIND ETF 공시 확인 중... (조회기간: 2026-06-26 ~ 2026-06-27)
[12:21:01]    새로운 감시 ETF 이익분배금 공시 없음
[12:29:06] 🔍 DART 공시 확인 중... (조회기간: 20260626 ~ 20260627)
[12:29:06]    총 55건의 주요사항보고 조회됨
[12:29:06]    배당 결정 공시 없음
[12:29:08] 🔍 KIND ETF 공시 확인 중... (조회기간: 2026-06-26 ~ 2026-06-27)
[12:29:08]    새로운 감시 ETF 이익분배금 공시 없음
[13:23:53] 🔍 DART 공시 확인 중... (조회기간: 20260626 ~ 20260627)
[13:23:53]    총 55건의 주요사항보고 조회됨
[13:23:53]    배당 결정 공시 없음
[13:23:55] 🔍 KIND ETF 공시 확인 중... (조회기간: 2026-06-26 ~ 2026-06-27)
[13:23:55]    새로운 감시 ETF 이익분배금 공시 없음
[15:19:35] 🔍 DART 공시 확인 중... (조회기간: 20260626 ~ 20260627)
[15:19:35]    총 55건의 주요사항보고 조회됨
[15:19:35]    배당 결정 공시 없음
[15:19:37] 🔍 KIND ETF 공시 확인 중... (조회기간: 2026-06-26 ~ 2026-06-27)
[15:19:37]    새로운 감시 ETF 이익분배금 공시 없음


  ╔═══════════════════════════════════════════════════════╗
  ║                                                       ║
  ║   📊  통합 모니터링 시스템  📊                       ║
  ║                                                       ║
  ║   DART 배당 공시 + TrendForce 뉴스                    ║
  ║   v2.1.0  (Python + DART + TrendForce + Gmail)        ║
  ║                                                       ║
  ╚═══════════════════════════════════════════════════════╝


🚀 [System] 통합 모니터링(DART + TrendForce) 초기화를 시작합니다...
📂 설정을 로드합니다...

╔══════════════════════════════════════════════╗
║          📋 애플리케이션 설정 정보           ║
╠══════════════════════════════════════════════╣
║ DART API Key : 5d51********
║ 이메일 발송  : Selenium Gmail 자동화
║ 수신자       : jinyoung22.jo@samsung.com, jin.jo202@gmail.com, meejin.an@samsung.com, songyee.lee@samsung.com, eg222.ko@samsung.com, jiwon99.kwon@samsung.com, bokyu.kim@samsung.com, jeonghwan.lim@samsung.com
║ 폴링 간격    : 5분
╚══════════════════════════════════════════════╝
📥 DART 기업 고유번호 데이터를 다운로드 중...
✅ 기업 고유번호 로드 완료: 총 118371개 기업, 3971개 상장사 매핑
Exception in thread TrendForce💾 공시 처리 이력 로드 완료: 26개 로드됨 (C:\Users\ocarr\OneDrive\dev\dart-mail-sender\processed_disclosures.txt)

🎯 감시 종목 필터 설정 완료: 14개 종목 매핑됨
   감시 대상 종목:all last):

     ✅ LG유플러스 (032640)ocal\Python\pythoncore-3.14-64\Lib\threading.py", line 1082, in _bootstrap_inner
    self._context.run(self.run)
    ~~~~~~~~~~~~~~~~~^^^^^^^^^^
  File "C:\Users\ocarr\AppData\Local\Python\pythoncore-3.14-64\Lib\threading.py", line 1024, in run
    self._target(*self._args, **self._kwargs)
    ~~~~~~~~~~~~^^^^^^^^^^^^^^^^^^^^^^^^^^^^^
     ✅ SK텔레콤 (017670)  File "C:\Users\ocarr\OneDrive\dev\dart-mail-sender\main.py", line 179, in run_trendforce
    from trendforce_monitor import TrendForceMonitor
     ✅ KT (030200)
File "C:\Users\ocarr\OneDrive\dev\dart-mail-sender\trendforce_monitor.py", line 22, in <module>
    if sys.stdout.encoding != "utf-8":
       ^^^^^^^^^^^^^^^^^^^
     ✅ KB금융 (105560)bject has no attribute 'encoding'

     ✅ 신한지주 (055550)
     ✅ 하나금융지주 (086790)
     ✅ 기업은행 (024110)
     ✅ 우리금융지주 (316140)
     ✅ 현대자동차 (005380)
     ✅ 기아 (000270)
     ✅ 맥쿼리인프라 (088980)
     ✅ 삼성전자 (005930)
     ✅ 삼성E&A (028050)
     ✅ 에스원 (012750)

🚀 공시 모니터링을 시작합니다.
   폴링 간격: 5분
   수신자: ['jinyoung22.jo@samsung.com', 'jin.jo202@gmail.com', 'meejin.an@samsung.com', 'songyee.lee@samsung.com', 'eg222.ko@samsung.com', 'jiwon99.kwon@samsung.com', 'bokyu.kim@samsung.com', 'jeonghwan.lim@samsung.com']
   감시 키워드: "현금ㆍ현물배당 결정"

💡 종료하려면 Ctrl+C를 누르세요.

[16:00:13] 🔍 DART 공시 확인 중... (조회기간: 20260626 ~ 20260627)
[16:00:13]    총 55건의 주요사항보고 조회됨
[16:00:13]    배당 결정 공시 없음
[16:00:13] 🔍 KIND ETF 공시 확인 중... (조회기간: 2026-06-26 ~ 2026-06-27)
[16:00:13]    새로운 감시 ETF 이익분배금 공시 없음


  ╔═══════════════════════════════════════════════════════╗
  ║                                                       ║
  ║   📊  통합 모니터링 시스템  📊                       ║
  ║                                                       ║
  ║   DART 배당 공시 + TrendForce 뉴스                    ║
  ║   v2.1.0  (Python + DART + TrendForce + Gmail)        ║
  ║                                                       ║
  ╚═══════════════════════════════════════════════════════╝


🚀 [System] 통합 모니터링(DART + TrendForce) 초기화를 시작합니다...
📂 설정을 로드합니다...

╔══════════════════════════════════════════════╗
║          📋 애플리케이션 설정 정보           ║
╠══════════════════════════════════════════════╣
║ DART API Key : 5d51********
║ 이메일 발송  : Selenium Gmail 자동화
║ 수신자       : jinyoung22.jo@samsung.com, jin.jo202@gmail.com, meejin.an@samsung.com, songyee.lee@samsung.com, eg222.ko@samsung.com, jiwon99.kwon@samsung.com, bokyu.kim@samsung.com, jeonghwan.lim@samsung.com
║ 폴링 간격    : 5분
╚══════════════════════════════════════════════╝
📥 DART 기업 고유번호 데이터를 다운로드 중...
✅ 기업 고유번호 로드 완료: 총 118371개 기업, 3971개 상장사 매핑
🖥️  PC 감지: ocarr (노트북) → 휴일 전용 모드
�� 공시 처리 이력 로드 완료: 26개 로드됨 (C:\Users\ocarr\OneDrive\dev\dart-mail-sender\processed_disclosures.txt)
🎯 감시 종목 필터 설정 완료: 14개 종목 매핑됨
   감시 대상 종목:
     ✅ LG유플러스 (032640)
     ✅ SK텔레콤 (017670)
     ✅ KT (030200)
     ✅ KB금융 (105560)
     ✅ 신한지주 (055550)
     ✅ 하나금융지주 (086790)
     ✅ 기업은행 (024110)
     ✅ 우리금융지주 (316140)
     ✅ 현대자동차 (005380)
     ✅ 기아 (000270)
     ✅ 맥쿼리인프라 (088980)
     ✅ 삼성전자 (005930)
     ✅ 삼성E&A (028050)
     ✅ 에스원 (012750)

🚀 공시 모니터링을 시작합니다.
   폴링 간격: 5분
   수신자: ['jinyoung22.jo@samsung.com', 'jin.jo202@gmail.com', 'meejin.an@samsung.com', 'songyee.lee@samsung.com', 'eg222.ko@samsung.com', 'jiwon99.kwon@samsung.com', 'bokyu.kim@samsung.com', 'jeonghwan.lim@samsung.com']
   감시 키워드: "현금ㆍ현물배당 결정"

💡 종료하려면 Ctrl+C를 누르세요.

[16:11:26] 🔍 DART 공시 확인 중... (조회기간: 20260626 ~ 20260627)
📂 처리된 TrendForce 기사 110건 로드됨

🚀 TrendForce 뉴스 모니터링을 시작합니다.
   데이터 소스 : WordPress REST API
   발송 시각  : 매일 08:00
   실행 모드  : 휴일만 (노트북)
   수신자     : jin.jo202@gmail.com, jinyoung22.jo@samsung.com

   📅 오늘은 휴일입니다 — 모니터링 활성화 ✅

💡 종료하려면 Ctrl+C를 누르세요.

[16:11:26]    총 55건의 주요사항보고 조회됨
[16:11:26]    배당 결정 공시 없음
[16:11:27] 🔍 KIND ETF 공시 확인 중... (조회기간: 2026-06-26 ~ 2026-06-27)
[16:11:27]    새로운 감시 ETF 이익분배금 공시 없음
[16:16:27] 🔍 DART 공시 확인 중... (조회기간: 20260626 ~ 20260627)
[16:16:27]    총 55건의 주요사항보고 조회됨
[16:16:27]    배당 결정 공시 없음
[16:16:28] 🔍 KIND ETF 공시 확인 중... (조회기간: 2026-06-26 ~ 2026-06-27)
[16:16:28]    새로운 감시 ETF 이익분배금 공시 없음
[18:23:33] 🔍 DART 공시 확인 중... (조회기간: 20260626 ~ 20260627)
[18:23:33]    총 55건의 주요사항보고 조회됨
[18:23:33]    배당 결정 공시 없음
[18:23:37] 🔍 KIND ETF 공시 확인 중... (조회기간: 2026-06-26 ~ 2026-06-27)
[18:23:37]    새로운 감시 ETF 이익분배금 공시 없음
[18:28:39] 🔍 DART 공시 확인 중... (조회기간: 20260626 ~ 20260627)
[18:28:39]    총 55건의 주요사항보고 조회됨
[18:28:39]    배당 결정 공시 없음
[18:28:40] 🔍 KIND ETF 공시 확인 중... (조회기간: 2026-06-26 ~ 2026-06-27)
[18:28:40]    새로운 감시 ETF 이익분배금 공시 없음
[18:38:48] 🔍 DART 공시 확인 중... (조회기간: 20260626 ~ 20260627)
[18:38:48]    총 55건의 주요사항보고 조회됨
[18:38:48]    배당 결정 공시 없음
[18:38:49] 🔍 KIND ETF 공시 확인 중... (조회기간: 2026-06-26 ~ 2026-06-27)
[18:38:49]    새로운 감시 ETF 이익분배금 공시 없음
[18:43:50] 🔍 DART 공시 확인 중... (조회기간: 20260626 ~ 20260627)
[18:43:50]    총 55건의 주요사항보고 조회됨
[18:43:50]    배당 결정 공시 없음
[18:43:52] 🔍 KIND ETF 공시 확인 중... (조회기간: 2026-06-26 ~ 2026-06-27)
[18:43:52]    새로운 감시 ETF 이익분배금 공시 없음
[18:48:53] 🔍 DART 공시 확인 중... (조회기간: 20260626 ~ 20260627)
[18:48:53]    총 55건의 주요사항보고 조회됨
[18:48:53]    배당 결정 공시 없음
[18:48:54] 🔍 KIND ETF 공시 확인 중... (조회기간: 2026-06-26 ~ 2026-06-27)
[18:48:54]    새로운 감시 ETF 이익분배금 공시 없음
[18:59:48] 🔍 DART 공시 확인 중... (조회기간: 20260626 ~ 20260627)
[18:59:48]    총 55건의 주요사항보고 조회됨
[18:59:48]    배당 결정 공시 없음
[18:59:49] 🔍 KIND ETF 공시 확인 중... (조회기간: 2026-06-26 ~ 2026-06-27)
[18:59:49]    새로운 감시 ETF 이익분배금 공시 없음
[21:00:35] 🔍 DART 공시 확인 중... (조회기간: 20260626 ~ 20260627)
[21:00:35]    총 55건의 주요사항보고 조회됨
[21:00:35]    배당 결정 공시 없음
[21:00:37] 🔍 KIND ETF 공시 확인 중... (조회기간: 2026-06-26 ~ 2026-06-27)
[21:00:37]    새로운 감시 ETF 이익분배금 공시 없음
[21:05:39] 🔍 DART 공시 확인 중... (조회기간: 20260626 ~ 20260627)
[21:05:39]    총 55건의 주요사항보고 조회됨
[21:05:39]    배당 결정 공시 없음
[21:05:40] 🔍 KIND ETF 공시 확인 중... (조회기간: 2026-06-26 ~ 2026-06-27)
[21:05:40]    새로운 감시 ETF 이익분배금 공시 없음
[21:49:51] 🔍 DART 공시 확인 중... (조회기간: 20260626 ~ 20260627)
[21:49:51]    총 55건의 주요사항보고 조회됨
[21:49:51]    배당 결정 공시 없음
[21:49:52] 🔍 KIND ETF 공시 확인 중... (조회기간: 2026-06-26 ~ 2026-06-27)
[21:49:52]    새로운 감시 ETF 이익분배금 공시 없음
[21:54:53] 🔍 DART 공시 확인 중... (조회기간: 20260626 ~ 20260627)
[21:54:53]    총 55건의 주요사항보고 조회됨
[21:54:53]    배당 결정 공시 없음
[21:54:54] 🔍 KIND ETF 공시 확인 중... (조회기간: 2026-06-26 ~ 2026-06-27)
[21:54:54]    새로운 감시 ETF 이익분배금 공시 없음
[21:59:55] 🔍 DART 공시 확인 중... (조회기간: 20260626 ~ 20260627)
[21:59:55]    총 55건의 주요사항보고 조회됨
[21:59:55]    배당 결정 공시 없음
[21:59:57] 🔍 KIND ETF 공시 확인 중... (조회기간: 2026-06-26 ~ 2026-06-27)
[21:59:57]    새로운 감시 ETF 이익분배금 공시 없음
[22:04:57] 🔍 DART 공시 확인 중... (조회기간: 20260626 ~ 20260627)
[22:04:57]    총 55건의 주요사항보고 조회됨
[22:04:57]    배당 결정 공시 없음
[22:04:59] 🔍 KIND ETF 공시 확인 중... (조회기간: 2026-06-26 ~ 2026-06-27)
[22:04:59]    새로운 감시 ETF 이익분배금 공시 없음
[22:10:00] 🔍 DART 공시 확인 중... (조회기간: 20260626 ~ 20260627)
[22:10:00]    총 55건의 주요사항보고 조회됨
[22:10:00]    배당 결정 공시 없음
[22:10:01] 🔍 KIND ETF 공시 확인 중... (조회기간: 2026-06-26 ~ 2026-06-27)
[22:10:01]    새로운 감시 ETF 이익분배금 공시 없음
[22:15:02] 🔍 DART 공시 확인 중... (조회기간: 20260626 ~ 20260627)
[22:15:02]    총 55건의 주요사항보고 조회됨
[22:15:02]    배당 결정 공시 없음
[22:15:04] 🔍 KIND ETF 공시 확인 중... (조회기간: 2026-06-26 ~ 2026-06-27)
[22:15:04]    새로운 감시 ETF 이익분배금 공시 없음
[22:20:05] 🔍 DART 공시 확인 중... (조회기간: 20260626 ~ 20260627)
[22:20:05]    총 55건의 주요사항보고 조회됨
[22:20:05]    배당 결정 공시 없음
[22:20:06] 🔍 KIND ETF 공시 확인 중... (조회기간: 2026-06-26 ~ 2026-06-27)
[22:20:06]    새로운 감시 ETF 이익분배금 공시 없음
[22:25:07] 🔍 DART 공시 확인 중... (조회기간: 20260626 ~ 20260627)
[22:25:07]    총 55건의 주요사항보고 조회됨
[22:25:07]    배당 결정 공시 없음
[22:25:09] 🔍 KIND ETF 공시 확인 중... (조회기간: 2026-06-26 ~ 2026-06-27)
[22:25:09]    새로운 감시 ETF 이익분배금 공시 없음
[22:30:10] 🔍 DART 공시 확인 중... (조회기간: 20260626 ~ 20260627)
[22:30:10]    총 55건의 주요사항보고 조회됨
[22:30:10]    배당 결정 공시 없음
[22:30:11] 🔍 KIND ETF 공시 확인 중... (조회기간: 2026-06-26 ~ 2026-06-27)
[22:30:11]    새로운 감시 ETF 이익분배금 공시 없음
[22:35:12] 🔍 DART 공시 확인 중... (조회기간: 20260626 ~ 20260627)
[22:35:12]    총 55건의 주요사항보고 조회됨
[22:35:12]    배당 결정 공시 없음
[22:35:13] 🔍 KIND ETF 공시 확인 중... (조회기간: 2026-06-26 ~ 2026-06-27)
[22:35:13]    새로운 감시 ETF 이익분배금 공시 없음
[22:40:14] 🔍 DART 공시 확인 중... (조회기간: 20260626 ~ 20260627)
[22:40:14]    총 55건의 주요사항보고 조회됨
[22:40:14]    배당 결정 공시 없음
[22:40:16] 🔍 KIND ETF 공시 확인 중... (조회기간: 2026-06-26 ~ 2026-06-27)
[22:40:16]    새로운 감시 ETF 이익분배금 공시 없음
[22:45:17] 🔍 DART 공시 확인 중... (조회기간: 20260626 ~ 20260627)
[22:45:17]    총 55건의 주요사항보고 조회됨
[22:45:17]    배당 결정 공시 없음
[22:45:18] 🔍 KIND ETF 공시 확인 중... (조회기간: 2026-06-26 ~ 2026-06-27)
[22:45:18]    새로운 감시 ETF 이익분배금 공시 없음
[22:50:19] 🔍 DART 공시 확인 중... (조회기간: 20260626 ~ 20260627)
[22:50:19]    총 55건의 주요사항보고 조회됨
[22:50:19]    배당 결정 공시 없음
[22:50:20] 🔍 KIND ETF 공시 확인 중... (조회기간: 2026-06-26 ~ 2026-06-27)
[22:50:20]    새로운 감시 ETF 이익분배금 공시 없음
[22:55:21] 🔍 DART 공시 확인 중... (조회기간: 20260626 ~ 20260627)
[22:55:21]    총 55건의 주요사항보고 조회됨
[22:55:21]    배당 결정 공시 없음
[22:55:22] 🔍 KIND ETF 공시 확인 중... (조회기간: 2026-06-26 ~ 2026-06-27)
[22:55:22]    새로운 감시 ETF 이익분배금 공시 없음
[23:00:24] 🔍 DART 공시 확인 중... (조회기간: 20260626 ~ 20260627)
[23:00:24]    총 55건의 주요사항보고 조회됨
[23:00:24]    배당 결정 공시 없음
[23:00:25] 🔍 KIND ETF 공시 확인 중... (조회기간: 2026-06-26 ~ 2026-06-27)
[23:00:25]    새로운 감시 ETF 이익분배금 공시 없음
[23:05:26] 🔍 DART 공시 확인 중... (조회기간: 20260626 ~ 20260627)
[23:05:26]    총 55건의 주요사항보고 조회됨
[23:05:26]    배당 결정 공시 없음
[23:05:28] 🔍 KIND ETF 공시 확인 중... (조회기간: 2026-06-26 ~ 2026-06-27)
[23:05:28]    새로운 감시 ETF 이익분배금 공시 없음
[23:10:29] 🔍 DART 공시 확인 중... (조회기간: 20260626 ~ 20260627)
[23:10:29]    총 55건의 주요사항보고 조회됨
[23:10:29]    배당 결정 공시 없음
[23:10:29] 🔍 KIND ETF 공시 확인 중... (조회기간: 2026-06-26 ~ 2026-06-27)
[23:10:29]    새로운 감시 ETF 이익분배금 공시 없음
[23:15:30] 🔍 DART 공시 확인 중... (조회기간: 20260626 ~ 20260627)
[23:15:30]    총 55건의 주요사항보고 조회됨
[23:15:30]    배당 결정 공시 없음
[23:15:34] 🔍 KIND ETF 공시 확인 중... (조회기간: 2026-06-26 ~ 2026-06-27)
[23:15:34]    새로운 감시 ETF 이익분배금 공시 없음
[23:20:48] 🔍 DART 공시 확인 중... (조회기간: 20260626 ~ 20260627)
[23:20:48]    총 55건의 주요사항보고 조회됨
[23:20:48]    배당 결정 공시 없음
[23:20:49] 🔍 KIND ETF 공시 확인 중... (조회기간: 2026-06-26 ~ 2026-06-27)
[23:20:49]    새로운 감시 ETF 이익분배금 공시 없음
[23:25:50] 🔍 DART 공시 확인 중... (조회기간: 20260626 ~ 20260627)
[23:25:50]    총 55건의 주요사항보고 조회됨
[23:25:50]    배당 결정 공시 없음
[23:25:51] 🔍 KIND ETF 공시 확인 중... (조회기간: 2026-06-26 ~ 2026-06-27)
[23:25:51]    새로운 감시 ETF 이익분배금 공시 없음
[23:30:52] 🔍 DART 공시 확인 중... (조회기간: 20260626 ~ 20260627)
[23:30:52]    총 55건의 주요사항보고 조회됨
[23:30:52]    배당 결정 공시 없음
[23:30:54] 🔍 KIND ETF 공시 확인 중... (조회기간: 2026-06-26 ~ 2026-06-27)
[23:30:54]    새로운 감시 ETF 이익분배금 공시 없음
[23:35:59] 🔍 DART 공시 확인 중... (조회기간: 20260626 ~ 20260627)
[23:35:59]    총 55건의 주요사항보고 조회됨
[23:35:59]    배당 결정 공시 없음
[23:36:00] 🔍 KIND ETF 공시 확인 중... (조회기간: 2026-06-26 ~ 2026-06-27)
[23:36:00]    새로운 감시 ETF 이익분배금 공시 없음
[23:41:01] 🔍 DART 공시 확인 중... (조회기간: 20260626 ~ 20260627)
[23:41:01]    총 55건의 주요사항보고 조회됨
[23:41:01]    배당 결정 공시 없음
[23:41:02] 🔍 KIND ETF 공시 확인 중... (조회기간: 2026-06-26 ~ 2026-06-27)
[23:41:02]    새로운 감시 ETF 이익분배금 공시 없음
[23:46:02] 🔍 DART 공시 확인 중... (조회기간: 20260626 ~ 20260627)
[23:46:02]    총 55건의 주요사항보고 조회됨
[23:46:02]    배당 결정 공시 없음
[23:46:04] 🔍 KIND ETF 공시 확인 중... (조회기간: 2026-06-26 ~ 2026-06-27)
[23:46:04]    새로운 감시 ETF 이익분배금 공시 없음
[23:51:05] 🔍 DART 공시 확인 중... (조회기간: 20260626 ~ 20260627)
[23:51:05]    총 55건의 주요사항보고 조회됨
[23:51:05]    배당 결정 공시 없음
[23:51:06] 🔍 KIND ETF 공시 확인 중... (조회기간: 2026-06-26 ~ 2026-06-27)
[23:51:06]    새로운 감시 ETF 이익분배금 공시 없음
[23:56:06] 🔍 DART 공시 확인 중... (조회기간: 20260626 ~ 20260627)
[23:56:06]    총 55건의 주요사항보고 조회됨
[23:56:06]    배당 결정 공시 없음
[23:56:07] 🔍 KIND ETF 공시 확인 중... (조회기간: 2026-06-26 ~ 2026-06-27)
[23:56:07]    새로운 감시 ETF 이익분배금 공시 없음
[00:01:08] 🔍 DART 공시 확인 중... (조회기간: 20260627 ~ 20260628)
[00:01:08]    총 0건의 주요사항보고 조회됨
[00:01:08]    배당 결정 공시 없음
[00:01:08] 🔍 KIND ETF 공시 확인 중... (조회기간: 2026-06-27 ~ 2026-06-28)
[00:01:08]    새로운 감시 ETF 이익분배금 공시 없음
[00:06:09] 🔍 DART 공시 확인 중... (조회기간: 20260627 ~ 20260628)
[00:06:09]    총 0건의 주요사항보고 조회됨
[00:06:09]    배당 결정 공시 없음
[00:06:09] 🔍 KIND ETF 공시 확인 중... (조회기간: 2026-06-27 ~ 2026-06-28)
[00:06:09]    새로운 감시 ETF 이익분배금 공시 없음
[00:11:10] 🔍 DART 공시 확인 중... (조회기간: 20260627 ~ 20260628)
[00:11:10]    총 0건의 주요사항보고 조회됨
[00:11:10]    배당 결정 공시 없음
[00:11:10] 🔍 KIND ETF 공시 확인 중... (조회기간: 2026-06-27 ~ 2026-06-28)
[00:11:10]    새로운 감시 ETF 이익분배금 공시 없음
[00:16:10] 🔍 DART 공시 확인 중... (조회기간: 20260627 ~ 20260628)
[00:16:10]    총 0건의 주요사항보고 조회됨
[00:16:10]    배당 결정 공시 없음
[00:16:11] 🔍 KIND ETF 공시 확인 중... (조회기간: 2026-06-27 ~ 2026-06-28)
[00:16:11]    새로운 감시 ETF 이익분배금 공시 없음
[00:21:11] 🔍 DART 공시 확인 중... (조회기간: 20260627 ~ 20260628)
[00:21:11]    총 0건의 주요사항보고 조회됨
[00:21:11]    배당 결정 공시 없음
[00:21:11] 🔍 KIND ETF 공시 확인 중... (조회기간: 2026-06-27 ~ 2026-06-28)
[00:21:11]    새로운 감시 ETF 이익분배금 공시 없음
[00:26:12] 🔍 DART 공시 확인 중... (조회기간: 20260627 ~ 20260628)
[00:26:12]    총 0건의 주요사항보고 조회됨
[00:26:12]    배당 결정 공시 없음
[00:26:12] 🔍 KIND ETF 공시 확인 중... (조회기간: 2026-06-27 ~ 2026-06-28)
[00:26:12]    새로운 감시 ETF 이익분배금 공시 없음
[00:31:13] 🔍 DART 공시 확인 중... (조회기간: 20260627 ~ 20260628)
[00:31:13]    총 0건의 주요사항보고 조회됨
[00:31:13]    배당 결정 공시 없음
[00:31:13] 🔍 KIND ETF 공시 확인 중... (조회기간: 2026-06-27 ~ 2026-06-28)
[00:31:13]    새로운 감시 ETF 이익분배금 공시 없음
[00:36:13] 🔍 DART 공시 확인 중... (조회기간: 20260627 ~ 20260628)
[00:36:13]    총 0건의 주요사항보고 조회됨
[00:36:13]    배당 결정 공시 없음
[00:36:14] 🔍 KIND ETF 공시 확인 중... (조회기간: 2026-06-27 ~ 2026-06-28)
[00:36:14]    새로운 감시 ETF 이익분배금 공시 없음
[00:41:14] 🔍 DART 공시 확인 중... (조회기간: 20260627 ~ 20260628)
[00:41:14]    총 0건의 주요사항보고 조회됨
[00:41:14]    배당 결정 공시 없음
[00:41:14] 🔍 KIND ETF 공시 확인 중... (조회기간: 2026-06-27 ~ 2026-06-28)
[00:41:14]    새로운 감시 ETF 이익분배금 공시 없음
[00:46:15] 🔍 DART 공시 확인 중... (조회기간: 20260627 ~ 20260628)
[00:46:15]    총 0건의 주요사항보고 조회됨
[00:46:15]    배당 결정 공시 없음
[00:46:15] 🔍 KIND ETF 공시 확인 중... (조회기간: 2026-06-27 ~ 2026-06-28)
[00:46:15]    새로운 감시 ETF 이익분배금 공시 없음
[00:51:16] 🔍 DART 공시 확인 중... (조회기간: 20260627 ~ 20260628)
[00:51:16]    총 0건의 주요사항보고 조회됨
[00:51:16]    배당 결정 공시 없음
[00:51:16] 🔍 KIND ETF 공시 확인 중... (조회기간: 2026-06-27 ~ 2026-06-28)
[00:51:16]    새로운 감시 ETF 이익분배금 공시 없음
[00:56:16] 🔍 DART 공시 확인 중... (조회기간: 20260627 ~ 20260628)
[00:56:16]    총 0건의 주요사항보고 조회됨
[00:56:16]    배당 결정 공시 없음
[00:56:17] 🔍 KIND ETF 공시 확인 중... (조회기간: 2026-06-27 ~ 2026-06-28)
[00:56:17]    새로운 감시 ETF 이익분배금 공시 없음
[01:01:17] 🔍 DART 공시 확인 중... (조회기간: 20260627 ~ 20260628)
[01:01:17]    총 0건의 주요사항보고 조회됨
[01:01:17]    배당 결정 공시 없음
[01:01:18] 🔍 KIND ETF 공시 확인 중... (조회기간: 2026-06-27 ~ 2026-06-28)
[01:01:18]    새로운 감시 ETF 이익분배금 공시 없음
[01:06:18] 🔍 DART 공시 확인 중... (조회기간: 20260627 ~ 20260628)
[01:06:18]    총 0건의 주요사항보고 조회됨
[01:06:18]    배당 결정 공시 없음
[01:06:18] 🔍 KIND ETF 공시 확인 중... (조회기간: 2026-06-27 ~ 2026-06-28)
[01:06:18]    새로운 감시 ETF 이익분배금 공시 없음
[01:11:19] 🔍 DART 공시 확인 중... (조회기간: 20260627 ~ 20260628)
[01:11:19]    총 0건의 주요사항보고 조회됨
[01:11:19]    배당 결정 공시 없음
[01:11:19] 🔍 KIND ETF 공시 확인 중... (조회기간: 2026-06-27 ~ 2026-06-28)
[01:11:19]    새로운 감시 ETF 이익분배금 공시 없음
[01:16:20] 🔍 DART 공시 확인 중... (조회기간: 20260627 ~ 20260628)
[01:16:20]    총 0건의 주요사항보고 조회됨
[01:16:20]    배당 결정 공시 없음
[01:16:20] 🔍 KIND ETF 공시 확인 중... (조회기간: 2026-06-27 ~ 2026-06-28)
[01:16:20]    새로운 감시 ETF 이익분배금 공시 없음
[01:21:20] 🔍 DART 공시 확인 중... (조회기간: 20260627 ~ 20260628)
[01:21:20]    총 0건의 주요사항보고 조회됨
[01:21:20]    배당 결정 공시 없음
[01:21:22] 🔍 KIND ETF 공시 확인 중... (조회기간: 2026-06-27 ~ 2026-06-28)
[01:21:22]    새로운 감시 ETF 이익분배금 공시 없음
[01:26:22] 🔍 DART 공시 확인 중... (조회기간: 20260627 ~ 20260628)
[01:26:22]    총 0건의 주요사항보고 조회됨
[01:26:22]    배당 결정 공시 없음
[01:26:23] 🔍 KIND ETF 공시 확인 중... (조회기간: 2026-06-27 ~ 2026-06-28)
[01:26:23]    새로운 감시 ETF 이익분배금 공시 없음
[01:31:23] 🔍 DART 공시 확인 중... (조회기간: 20260627 ~ 20260628)
[01:31:23]    총 0건의 주요사항보고 조회됨
[01:31:23]    배당 결정 공시 없음
[01:31:24] 🔍 KIND ETF 공시 확인 중... (조회기간: 2026-06-27 ~ 2026-06-28)
[01:31:24]    새로운 감시 ETF 이익분배금 공시 없음
[01:36:24] 🔍 DART 공시 확인 중... (조회기간: 20260627 ~ 20260628)
[01:36:24]    총 0건의 주요사항보고 조회됨
[01:36:24]    배당 결정 공시 없음
[01:36:24] 🔍 KIND ETF 공시 확인 중... (조회기간: 2026-06-27 ~ 2026-06-28)
[01:36:24]    새로운 감시 ETF 이익분배금 공시 없음
[01:41:25] 🔍 DART 공시 확인 중... (조회기간: 20260627 ~ 20260628)
[01:41:25]    총 0건의 주요사항보고 조회됨
[01:41:25]    배당 결정 공시 없음
[01:41:25] 🔍 KIND ETF 공시 확인 중... (조회기간: 2026-06-27 ~ 2026-06-28)
[01:41:25]    새로운 감시 ETF 이익분배금 공시 없음
[01:46:26] 🔍 DART 공시 확인 중... (조회기간: 20260627 ~ 20260628)
[01:46:26]    총 0건의 주요사항보고 조회됨
[01:46:26]    배당 결정 공시 없음
[01:46:26] 🔍 KIND ETF 공시 확인 중... (조회기간: 2026-06-27 ~ 2026-06-28)
[01:46:26]    새로운 감시 ETF 이익분배금 공시 없음
[01:51:26] 🔍 DART 공시 확인 중... (조회기간: 20260627 ~ 20260628)
[01:51:26]    총 0건의 주요사항보고 조회됨
[01:51:26]    배당 결정 공시 없음
[01:51:27] 🔍 KIND ETF 공시 확인 중... (조회기간: 2026-06-27 ~ 2026-06-28)
[01:51:27]    새로운 감시 ETF 이익분배금 공시 없음
[01:56:27] 🔍 DART 공시 확인 중... (조회기간: 20260627 ~ 20260628)
[01:56:27]    총 0건의 주요사항보고 조회됨
[01:56:27]    배당 결정 공시 없음
[01:56:28] 🔍 KIND ETF 공시 확인 중... (조회기간: 2026-06-27 ~ 2026-06-28)
[01:56:28]    새로운 감시 ETF 이익분배금 공시 없음
[02:01:28] 🔍 DART 공시 확인 중... (조회기간: 20260627 ~ 20260628)
[02:01:28]    총 0건의 주요사항보고 조회됨
[02:01:28]    배당 결정 공시 없음
[02:01:28] 🔍 KIND ETF 공시 확인 중... (조회기간: 2026-06-27 ~ 2026-06-28)
[02:01:28]    새로운 감시 ETF 이익분배금 공시 없음
[02:06:29] 🔍 DART 공시 확인 중... (조회기간: 20260627 ~ 20260628)
[02:06:29]    총 0건의 주요사항보고 조회됨
[02:06:29]    배당 결정 공시 없음
[02:06:29] 🔍 KIND ETF 공시 확인 중... (조회기간: 2026-06-27 ~ 2026-06-28)
[02:06:29]    새로운 감시 ETF 이익분배금 공시 없음
[02:11:30] 🔍 DART 공시 확인 중... (조회기간: 20260627 ~ 20260628)
[02:11:30]    총 0건의 주요사항보고 조회됨
[02:11:30]    배당 결정 공시 없음
[02:11:30] 🔍 KIND ETF 공시 확인 중... (조회기간: 2026-06-27 ~ 2026-06-28)
[02:11:30]    새로운 감시 ETF 이익분배금 공시 없음
[02:16:31] 🔍 DART 공시 확인 중... (조회기간: 20260627 ~ 20260628)
[02:16:31]    총 0건의 주요사항보고 조회됨
[02:16:31]    배당 결정 공시 없음
[02:16:31] 🔍 KIND ETF 공시 확인 중... (조회기간: 2026-06-27 ~ 2026-06-28)
[02:16:31]    새로운 감시 ETF 이익분배금 공시 없음
[02:21:32] 🔍 DART 공시 확인 중... (조회기간: 20260627 ~ 20260628)
[02:21:32]    총 0건의 주요사항보고 조회됨
[02:21:32]    배당 결정 공시 없음
[02:21:32] 🔍 KIND ETF 공시 확인 중... (조회기간: 2026-06-27 ~ 2026-06-28)
[02:21:32]    새로운 감시 ETF 이익분배금 공시 없음
[02:26:32] 🔍 DART 공시 확인 중... (조회기간: 20260627 ~ 20260628)
[02:26:32]    총 0건의 주요사항보고 조회됨
[02:26:32]    배당 결정 공시 없음
[02:26:33] 🔍 KIND ETF 공시 확인 중... (조회기간: 2026-06-27 ~ 2026-06-28)
[02:26:33]    새로운 감시 ETF 이익분배금 공시 없음
[02:31:33] 🔍 DART 공시 확인 중... (조회기간: 20260627 ~ 20260628)
[02:31:33]    총 0건의 주요사항보고 조회됨
[02:31:33]    배당 결정 공시 없음
[02:31:34] 🔍 KIND ETF 공시 확인 중... (조회기간: 2026-06-27 ~ 2026-06-28)
[02:31:34]    새로운 감시 ETF 이익분배금 공시 없음
[02:36:34] 🔍 DART 공시 확인 중... (조회기간: 20260627 ~ 20260628)
[02:36:34]    총 0건의 주요사항보고 조회됨
[02:36:34]    배당 결정 공시 없음
[02:36:35] 🔍 KIND ETF 공시 확인 중... (조회기간: 2026-06-27 ~ 2026-06-28)
[02:36:35]    새로운 감시 ETF 이익분배금 공시 없음
[02:41:35] 🔍 DART 공시 확인 중... (조회기간: 20260627 ~ 20260628)
[02:41:35]    총 0건의 주요사항보고 조회됨
[02:41:35]    배당 결정 공시 없음
[02:41:35] 🔍 KIND ETF 공시 확인 중... (조회기간: 2026-06-27 ~ 2026-06-28)
[02:41:35]    새로운 감시 ETF 이익분배금 공시 없음
[02:46:36] 🔍 DART 공시 확인 중... (조회기간: 20260627 ~ 20260628)
[02:46:36]    총 0건의 주요사항보고 조회됨
[02:46:36]    배당 결정 공시 없음
[02:46:36] 🔍 KIND ETF 공시 확인 중... (조회기간: 2026-06-27 ~ 2026-06-28)
[02:46:36]    새로운 감시 ETF 이익분배금 공시 없음
[02:51:37] 🔍 DART 공시 확인 중... (조회기간: 20260627 ~ 20260628)
[02:51:37]    총 0건의 주요사항보고 조회됨
[02:51:37]    배당 결정 공시 없음
[02:51:37] 🔍 KIND ETF 공시 확인 중... (조회기간: 2026-06-27 ~ 2026-06-28)
[02:51:37]    새로운 감시 ETF 이익분배금 공시 없음
[02:56:38] 🔍 DART 공시 확인 중... (조회기간: 20260627 ~ 20260628)
[02:56:38]    총 0건의 주요사항보고 조회됨
[02:56:38]    배당 결정 공시 없음
[02:56:38] 🔍 KIND ETF 공시 확인 중... (조회기간: 2026-06-27 ~ 2026-06-28)
[02:56:38]    새로운 감시 ETF 이익분배금 공시 없음
[03:01:38] 🔍 DART 공시 확인 중... (조회기간: 20260627 ~ 20260628)
[03:01:38]    총 0건의 주요사항보고 조회됨
[03:01:38]    배당 결정 공시 없음
[03:01:39] 🔍 KIND ETF 공시 확인 중... (조회기간: 2026-06-27 ~ 2026-06-28)
[03:01:39]    새로운 감시 ETF 이익분배금 공시 없음
[03:06:39] 🔍 DART 공시 확인 중... (조회기간: 20260627 ~ 20260628)
[03:06:39]    총 0건의 주요사항보고 조회됨
[03:06:39]    배당 결정 공시 없음
[03:06:40] 🔍 KIND ETF 공시 확인 중... (조회기간: 2026-06-27 ~ 2026-06-28)
[03:06:40]    새로운 감시 ETF 이익분배금 공시 없음
[03:11:40] 🔍 DART 공시 확인 중... (조회기간: 20260627 ~ 20260628)
[03:11:40]    총 0건의 주요사항보고 조회됨
[03:11:40]    배당 결정 공시 없음
[03:11:40] 🔍 KIND ETF 공시 확인 중... (조회기간: 2026-06-27 ~ 2026-06-28)
[03:11:40]    새로운 감시 ETF 이익분배금 공시 없음
[03:16:41] 🔍 DART 공시 확인 중... (조회기간: 20260627 ~ 20260628)
[03:16:41]    총 0건의 주요사항보고 조회됨
[03:16:41]    배당 결정 공시 없음
[03:16:41] 🔍 KIND ETF 공시 확인 중... (조회기간: 2026-06-27 ~ 2026-06-28)
[03:16:41]    새로운 감시 ETF 이익분배금 공시 없음
[03:21:42] 🔍 DART 공시 확인 중... (조회기간: 20260627 ~ 20260628)
[03:21:42]    총 0건의 주요사항보고 조회됨
[03:21:42]    배당 결정 공시 없음
[03:21:42] 🔍 KIND ETF 공시 확인 중... (조회기간: 2026-06-27 ~ 2026-06-28)
[03:21:42]    새로운 감시 ETF 이익분배금 공시 없음
[03:26:42] 🔍 DART 공시 확인 중... (조회기간: 20260627 ~ 20260628)
[03:26:42]    총 0건의 주요사항보고 조회됨
[03:26:42]    배당 결정 공시 없음
[03:26:43] 🔍 KIND ETF 공시 확인 중... (조회기간: 2026-06-27 ~ 2026-06-28)
[03:26:43]    새로운 감시 ETF 이익분배금 공시 없음
[03:31:43] 🔍 DART 공시 확인 중... (조회기간: 20260627 ~ 20260628)
[03:31:43]    총 0건의 주요사항보고 조회됨
[03:31:43]    배당 결정 공시 없음
[03:31:44] 🔍 KIND ETF 공시 확인 중... (조회기간: 2026-06-27 ~ 2026-06-28)
[03:31:44]    새로운 감시 ETF 이익분배금 공시 없음
[03:36:44] 🔍 DART 공시 확인 중... (조회기간: 20260627 ~ 20260628)
[03:36:44]    총 0건의 주요사항보고 조회됨
[03:36:44]    배당 결정 공시 없음
[03:36:44] 🔍 KIND ETF 공시 확인 중... (조회기간: 2026-06-27 ~ 2026-06-28)
[03:36:44]    새로운 감시 ETF 이익분배금 공시 없음
[03:41:45] 🔍 DART 공시 확인 중... (조회기간: 20260627 ~ 20260628)
[03:41:45]    총 0건의 주요사항보고 조회됨
[03:41:45]    배당 결정 공시 없음
[03:41:45] 🔍 KIND ETF 공시 확인 중... (조회기간: 2026-06-27 ~ 2026-06-28)
[03:41:45]    새로운 감시 ETF 이익분배금 공시 없음
[03:46:45] 🔍 DART 공시 확인 중... (조회기간: 20260627 ~ 20260628)
[03:46:45]    총 0건의 주요사항보고 조회됨
[03:46:45]    배당 결정 공시 없음
[03:46:46] 🔍 KIND ETF 공시 확인 중... (조회기간: 2026-06-27 ~ 2026-06-28)
[03:46:46]    새로운 감시 ETF 이익분배금 공시 없음
[03:51:46] 🔍 DART 공시 확인 중... (조회기간: 20260627 ~ 20260628)
[03:51:46]    총 0건의 주요사항보고 조회됨
[03:51:46]    배당 결정 공시 없음
[03:51:47] 🔍 KIND ETF 공시 확인 중... (조회기간: 2026-06-27 ~ 2026-06-28)
[03:51:47]    새로운 감시 ETF 이익분배금 공시 없음
[03:56:47] 🔍 DART 공시 확인 중... (조회기간: 20260627 ~ 20260628)
[03:56:47]    총 0건의 주요사항보고 조회됨
[03:56:47]    배당 결정 공시 없음
[03:56:47] 🔍 KIND ETF 공시 확인 중... (조회기간: 2026-06-27 ~ 2026-06-28)
[03:56:47]    새로운 감시 ETF 이익분배금 공시 없음
[04:01:48] 🔍 DART 공시 확인 중... (조회기간: 20260627 ~ 20260628)
[04:01:48]    총 0건의 주요사항보고 조회됨
[04:01:48]    배당 결정 공시 없음
[04:01:48] 🔍 KIND ETF 공시 확인 중... (조회기간: 2026-06-27 ~ 2026-06-28)
[04:01:48]    새로운 감시 ETF 이익분배금 공시 없음
[04:06:49] 🔍 DART 공시 확인 중... (조회기간: 20260627 ~ 20260628)
[04:06:49]    총 0건의 주요사항보고 조회됨
[04:06:49]    배당 결정 공시 없음
[04:06:49] 🔍 KIND ETF 공시 확인 중... (조회기간: 2026-06-27 ~ 2026-06-28)
[04:06:49]    새로운 감시 ETF 이익분배금 공시 없음
[04:11:49] 🔍 DART 공시 확인 중... (조회기간: 20260627 ~ 20260628)
[04:11:49]    총 0건의 주요사항보고 조회됨
[04:11:49]    배당 결정 공시 없음
[04:11:50] 🔍 KIND ETF 공시 확인 중... (조회기간: 2026-06-27 ~ 2026-06-28)
[04:11:50]    새로운 감시 ETF 이익분배금 공시 없음
[04:16:50] 🔍 DART 공시 확인 중... (조회기간: 20260627 ~ 20260628)
[04:16:50]    총 0건의 주요사항보고 조회됨
[04:16:50]    배당 결정 공시 없음
[04:16:51] 🔍 KIND ETF 공시 확인 중... (조회기간: 2026-06-27 ~ 2026-06-28)
[04:16:51]    새로운 감시 ETF 이익분배금 공시 없음
[04:21:51] 🔍 DART 공시 확인 중... (조회기간: 20260627 ~ 20260628)
[04:21:51]    총 0건의 주요사항보고 조회됨
[04:21:51]    배당 결정 공시 없음
[04:21:51] 🔍 KIND ETF 공시 확인 중... (조회기간: 2026-06-27 ~ 2026-06-28)
[04:21:51]    새로운 감시 ETF 이익분배금 공시 없음
[04:26:52] 🔍 DART 공시 확인 중... (조회기간: 20260627 ~ 20260628)
[04:26:52]    총 0건의 주요사항보고 조회됨
[04:26:52]    배당 결정 공시 없음
[04:26:52] 🔍 KIND ETF 공시 확인 중... (조회기간: 2026-06-27 ~ 2026-06-28)
[04:26:52]    새로운 감시 ETF 이익분배금 공시 없음
[04:31:52] 🔍 DART 공시 확인 중... (조회기간: 20260627 ~ 20260628)
[04:31:52]    총 0건의 주요사항보고 조회됨
[04:31:52]    배당 결정 공시 없음
[04:31:53] 🔍 KIND ETF 공시 확인 중... (조회기간: 2026-06-27 ~ 2026-06-28)
[04:31:53]    새로운 감시 ETF 이익분배금 공시 없음
[04:36:53] 🔍 DART 공시 확인 중... (조회기간: 20260627 ~ 20260628)
[04:36:53]    총 0건의 주요사항보고 조회됨
[04:36:53]    배당 결정 공시 없음
[04:36:54] 🔍 KIND ETF 공시 확인 중... (조회기간: 2026-06-27 ~ 2026-06-28)
[04:36:54]    새로운 감시 ETF 이익분배금 공시 없음
[04:41:54] 🔍 DART 공시 확인 중... (조회기간: 20260627 ~ 20260628)
[04:41:54]    총 0건의 주요사항보고 조회됨
[04:41:54]    배당 결정 공시 없음
[04:41:54] 🔍 KIND ETF 공시 확인 중... (조회기간: 2026-06-27 ~ 2026-06-28)
[04:41:54]    새로운 감시 ETF 이익분배금 공시 없음
[04:46:55] 🔍 DART 공시 확인 중... (조회기간: 20260627 ~ 20260628)
[04:46:55]    총 0건의 주요사항보고 조회됨
[04:46:55]    배당 결정 공시 없음
[04:46:55] 🔍 KIND ETF 공시 확인 중... (조회기간: 2026-06-27 ~ 2026-06-28)
[04:46:55]    새로운 감시 ETF 이익분배금 공시 없음
[04:51:56] 🔍 DART 공시 확인 중... (조회기간: 20260627 ~ 20260628)
[04:51:56]    총 0건의 주요사항보고 조회됨
[04:51:56]    배당 결정 공시 없음
[04:51:56] 🔍 KIND ETF 공시 확인 중... (조회기간: 2026-06-27 ~ 2026-06-28)
[04:51:56]    새로운 감시 ETF 이익분배금 공시 없음
[04:56:56] 🔍 DART 공시 확인 중... (조회기간: 20260627 ~ 20260628)
[04:56:56]    총 0건의 주요사항보고 조회됨
[04:56:56]    배당 결정 공시 없음
[04:56:57] 🔍 KIND ETF 공시 확인 중... (조회기간: 2026-06-27 ~ 2026-06-28)
[04:56:57]    새로운 감시 ETF 이익분배금 공시 없음
[05:01:57] 🔍 DART 공시 확인 중... (조회기간: 20260627 ~ 20260628)
[05:01:57]    총 0건의 주요사항보고 조회됨
[05:01:57]    배당 결정 공시 없음
[05:01:57] 🔍 KIND ETF 공시 확인 중... (조회기간: 2026-06-27 ~ 2026-06-28)
[05:01:57]    새로운 감시 ETF 이익분배금 공시 없음
[05:06:58] 🔍 DART 공시 확인 중... (조회기간: 20260627 ~ 20260628)
[05:06:58]    총 0건의 주요사항보고 조회됨
[05:06:58]    배당 결정 공시 없음
[05:06:58] 🔍 KIND ETF 공시 확인 중... (조회기간: 2026-06-27 ~ 2026-06-28)
[05:06:58]    새로운 감시 ETF 이익분배금 공시 없음
[05:11:59] 🔍 DART 공시 확인 중... (조회기간: 20260627 ~ 20260628)
[05:11:59]    총 0건의 주요사항보고 조회됨
[05:11:59]    배당 결정 공시 없음
[05:11:59] 🔍 KIND ETF 공시 확인 중... (조회기간: 2026-06-27 ~ 2026-06-28)
[05:11:59]    새로운 감시 ETF 이익분배금 공시 없음
[05:16:59] 🔍 DART 공시 확인 중... (조회기간: 20260627 ~ 20260628)
[05:16:59]    총 0건의 주요사항보고 조회됨
[05:16:59]    배당 결정 공시 없음
[05:17:00] 🔍 KIND ETF 공시 확인 중... (조회기간: 2026-06-27 ~ 2026-06-28)
[05:17:00]    새로운 감시 ETF 이익분배금 공시 없음
[05:22:00] 🔍 DART 공시 확인 중... (조회기간: 20260627 ~ 20260628)
[05:22:00]    총 0건의 주요사항보고 조회됨
[05:22:00]    배당 결정 공시 없음
[05:22:02] 🔍 KIND ETF 공시 확인 중... (조회기간: 2026-06-27 ~ 2026-06-28)
[05:22:02]    새로운 감시 ETF 이익분배금 공시 없음
[05:27:03] 🔍 DART 공시 확인 중... (조회기간: 20260627 ~ 20260628)
[05:27:03]    총 0건의 주요사항보고 조회됨
[05:27:03]    배당 결정 공시 없음
[05:27:03] 🔍 KIND ETF 공시 확인 중... (조회기간: 2026-06-27 ~ 2026-06-28)
[05:27:03]    새로운 감시 ETF 이익분배금 공시 없음
[05:32:04] 🔍 DART 공시 확인 중... (조회기간: 20260627 ~ 20260628)
[05:32:04]    총 0건의 주요사항보고 조회됨
[05:32:04]    배당 결정 공시 없음
[05:32:04] 🔍 KIND ETF 공시 확인 중... (조회기간: 2026-06-27 ~ 2026-06-28)
[05:32:04]    새로운 감시 ETF 이익분배금 공시 없음
[05:37:05] 🔍 DART 공시 확인 중... (조회기간: 20260627 ~ 20260628)
[05:37:05]    총 0건의 주요사항보고 조회됨
[05:37:05]    배당 결정 공시 없음
[05:37:05] 🔍 KIND ETF 공시 확인 중... (조회기간: 2026-06-27 ~ 2026-06-28)
[05:37:05]    새로운 감시 ETF 이익분배금 공시 없음
[05:42:06] 🔍 DART 공시 확인 중... (조회기간: 20260627 ~ 20260628)
[05:42:06]    총 0건의 주요사항보고 조회됨
[05:42:06]    배당 결정 공시 없음
[05:42:06] 🔍 KIND ETF 공시 확인 중... (조회기간: 2026-06-27 ~ 2026-06-28)
[05:42:06]    새로운 감시 ETF 이익분배금 공시 없음
[05:47:06] 🔍 DART 공시 확인 중... (조회기간: 20260627 ~ 20260628)
[05:47:06]    총 0건의 주요사항보고 조회됨
[05:47:06]    배당 결정 공시 없음
[05:47:07] 🔍 KIND ETF 공시 확인 중... (조회기간: 2026-06-27 ~ 2026-06-28)
[05:47:07]    새로운 감시 ETF 이익분배금 공시 없음
[05:52:07] 🔍 DART 공시 확인 중... (조회기간: 20260627 ~ 20260628)
[05:52:07]    총 0건의 주요사항보고 조회됨
[05:52:07]    배당 결정 공시 없음
[05:52:08] 🔍 KIND ETF 공시 확인 중... (조회기간: 2026-06-27 ~ 2026-06-28)
[05:52:08]    새로운 감시 ETF 이익분배금 공시 없음
[05:57:08] 🔍 DART 공시 확인 중... (조회기간: 20260627 ~ 20260628)
[05:57:08]    총 0건의 주요사항보고 조회됨
[05:57:08]    배당 결정 공시 없음
[05:57:09] 🔍 KIND ETF 공시 확인 중... (조회기간: 2026-06-27 ~ 2026-06-28)
[05:57:09]    새로운 감시 ETF 이익분배금 공시 없음
[06:02:09] 🔍 DART 공시 확인 중... (조회기간: 20260627 ~ 20260628)
[06:02:09]    총 0건의 주요사항보고 조회됨
[06:02:09]    배당 결정 공시 없음
[06:02:09] 🔍 KIND ETF 공시 확인 중... (조회기간: 2026-06-27 ~ 2026-06-28)
[06:02:09]    새로운 감시 ETF 이익분배금 공시 없음
[06:07:10] 🔍 DART 공시 확인 중... (조회기간: 20260627 ~ 20260628)
[06:07:10]    총 0건의 주요사항보고 조회됨
[06:07:10]    배당 결정 공시 없음
[06:07:10] 🔍 KIND ETF 공시 확인 중... (조회기간: 2026-06-27 ~ 2026-06-28)
[06:07:10]    새로운 감시 ETF 이익분배금 공시 없음
[06:12:11] 🔍 DART 공시 확인 중... (조회기간: 20260627 ~ 20260628)
[06:12:11]    총 0건의 주요사항보고 조회됨
[06:12:11]    배당 결정 공시 없음
[06:12:12] 🔍 KIND ETF 공시 확인 중... (조회기간: 2026-06-27 ~ 2026-06-28)
[06:12:12]    새로운 감시 ETF 이익분배금 공시 없음
[06:17:12] 🔍 DART 공시 확인 중... (조회기간: 20260627 ~ 20260628)
[06:17:12]    총 0건의 주요사항보고 조회됨
[06:17:12]    배당 결정 공시 없음
[06:17:12] 🔍 KIND ETF 공시 확인 중... (조회기간: 2026-06-27 ~ 2026-06-28)
[06:17:12]    새로운 감시 ETF 이익분배금 공시 없음
[06:22:13] 🔍 DART 공시 확인 중... (조회기간: 20260627 ~ 20260628)
[06:22:13]    총 0건의 주요사항보고 조회됨
[06:22:13]    배당 결정 공시 없음
[06:22:13] 🔍 KIND ETF 공시 확인 중... (조회기간: 2026-06-27 ~ 2026-06-28)
[06:22:13]    새로운 감시 ETF 이익분배금 공시 없음
[06:27:14] 🔍 DART 공시 확인 중... (조회기간: 20260627 ~ 20260628)
[06:27:14]    총 0건의 주요사항보고 조회됨
[06:27:14]    배당 결정 공시 없음
[06:27:15] 🔍 KIND ETF 공시 확인 중... (조회기간: 2026-06-27 ~ 2026-06-28)
[06:27:15]    새로운 감시 ETF 이익분배금 공시 없음
[06:32:16] 🔍 DART 공시 확인 중... (조회기간: 20260627 ~ 20260628)
[06:32:16]    총 0건의 주요사항보고 조회됨
[06:32:16]    배당 결정 공시 없음
[06:32:16] 🔍 KIND ETF 공시 확인 중... (조회기간: 2026-06-27 ~ 2026-06-28)
[06:32:16]    새로운 감시 ETF 이익분배금 공시 없음
[06:37:16] 🔍 DART 공시 확인 중... (조회기간: 20260627 ~ 20260628)
[06:37:16]    총 0건의 주요사항보고 조회됨
[06:37:16]    배당 결정 공시 없음
[06:37:17] 🔍 KIND ETF 공시 확인 중... (조회기간: 2026-06-27 ~ 2026-06-28)
[06:37:17]    새로운 감시 ETF 이익분배금 공시 없음
[06:42:18] 🔍 DART 공시 확인 중... (조회기간: 20260627 ~ 20260628)
[06:42:18]    총 0건의 주요사항보고 조회됨
[06:42:18]    배당 결정 공시 없음
[06:42:18] 🔍 KIND ETF 공시 확인 중... (조회기간: 2026-06-27 ~ 2026-06-28)
[06:42:18]    새로운 감시 ETF 이익분배금 공시 없음
[06:47:18] 🔍 DART 공시 확인 중... (조회기간: 20260627 ~ 20260628)
[06:47:18]    총 0건의 주요사항보고 조회됨
[06:47:18]    배당 결정 공시 없음
[06:47:19] 🔍 KIND ETF 공시 확인 중... (조회기간: 2026-06-27 ~ 2026-06-28)
[06:47:19]    새로운 감시 ETF 이익분배금 공시 없음
[06:52:19] 🔍 DART 공시 확인 중... (조회기간: 20260627 ~ 20260628)
[06:52:19]    총 0건의 주요사항보고 조회됨
[06:52:19]    배당 결정 공시 없음
[06:52:20] 🔍 KIND ETF 공시 확인 중... (조회기간: 2026-06-27 ~ 2026-06-28)
[06:52:20]    새로운 감시 ETF 이익분배금 공시 없음
[06:57:20] 🔍 DART 공시 확인 중... (조회기간: 20260627 ~ 20260628)
[06:57:20]    총 0건의 주요사항보고 조회됨
[06:57:20]    배당 결정 공시 없음
[06:57:21] 🔍 KIND ETF 공시 확인 중... (조회기간: 2026-06-27 ~ 2026-06-28)
[06:57:21]    새로운 감시 ETF 이익분배금 공시 없음
[07:02:23] 🔍 DART 공시 확인 중... (조회기간: 20260627 ~ 20260628)
[07:02:23]    총 0건의 주요사항보고 조회됨
[07:02:23]    배당 결정 공시 없음
[07:02:24] 🔍 KIND ETF 공시 확인 중... (조회기간: 2026-06-27 ~ 2026-06-28)
[07:02:24]    새로운 감시 ETF 이익분배금 공시 없음
[07:07:24] 🔍 DART 공시 확인 중... (조회기간: 20260627 ~ 20260628)
[07:07:24]    총 0건의 주요사항보고 조회됨
[07:07:24]    배당 결정 공시 없음
[07:07:24] 🔍 KIND ETF 공시 확인 중... (조회기간: 2026-06-27 ~ 2026-06-28)
[07:07:24]    새로운 감시 ETF 이익분배금 공시 없음
[07:12:25] 🔍 DART 공시 확인 중... (조회기간: 20260627 ~ 20260628)
[07:12:25]    총 0건의 주요사항보고 조회됨
[07:12:25]    배당 결정 공시 없음
[07:12:25] 🔍 KIND ETF 공시 확인 중... (조회기간: 2026-06-27 ~ 2026-06-28)
[07:12:25]    새로운 감시 ETF 이익분배금 공시 없음
[07:17:26] 🔍 DART 공시 확인 중... (조회기간: 20260627 ~ 20260628)
[07:17:26]    총 0건의 주요사항보고 조회됨
[07:17:26]    배당 결정 공시 없음
[07:17:26] 🔍 KIND ETF 공시 확인 중... (조회기간: 2026-06-27 ~ 2026-06-28)
[07:17:26]    새로운 감시 ETF 이익분배금 공시 없음
[07:22:26] 🔍 DART 공시 확인 중... (조회기간: 20260627 ~ 20260628)
[07:22:26]    총 0건의 주요사항보고 조회됨
[07:22:26]    배당 결정 공시 없음
[07:22:27] 🔍 KIND ETF 공시 확인 중... (조회기간: 2026-06-27 ~ 2026-06-28)
[07:22:27]    새로운 감시 ETF 이익분배금 공시 없음
[07:27:27] 🔍 DART 공시 확인 중... (조회기간: 20260627 ~ 20260628)
[07:27:27]    총 0건의 주요사항보고 조회됨
[07:27:27]    배당 결정 공시 없음
[07:27:27] 🔍 KIND ETF 공시 확인 중... (조회기간: 2026-06-27 ~ 2026-06-28)
[07:27:27]    새로운 감시 ETF 이익분배금 공시 없음
[07:32:28] 🔍 DART 공시 확인 중... (조회기간: 20260627 ~ 20260628)
[07:32:28]    총 0건의 주요사항보고 조회됨
[07:32:28]    배당 결정 공시 없음
[07:32:28] 🔍 KIND ETF 공시 확인 중... (조회기간: 2026-06-27 ~ 2026-06-28)
[07:32:28]    새로운 감시 ETF 이익분배금 공시 없음
[07:37:29] 🔍 DART 공시 확인 중... (조회기간: 20260627 ~ 20260628)
[07:37:29]    총 0건의 주요사항보고 조회됨
[07:37:29]    배당 결정 공시 없음
[07:37:29] 🔍 KIND ETF 공시 확인 중... (조회기간: 2026-06-27 ~ 2026-06-28)
[07:37:29]    새로운 감시 ETF 이익분배금 공시 없음
[07:42:30] 🔍 DART 공시 확인 중... (조회기간: 20260627 ~ 20260628)
[07:42:30]    총 0건의 주요사항보고 조회됨
[07:42:30]    배당 결정 공시 없음
[07:42:30] 🔍 KIND ETF 공시 확인 중... (조회기간: 2026-06-27 ~ 2026-06-28)
[07:42:30]    새로운 감시 ETF 이익분배금 공시 없음
[07:47:31] 🔍 DART 공시 확인 중... (조회기간: 20260627 ~ 20260628)
[07:47:31]    총 0건의 주요사항보고 조회됨
[07:47:31]    배당 결정 공시 없음
[07:47:31] 🔍 KIND ETF 공시 확인 중... (조회기간: 2026-06-27 ~ 2026-06-28)
[07:47:31]    새로운 감시 ETF 이익분배금 공시 없음
[07:52:32] 🔍 DART 공시 확인 중... (조회기간: 20260627 ~ 20260628)
[07:52:32]    총 0건의 주요사항보고 조회됨
[07:52:32]    배당 결정 공시 없음
[07:52:32] 🔍 KIND ETF 공시 확인 중... (조회기간: 2026-06-27 ~ 2026-06-28)
[07:52:32]    새로운 감시 ETF 이익분배금 공시 없음
[07:57:33] 🔍 DART 공시 확인 중... (조회기간: 20260627 ~ 20260628)
[07:57:33]    총 0건의 주요사항보고 조회됨
[07:57:33]    배당 결정 공시 없음
[07:57:33] 🔍 KIND ETF 공시 확인 중... (조회기간: 2026-06-27 ~ 2026-06-28)
[07:57:33]    새로운 감시 ETF 이익분배금 공시 없음
[08:00:45] ⏰ 아침 다이제스트 발송 시각입니다!
[08:00:45] 🔍 TrendForce 최신 기사 확인 중...
[08:00:45]    API에서 30건의 기사 조회됨
[08:00:45]    📋 새로운 기사 16건 발견!
[08:00:45]       1. [News] Lenovo Reportedly Sees Higher Memory Prices Becoming the New Normal Into 2030
[08:00:45]       2. [News] Apple Price Hikes Erode Neo’s Cost Edge as Xbox Cites 2.5x Memory Surge for New Increase
[08:00:45]       3. [News] Apple Reportedly Reshapes M-Series by Skipping M6 Pro and Max, Shifting High-End Chips to M7 in 2027
[08:00:45]       4. [News] YOFC Achieved World’s First 1.2Tb/s Per-Wavelength Transmission Over Hollow-Core Fiber
[08:00:45]       5. [News] Micron Reportedly Acknowledges China’s Memory Progress While Noting Output Remains Largely Domestic
[08:00:45]       6. [News] Qualcomm Reportedly Plans China AI Chip Push With Export-Control-Compliant Custom Chips
[08:00:45]       7. [News] Decoding Micron’s SCAs: Reportedly 20% of DRAM Output, Toward 50% of Long-Term Memory Revenue
[08:00:45]       8. [News] MLCC Turns From Electronic Rice Into a Gold-Like Rally, With Quotes Reportedly Updating Every 30 Minutes
[08:00:45]       9. [News] Micron Profit Surges 15-Fold as Margin Nears 85%; HBM4 Revenue Exceeds $1B
[08:00:45]       10. [News] ASE Targets FOPLP Mass Production by End-2026, Launches 15 Expansion Projects This Year Amid AI Boom
[08:00:45]       11. [News] Kioxia Executive Pay Reportedly Surges Multiple-Fold, Converging toward Samsung and SK hynix Peer Levels
[08:00:45]       12. [Insights] Memory Spot Price Update: DRAM Buyers Resist Higher Quotes as Mainstream DDR4 Prices Gain 0.28%
[08:00:45]       13. [News] ASUS Reportedly Sees Q3 PC Prices Rise by Around 5%, With Cumulative Gain Reaching 30% Since 4Q25
[08:00:45]       14. [News] UMC May Net Profit Surges 203% YoY as Utilization Strength Drives Earnings Upside
[08:00:45]       15. [News] UNT Unveiled Plans to Expand Wafer Production with CNY 3B, Partly for Optical Interconnect Applications
[08:00:45]       16. [News] Samsung Unveils UFS 5.0 Storage, Claims Industry’s Fastest with 10.8GB/s Speeds
[08:00:45]    📧 다이제스트 이메일 발송 중...
   🌐 16건 한국어 번역 중...
   ✅ 번역 완료
   ✅ [SMTP] 이메일 발송 성공 → 수신인 2명
[08:00:45]    ✅ 다이제스트 발송 성공 (16건)
[08:02:33] 🔍 DART 공시 확인 중... (조회기간: 20260627 ~ 20260628)
[08:02:33]    총 0건의 주요사항보고 조회됨
[08:02:33]    배당 결정 공시 없음
[08:02:34] 🔍 KIND ETF 공시 확인 중... (조회기간: 2026-06-27 ~ 2026-06-28)
[08:02:34]    새로운 감시 ETF 이익분배금 공시 없음
[08:07:34] 🔍 DART 공시 확인 중... (조회기간: 20260627 ~ 20260628)
[08:07:34]    총 0건의 주요사항보고 조회됨
[08:07:34]    배당 결정 공시 없음
[08:07:35] 🔍 KIND ETF 공시 확인 중... (조회기간: 2026-06-27 ~ 2026-06-28)
[08:07:35]    새로운 감시 ETF 이익분배금 공시 없음
[08:12:35] 🔍 DART 공시 확인 중... (조회기간: 20260627 ~ 20260628)
[08:12:35]    총 0건의 주요사항보고 조회됨
[08:12:35]    배당 결정 공시 없음
[08:12:36] 🔍 KIND ETF 공시 확인 중... (조회기간: 2026-06-27 ~ 2026-06-28)
[08:12:36]    새로운 감시 ETF 이익분배금 공시 없음
[08:17:36] 🔍 DART 공시 확인 중... (조회기간: 20260627 ~ 20260628)
[08:17:36]    총 0건의 주요사항보고 조회됨
[08:17:36]    배당 결정 공시 없음
[08:17:36] 🔍 KIND ETF 공시 확인 중... (조회기간: 2026-06-27 ~ 2026-06-28)
[08:17:36]    새로운 감시 ETF 이익분배금 공시 없음
[08:22:37] 🔍 DART 공시 확인 중... (조회기간: 20260627 ~ 20260628)
[08:22:37]    총 0건의 주요사항보고 조회됨
[08:22:37]    배당 결정 공시 없음
[08:22:37] 🔍 KIND ETF 공시 확인 중... (조회기간: 2026-06-27 ~ 2026-06-28)
[08:22:37]    새로운 감시 ETF 이익분배금 공시 없음
[08:27:38] 🔍 DART 공시 확인 중... (조회기간: 20260627 ~ 20260628)
[08:27:38]    총 0건의 주요사항보고 조회됨
[08:27:38]    배당 결정 공시 없음
[08:27:38] 🔍 KIND ETF 공시 확인 중... (조회기간: 2026-06-27 ~ 2026-06-28)
[08:27:38]    새로운 감시 ETF 이익분배금 공시 없음
[08:32:39] 🔍 DART 공시 확인 중... (조회기간: 20260627 ~ 20260628)
[08:32:39]    총 0건의 주요사항보고 조회됨
[08:32:39]    배당 결정 공시 없음
[08:32:39] 🔍 KIND ETF 공시 확인 중... (조회기간: 2026-06-27 ~ 2026-06-28)
[08:32:39]    새로운 감시 ETF 이익분배금 공시 없음
[08:37:39] 🔍 DART 공시 확인 중... (조회기간: 20260627 ~ 20260628)
[08:37:39]    총 0건의 주요사항보고 조회됨
[08:37:39]    배당 결정 공시 없음
[08:37:40] 🔍 KIND ETF 공시 확인 중... (조회기간: 2026-06-27 ~ 2026-06-28)
[08:37:40]    새로운 감시 ETF 이익분배금 공시 없음
[08:42:40] 🔍 DART 공시 확인 중... (조회기간: 20260627 ~ 20260628)
[08:42:40]    총 0건의 주요사항보고 조회됨
[08:42:40]    배당 결정 공시 없음
[08:42:41] 🔍 KIND ETF 공시 확인 중... (조회기간: 2026-06-27 ~ 2026-06-28)
[08:42:41]    새로운 감시 ETF 이익분배금 공시 없음
[08:42:41] ⏰ 아침 배당기준일 리마인드 스케줄러 기동 중...
[08:42:41] ⏰ 리마인드 스케줄러 점검 완료.
[08:47:41] 🔍 DART 공시 확인 중... (조회기간: 20260627 ~ 20260628)
[08:47:41]    총 0건의 주요사항보고 조회됨
[08:47:41]    배당 결정 공시 없음
[08:47:41] 🔍 KIND ETF 공시 확인 중... (조회기간: 2026-06-27 ~ 2026-06-28)
[08:47:41]    새로운 감시 ETF 이익분배금 공시 없음
[08:52:42] 🔍 DART 공시 확인 중... (조회기간: 20260627 ~ 20260628)
[08:52:42]    총 0건의 주요사항보고 조회됨
[08:52:42]    배당 결정 공시 없음
[08:52:42] 🔍 KIND ETF 공시 확인 중... (조회기간: 2026-06-27 ~ 2026-06-28)
[08:52:42]    새로운 감시 ETF 이익분배금 공시 없음
[08:57:43] 🔍 DART 공시 확인 중... (조회기간: 20260627 ~ 20260628)
[08:57:43]    총 0건의 주요사항보고 조회됨
[08:57:43]    배당 결정 공시 없음
[08:57:43] 🔍 KIND ETF 공시 확인 중... (조회기간: 2026-06-27 ~ 2026-06-28)
[08:57:43]    새로운 감시 ETF 이익분배금 공시 없음
[09:02:43] 🔍 DART 공시 확인 중... (조회기간: 20260627 ~ 20260628)
[09:02:43]    총 0건의 주요사항보고 조회됨
[09:02:43]    배당 결정 공시 없음
[09:02:44] 🔍 KIND ETF 공시 확인 중... (조회기간: 2026-06-27 ~ 2026-06-28)
[09:02:44]    새로운 감시 ETF 이익분배금 공시 없음
[09:07:44] 🔍 DART 공시 확인 중... (조회기간: 20260627 ~ 20260628)
[09:07:44]    총 0건의 주요사항보고 조회됨
[09:07:44]    배당 결정 공시 없음
[09:07:44] 🔍 KIND ETF 공시 확인 중... (조회기간: 2026-06-27 ~ 2026-06-28)
[09:07:44]    새로운 감시 ETF 이익분배금 공시 없음
[09:12:45] 🔍 DART 공시 확인 중... (조회기간: 20260627 ~ 20260628)
[09:12:45]    총 0건의 주요사항보고 조회됨
[09:12:45]    배당 결정 공시 없음
[09:12:45] 🔍 KIND ETF 공시 확인 중... (조회기간: 2026-06-27 ~ 2026-06-28)
[09:12:45]    새로운 감시 ETF 이익분배금 공시 없음
[09:17:46] 🔍 DART 공시 확인 중... (조회기간: 20260627 ~ 20260628)
[09:17:46]    총 0건의 주요사항보고 조회됨
[09:17:46]    배당 결정 공시 없음
[09:17:46] 🔍 KIND ETF 공시 확인 중... (조회기간: 2026-06-27 ~ 2026-06-28)
[09:17:46]    새로운 감시 ETF 이익분배금 공시 없음
[09:22:46] 🔍 DART 공시 확인 중... (조회기간: 20260627 ~ 20260628)
[09:22:46]    총 0건의 주요사항보고 조회됨
[09:22:46]    배당 결정 공시 없음
[09:22:47] 🔍 KIND ETF 공시 확인 중... (조회기간: 2026-06-27 ~ 2026-06-28)
[09:22:47]    새로운 감시 ETF 이익분배금 공시 없음
[09:27:47] 🔍 DART 공시 확인 중... (조회기간: 20260627 ~ 20260628)
[09:27:47]    총 0건의 주요사항보고 조회됨
[09:27:47]    배당 결정 공시 없음
[09:27:48] 🔍 KIND ETF 공시 확인 중... (조회기간: 2026-06-27 ~ 2026-06-28)
[09:27:48]    새로운 감시 ETF 이익분배금 공시 없음
[09:32:48] 🔍 DART 공시 확인 중... (조회기간: 20260627 ~ 20260628)
[09:32:48]    총 0건의 주요사항보고 조회됨
[09:32:48]    배당 결정 공시 없음
[09:32:48] 🔍 KIND ETF 공시 확인 중... (조회기간: 2026-06-27 ~ 2026-06-28)
[09:32:48]    새로운 감시 ETF 이익분배금 공시 없음
[09:37:49] 🔍 DART 공시 확인 중... (조회기간: 20260627 ~ 20260628)
[09:37:49]    총 0건의 주요사항보고 조회됨
[09:37:49]    배당 결정 공시 없음
[09:37:49] 🔍 KIND ETF 공시 확인 중... (조회기간: 2026-06-27 ~ 2026-06-28)
[09:37:49]    새로운 감시 ETF 이익분배금 공시 없음
[09:42:50] 🔍 DART 공시 확인 중... (조회기간: 20260627 ~ 20260628)
[09:42:50]    총 0건의 주요사항보고 조회됨
[09:42:50]    배당 결정 공시 없음
[09:42:50] 🔍 KIND ETF 공시 확인 중... (조회기간: 2026-06-27 ~ 2026-06-28)
[09:42:50]    새로운 감시 ETF 이익분배금 공시 없음
[09:47:50] 🔍 DART 공시 확인 중... (조회기간: 20260627 ~ 20260628)
[09:47:50]    총 0건의 주요사항보고 조회됨
[09:47:50]    배당 결정 공시 없음
[09:47:51] 🔍 KIND ETF 공시 확인 중... (조회기간: 2026-06-27 ~ 2026-06-28)
[09:47:51]    새로운 감시 ETF 이익분배금 공시 없음
[09:52:51] 🔍 DART 공시 확인 중... (조회기간: 20260627 ~ 20260628)
[09:52:51]    총 0건의 주요사항보고 조회됨
[09:52:51]    배당 결정 공시 없음
[09:52:52] 🔍 KIND ETF 공시 확인 중... (조회기간: 2026-06-27 ~ 2026-06-28)
[09:52:52]    새로운 감시 ETF 이익분배금 공시 없음
[09:57:52] 🔍 DART 공시 확인 중... (조회기간: 20260627 ~ 20260628)
[09:57:52]    총 0건의 주요사항보고 조회됨
[09:57:52]    배당 결정 공시 없음
[09:57:52] 🔍 KIND ETF 공시 확인 중... (조회기간: 2026-06-27 ~ 2026-06-28)
[09:57:52]    새로운 감시 ETF 이익분배금 공시 없음
[10:02:53] 🔍 DART 공시 확인 중... (조회기간: 20260627 ~ 20260628)
[10:02:53]    총 0건의 주요사항보고 조회됨
[10:02:53]    배당 결정 공시 없음
[10:02:53] 🔍 KIND ETF 공시 확인 중... (조회기간: 2026-06-27 ~ 2026-06-28)
[10:02:53]    새로운 감시 ETF 이익분배금 공시 없음
[10:07:54] 🔍 DART 공시 확인 중... (조회기간: 20260627 ~ 20260628)
[10:07:54]    총 0건의 주요사항보고 조회됨
[10:07:54]    배당 결정 공시 없음
[10:07:54] 🔍 KIND ETF 공시 확인 중... (조회기간: 2026-06-27 ~ 2026-06-28)
[10:07:54]    새로운 감시 ETF 이익분배금 공시 없음
[10:12:55] 🔍 DART 공시 확인 중... (조회기간: 20260627 ~ 20260628)
[10:12:55]    총 0건의 주요사항보고 조회됨
[10:12:55]    배당 결정 공시 없음
[10:12:55] 🔍 KIND ETF 공시 확인 중... (조회기간: 2026-06-27 ~ 2026-06-28)
[10:12:55]    새로운 감시 ETF 이익분배금 공시 없음
[10:17:55] 🔍 DART 공시 확인 중... (조회기간: 20260627 ~ 20260628)
[10:17:55]    총 0건의 주요사항보고 조회됨
[10:17:55]    배당 결정 공시 없음
[10:17:56] 🔍 KIND ETF 공시 확인 중... (조회기간: 2026-06-27 ~ 2026-06-28)
[10:17:56]    새로운 감시 ETF 이익분배금 공시 없음
[10:22:56] 🔍 DART 공시 확인 중... (조회기간: 20260627 ~ 20260628)
[10:22:56]    총 0건의 주요사항보고 조회됨
[10:22:56]    배당 결정 공시 없음
[10:22:57] 🔍 KIND ETF 공시 확인 중... (조회기간: 2026-06-27 ~ 2026-06-28)
[10:22:57]    새로운 감시 ETF 이익분배금 공시 없음
[10:27:58] 🔍 DART 공시 확인 중... (조회기간: 20260627 ~ 20260628)
[10:27:58]    총 0건의 주요사항보고 조회됨
[10:27:58]    배당 결정 공시 없음
[10:27:58] 🔍 KIND ETF 공시 확인 중... (조회기간: 2026-06-27 ~ 2026-06-28)
[10:27:58]    새로운 감시 ETF 이익분배금 공시 없음
[10:32:59] 🔍 DART 공시 확인 중... (조회기간: 20260627 ~ 20260628)
[10:32:59]    총 0건의 주요사항보고 조회됨
[10:32:59]    배당 결정 공시 없음
[10:32:59] 🔍 KIND ETF 공시 확인 중... (조회기간: 2026-06-27 ~ 2026-06-28)
[10:32:59]    새로운 감시 ETF 이익분배금 공시 없음
[10:38:00] 🔍 DART 공시 확인 중... (조회기간: 20260627 ~ 20260628)
[10:38:00]    총 0건의 주요사항보고 조회됨
[10:38:00]    배당 결정 공시 없음
[10:38:00] 🔍 KIND ETF 공시 확인 중... (조회기간: 2026-06-27 ~ 2026-06-28)
[10:38:00]    새로운 감시 ETF 이익분배금 공시 없음
[10:43:01] 🔍 DART 공시 확인 중... (조회기간: 20260627 ~ 20260628)
[10:43:01]    총 0건의 주요사항보고 조회됨
[10:43:01]    배당 결정 공시 없음
[10:43:01] 🔍 KIND ETF 공시 확인 중... (조회기간: 2026-06-27 ~ 2026-06-28)
[10:43:01]    새로운 감시 ETF 이익분배금 공시 없음
[10:48:02] 🔍 DART 공시 확인 중... (조회기간: 20260627 ~ 20260628)
[10:48:02]    총 0건의 주요사항보고 조회됨
[10:48:02]    배당 결정 공시 없음
[10:48:02] 🔍 KIND ETF 공시 확인 중... (조회기간: 2026-06-27 ~ 2026-06-28)
[10:48:02]    새로운 감시 ETF 이익분배금 공시 없음
[10:53:02] 🔍 DART 공시 확인 중... (조회기간: 20260627 ~ 20260628)
[10:53:02]    총 0건의 주요사항보고 조회됨
[10:53:02]    배당 결정 공시 없음
[10:53:03] 🔍 KIND ETF 공시 확인 중... (조회기간: 2026-06-27 ~ 2026-06-28)
[10:53:03]    새로운 감시 ETF 이익분배금 공시 없음
[10:58:03] 🔍 DART 공시 확인 중... (조회기간: 20260627 ~ 20260628)
[10:58:03]    총 0건의 주요사항보고 조회됨
[10:58:03]    배당 결정 공시 없음
[10:58:04] 🔍 KIND ETF 공시 확인 중... (조회기간: 2026-06-27 ~ 2026-06-28)
[10:58:04]    새로운 감시 ETF 이익분배금 공시 없음
[11:03:04] 🔍 DART 공시 확인 중... (조회기간: 20260627 ~ 20260628)
[11:03:04]    총 0건의 주요사항보고 조회됨
[11:03:04]    배당 결정 공시 없음
[11:03:04] 🔍 KIND ETF 공시 확인 중... (조회기간: 2026-06-27 ~ 2026-06-28)
[11:03:04]    새로운 감시 ETF 이익분배금 공시 없음
[11:08:05] 🔍 DART 공시 확인 중... (조회기간: 20260627 ~ 20260628)
[11:08:05]    총 0건의 주요사항보고 조회됨
[11:08:05]    배당 결정 공시 없음
[11:08:05] 🔍 KIND ETF 공시 확인 중... (조회기간: 2026-06-27 ~ 2026-06-28)
[11:08:05]    새로운 감시 ETF 이익분배금 공시 없음
[11:13:06] 🔍 DART 공시 확인 중... (조회기간: 20260627 ~ 20260628)
[11:13:06]    총 0건의 주요사항보고 조회됨
[11:13:06]    배당 결정 공시 없음
[11:13:06] 🔍 KIND ETF 공시 확인 중... (조회기간: 2026-06-27 ~ 2026-06-28)
[11:13:06]    새로운 감시 ETF 이익분배금 공시 없음
[11:18:07] 🔍 DART 공시 확인 중... (조회기간: 20260627 ~ 20260628)
[11:18:07]    총 0건의 주요사항보고 조회됨
[11:18:07]    배당 결정 공시 없음
[11:18:08] 🔍 KIND ETF 공시 확인 중... (조회기간: 2026-06-27 ~ 2026-06-28)
[11:18:08]    새로운 감시 ETF 이익분배금 공시 없음
[11:23:08] 🔍 DART 공시 확인 중... (조회기간: 20260627 ~ 20260628)
[11:23:08]    총 0건의 주요사항보고 조회됨
[11:23:08]    배당 결정 공시 없음
[11:23:15] 🔍 KIND ETF 공시 확인 중... (조회기간: 2026-06-27 ~ 2026-06-28)
[11:23:15]    새로운 감시 ETF 이익분배금 공시 없음
[11:28:19] 🔍 DART 공시 확인 중... (조회기간: 20260627 ~ 20260628)
[11:28:19]    총 0건의 주요사항보고 조회됨
[11:28:19]    배당 결정 공시 없음
[11:28:20] 🔍 KIND ETF 공시 확인 중... (조회기간: 2026-06-27 ~ 2026-06-28)
[11:28:20]    새로운 감시 ETF 이익분배금 공시 없음
[11:33:21] 🔍 DART 공시 확인 중... (조회기간: 20260627 ~ 20260628)
[11:33:21]    총 0건의 주요사항보고 조회됨
[11:33:21]    배당 결정 공시 없음
[11:33:22] 🔍 KIND ETF 공시 확인 중... (조회기간: 2026-06-27 ~ 2026-06-28)
[11:33:22]    새로운 감시 ETF 이익분배금 공시 없음
[11:38:22] 🔍 DART 공시 확인 중... (조회기간: 20260627 ~ 20260628)
[11:38:22]    총 0건의 주요사항보고 조회됨
[11:38:22]    배당 결정 공시 없음
[11:38:23] 🔍 KIND ETF 공시 확인 중... (조회기간: 2026-06-27 ~ 2026-06-28)
[11:38:23]    새로운 감시 ETF 이익분배금 공시 없음
[11:43:24] 🔍 DART 공시 확인 중... (조회기간: 20260627 ~ 20260628)
[11:43:24]    총 0건의 주요사항보고 조회됨
[11:43:24]    배당 결정 공시 없음
[11:43:24] 🔍 KIND ETF 공시 확인 중... (조회기간: 2026-06-27 ~ 2026-06-28)
[11:43:24]    새로운 감시 ETF 이익분배금 공시 없음
[11:48:25] 🔍 DART 공시 확인 중... (조회기간: 20260627 ~ 20260628)
[11:48:25]    총 0건의 주요사항보고 조회됨
[11:48:25]    배당 결정 공시 없음
[11:48:26] 🔍 KIND ETF 공시 확인 중... (조회기간: 2026-06-27 ~ 2026-06-28)
[11:48:26]    새로운 감시 ETF 이익분배금 공시 없음
[11:53:26] 🔍 DART 공시 확인 중... (조회기간: 20260627 ~ 20260628)
[11:53:26]    총 0건의 주요사항보고 조회됨
[11:53:26]    배당 결정 공시 없음
[11:53:27] 🔍 KIND ETF 공시 확인 중... (조회기간: 2026-06-27 ~ 2026-06-28)
[11:53:27]    새로운 감시 ETF 이익분배금 공시 없음
[11:58:28] 🔍 DART 공시 확인 중... (조회기간: 20260627 ~ 20260628)
[11:58:28]    총 0건의 주요사항보고 조회됨
[11:58:28]    배당 결정 공시 없음
[11:58:28] 🔍 KIND ETF 공시 확인 중... (조회기간: 2026-06-27 ~ 2026-06-28)
[11:58:28]    새로운 감시 ETF 이익분배금 공시 없음
[12:03:29] 🔍 DART 공시 확인 중... (조회기간: 20260627 ~ 20260628)
[12:03:29]    총 0건의 주요사항보고 조회됨
[12:03:29]    배당 결정 공시 없음
[12:03:29] 🔍 KIND ETF 공시 확인 중... (조회기간: 2026-06-27 ~ 2026-06-28)
[12:03:29]    새로운 감시 ETF 이익분배금 공시 없음
[12:08:30] 🔍 DART 공시 확인 중... (조회기간: 20260627 ~ 20260628)
[12:08:30]    총 0건의 주요사항보고 조회됨
[12:08:30]    배당 결정 공시 없음
[12:08:31] 🔍 KIND ETF 공시 확인 중... (조회기간: 2026-06-27 ~ 2026-06-28)
[12:08:31]    새로운 감시 ETF 이익분배금 공시 없음
[12:13:32] 🔍 DART 공시 확인 중... (조회기간: 20260627 ~ 20260628)
[12:13:32]    총 0건의 주요사항보고 조회됨
[12:13:32]    배당 결정 공시 없음
[12:13:33] 🔍 KIND ETF 공시 확인 중... (조회기간: 2026-06-27 ~ 2026-06-28)
[12:13:33]    새로운 감시 ETF 이익분배금 공시 없음
[12:18:34] 🔍 DART 공시 확인 중... (조회기간: 20260627 ~ 20260628)
[12:18:34]    총 0건의 주요사항보고 조회됨
[12:18:34]    배당 결정 공시 없음
[12:18:34] 🔍 KIND ETF 공시 확인 중... (조회기간: 2026-06-27 ~ 2026-06-28)
[12:18:34]    새로운 감시 ETF 이익분배금 공시 없음
[12:23:36] 🔍 DART 공시 확인 중... (조회기간: 20260627 ~ 20260628)
[12:23:36]    총 0건의 주요사항보고 조회됨
[12:23:36]    배당 결정 공시 없음
[12:23:37] 🔍 KIND ETF 공시 확인 중... (조회기간: 2026-06-27 ~ 2026-06-28)
[12:23:37]    새로운 감시 ETF 이익분배금 공시 없음
[12:28:38] 🔍 DART 공시 확인 중... (조회기간: 20260627 ~ 20260628)
[12:28:38]    총 0건의 주요사항보고 조회됨
[12:28:38]    배당 결정 공시 없음
[12:28:39] 🔍 KIND ETF 공시 확인 중... (조회기간: 2026-06-27 ~ 2026-06-28)
[12:28:39]    새로운 감시 ETF 이익분배금 공시 없음
[12:33:39] 🔍 DART 공시 확인 중... (조회기간: 20260627 ~ 20260628)
[12:33:39]    총 0건의 주요사항보고 조회됨
[12:33:39]    배당 결정 공시 없음
[12:33:40] 🔍 KIND ETF 공시 확인 중... (조회기간: 2026-06-27 ~ 2026-06-28)
[12:33:40]    새로운 감시 ETF 이익분배금 공시 없음
[12:38:41] 🔍 DART 공시 확인 중... (조회기간: 20260627 ~ 20260628)
[12:38:41]    총 0건의 주요사항보고 조회됨
[12:38:41]    배당 결정 공시 없음
[12:38:42] 🔍 KIND ETF 공시 확인 중... (조회기간: 2026-06-27 ~ 2026-06-28)
[12:38:42]    새로운 감시 ETF 이익분배금 공시 없음
[12:43:43] 🔍 DART 공시 확인 중... (조회기간: 20260627 ~ 20260628)
[12:43:43]    총 0건의 주요사항보고 조회됨
[12:43:43]    배당 결정 공시 없음
[12:43:44] 🔍 KIND ETF 공시 확인 중... (조회기간: 2026-06-27 ~ 2026-06-28)
[12:43:44]    새로운 감시 ETF 이익분배금 공시 없음
[12:48:46] 🔍 DART 공시 확인 중... (조회기간: 20260627 ~ 20260628)
[12:48:46]    총 0건의 주요사항보고 조회됨
[12:48:46]    배당 결정 공시 없음
[12:48:48] 🔍 KIND ETF 공시 확인 중... (조회기간: 2026-06-27 ~ 2026-06-28)
[12:48:48]    새로운 감시 ETF 이익분배금 공시 없음
[12:53:50] 🔍 DART 공시 확인 중... (조회기간: 20260627 ~ 20260628)
[12:53:50]    총 0건의 주요사항보고 조회됨
[12:53:50]    배당 결정 공시 없음
[12:53:51] 🔍 KIND ETF 공시 확인 중... (조회기간: 2026-06-27 ~ 2026-06-28)
[12:53:51]    새로운 감시 ETF 이익분배금 공시 없음
[12:58:51] 🔍 DART 공시 확인 중... (조회기간: 20260627 ~ 20260628)
[12:58:51]    총 0건의 주요사항보고 조회됨
[12:58:51]    배당 결정 공시 없음
[12:58:52] 🔍 KIND ETF 공시 확인 중... (조회기간: 2026-06-27 ~ 2026-06-28)
[12:58:52]    새로운 감시 ETF 이익분배금 공시 없음
[13:03:53] 🔍 DART 공시 확인 중... (조회기간: 20260627 ~ 20260628)
[13:03:53]    총 0건의 주요사항보고 조회됨
[13:03:53]    배당 결정 공시 없음
[13:03:54] 🔍 KIND ETF 공시 확인 중... (조회기간: 2026-06-27 ~ 2026-06-28)
[13:03:54]    새로운 감시 ETF 이익분배금 공시 없음
[13:08:54] 🔍 DART 공시 확인 중... (조회기간: 20260627 ~ 20260628)
[13:08:54]    총 0건의 주요사항보고 조회됨
[13:08:54]    배당 결정 공시 없음
[13:08:55] 🔍 KIND ETF 공시 확인 중... (조회기간: 2026-06-27 ~ 2026-06-28)
[13:08:55]    새로운 감시 ETF 이익분배금 공시 없음
[13:13:56] 🔍 DART 공시 확인 중... (조회기간: 20260627 ~ 20260628)
[13:13:56]    총 0건의 주요사항보고 조회됨
[13:13:56]    배당 결정 공시 없음
[13:13:56] 🔍 KIND ETF 공시 확인 중... (조회기간: 2026-06-27 ~ 2026-06-28)
[13:13:56]    새로운 감시 ETF 이익분배금 공시 없음
[13:18:57] 🔍 DART 공시 확인 중... (조회기간: 20260627 ~ 20260628)
[13:18:57]    총 0건의 주요사항보고 조회됨
[13:18:57]    배당 결정 공시 없음
[13:18:57] 🔍 KIND ETF 공시 확인 중... (조회기간: 2026-06-27 ~ 2026-06-28)
[13:18:57]    새로운 감시 ETF 이익분배금 공시 없음
[13:23:58] 🔍 DART 공시 확인 중... (조회기간: 20260627 ~ 20260628)
[13:23:58]    총 0건의 주요사항보고 조회됨
[13:23:58]    배당 결정 공시 없음
[13:23:58] 🔍 KIND ETF 공시 확인 중... (조회기간: 2026-06-27 ~ 2026-06-28)
[13:23:58]    새로운 감시 ETF 이익분배금 공시 없음
[13:28:59] 🔍 DART 공시 확인 중... (조회기간: 20260627 ~ 20260628)
[13:28:59]    총 0건의 주요사항보고 조회됨
[13:28:59]    배당 결정 공시 없음
[13:29:00] 🔍 KIND ETF 공시 확인 중... (조회기간: 2026-06-27 ~ 2026-06-28)
[13:29:00]    새로운 감시 ETF 이익분배금 공시 없음
[13:34:01] 🔍 DART 공시 확인 중... (조회기간: 20260627 ~ 20260628)
[13:34:01]    총 0건의 주요사항보고 조회됨
[13:34:01]    배당 결정 공시 없음
[13:34:02] 🔍 KIND ETF 공시 확인 중... (조회기간: 2026-06-27 ~ 2026-06-28)
[13:34:02]    새로운 감시 ETF 이익분배금 공시 없음
[13:39:04] 🔍 DART 공시 확인 중... (조회기간: 20260627 ~ 20260628)
[13:39:04]    총 0건의 주요사항보고 조회됨
[13:39:04]    배당 결정 공시 없음
[13:39:06] 🔍 KIND ETF 공시 확인 중... (조회기간: 2026-06-27 ~ 2026-06-28)
[13:39:06]    새로운 감시 ETF 이익분배금 공시 없음
[13:44:07] 🔍 DART 공시 확인 중... (조회기간: 20260627 ~ 20260628)
[13:44:07]    총 0건의 주요사항보고 조회됨
[13:44:07]    배당 결정 공시 없음
[13:44:07] 🔍 KIND ETF 공시 확인 중... (조회기간: 2026-06-27 ~ 2026-06-28)
[13:44:07]    새로운 감시 ETF 이익분배금 공시 없음
[13:49:08] 🔍 DART 공시 확인 중... (조회기간: 20260627 ~ 20260628)
[13:49:08]    총 0건의 주요사항보고 조회됨
[13:49:08]    배당 결정 공시 없음
[13:49:09] 🔍 KIND ETF 공시 확인 중... (조회기간: 2026-06-27 ~ 2026-06-28)
[13:49:09]    새로운 감시 ETF 이익분배금 공시 없음
[13:54:11] 🔍 DART 공시 확인 중... (조회기간: 20260627 ~ 20260628)
[13:54:11]    총 0건의 주요사항보고 조회됨
[13:54:11]    배당 결정 공시 없음
[13:54:11] 🔍 KIND ETF 공시 확인 중... (조회기간: 2026-06-27 ~ 2026-06-28)
[13:54:11]    새로운 감시 ETF 이익분배금 공시 없음
[13:59:13] 🔍 DART 공시 확인 중... (조회기간: 20260627 ~ 20260628)
[13:59:13]    총 0건의 주요사항보고 조회됨
[13:59:13]    배당 결정 공시 없음
[13:59:13] 🔍 KIND ETF 공시 확인 중... (조회기간: 2026-06-27 ~ 2026-06-28)
[13:59:13]    새로운 감시 ETF 이익분배금 공시 없음
[14:04:14] 🔍 DART 공시 확인 중... (조회기간: 20260627 ~ 20260628)
[14:04:14]    총 0건의 주요사항보고 조회됨
[14:04:14]    배당 결정 공시 없음
[14:04:15] 🔍 KIND ETF 공시 확인 중... (조회기간: 2026-06-27 ~ 2026-06-28)
[14:04:15]    새로운 감시 ETF 이익분배금 공시 없음
[14:09:15] 🔍 DART 공시 확인 중... (조회기간: 20260627 ~ 20260628)
[14:09:15]    총 0건의 주요사항보고 조회됨
[14:09:15]    배당 결정 공시 없음
[14:09:16] 🔍 KIND ETF 공시 확인 중... (조회기간: 2026-06-27 ~ 2026-06-28)
[14:09:16]    새로운 감시 ETF 이익분배금 공시 없음
[14:14:17] 🔍 DART 공시 확인 중... (조회기간: 20260627 ~ 20260628)
[14:14:17]    총 0건의 주요사항보고 조회됨
[14:14:17]    배당 결정 공시 없음
[14:14:17] 🔍 KIND ETF 공시 확인 중... (조회기간: 2026-06-27 ~ 2026-06-28)
[14:14:17]    새로운 감시 ETF 이익분배금 공시 없음
[14:19:17] 🔍 DART 공시 확인 중... (조회기간: 20260627 ~ 20260628)
[14:19:17]    총 0건의 주요사항보고 조회됨
[14:19:17]    배당 결정 공시 없음
[14:19:18] 🔍 KIND ETF 공시 확인 중... (조회기간: 2026-06-27 ~ 2026-06-28)
[14:19:18]    새로운 감시 ETF 이익분배금 공시 없음
[14:24:19] 🔍 DART 공시 확인 중... (조회기간: 20260627 ~ 20260628)
[14:24:19]    총 0건의 주요사항보고 조회됨
[14:24:19]    배당 결정 공시 없음
[14:24:19] 🔍 KIND ETF 공시 확인 중... (조회기간: 2026-06-27 ~ 2026-06-28)
[14:24:19]    새로운 감시 ETF 이익분배금 공시 없음
[14:29:19] 🔍 DART 공시 확인 중... (조회기간: 20260627 ~ 20260628)
[14:29:19]    총 0건의 주요사항보고 조회됨
[14:29:19]    배당 결정 공시 없음
[14:29:20] 🔍 KIND ETF 공시 확인 중... (조회기간: 2026-06-27 ~ 2026-06-28)
[14:29:20]    새로운 감시 ETF 이익분배금 공시 없음
[14:34:20] 🔍 DART 공시 확인 중... (조회기간: 20260627 ~ 20260628)
[14:34:20]    총 0건의 주요사항보고 조회됨
[14:34:20]    배당 결정 공시 없음
[14:34:21] 🔍 KIND ETF 공시 확인 중... (조회기간: 2026-06-27 ~ 2026-06-28)
[14:34:21]    새로운 감시 ETF 이익분배금 공시 없음
[14:39:24] 🔍 DART 공시 확인 중... (조회기간: 20260627 ~ 20260628)
[14:39:24]    총 0건의 주요사항보고 조회됨
[14:39:24]    배당 결정 공시 없음
[14:39:24] 🔍 KIND ETF 공시 확인 중... (조회기간: 2026-06-27 ~ 2026-06-28)
[14:39:24]    새로운 감시 ETF 이익분배금 공시 없음
[14:44:25] 🔍 DART 공시 확인 중... (조회기간: 20260627 ~ 20260628)
[14:44:25]    총 0건의 주요사항보고 조회됨
[14:44:25]    배당 결정 공시 없음
[14:44:25] 🔍 KIND ETF 공시 확인 중... (조회기간: 2026-06-27 ~ 2026-06-28)
[14:44:25]    새로운 감시 ETF 이익분배금 공시 없음
[14:49:25] 🔍 DART 공시 확인 중... (조회기간: 20260627 ~ 20260628)
[14:49:25]    총 0건의 주요사항보고 조회됨
[14:49:25]    배당 결정 공시 없음
[14:49:26] 🔍 KIND ETF 공시 확인 중... (조회기간: 2026-06-27 ~ 2026-06-28)
[14:49:26]    새로운 감시 ETF 이익분배금 공시 없음
[14:54:27] 🔍 DART 공시 확인 중... (조회기간: 20260627 ~ 20260628)
[14:54:27]    총 0건의 주요사항보고 조회됨
[14:54:27]    배당 결정 공시 없음
[14:54:27] 🔍 KIND ETF 공시 확인 중... (조회기간: 2026-06-27 ~ 2026-06-28)
[14:54:27]    새로운 감시 ETF 이익분배금 공시 없음
[14:59:28] 🔍 DART 공시 확인 중... (조회기간: 20260627 ~ 20260628)
[14:59:28]    총 0건의 주요사항보고 조회됨
[14:59:28]    배당 결정 공시 없음
[14:59:29] 🔍 KIND ETF 공시 확인 중... (조회기간: 2026-06-27 ~ 2026-06-28)
[14:59:29]    새로운 감시 ETF 이익분배금 공시 없음
[15:04:29] 🔍 DART 공시 확인 중... (조회기간: 20260627 ~ 20260628)
[15:04:29]    총 0건의 주요사항보고 조회됨
[15:04:29]    배당 결정 공시 없음
[15:04:29] 🔍 KIND ETF 공시 확인 중... (조회기간: 2026-06-27 ~ 2026-06-28)
[15:04:29]    새로운 감시 ETF 이익분배금 공시 없음
[15:09:30] 🔍 DART 공시 확인 중... (조회기간: 20260627 ~ 20260628)
[15:09:30]    총 0건의 주요사항보고 조회됨
[15:09:30]    배당 결정 공시 없음
[15:09:30] 🔍 KIND ETF 공시 확인 중... (조회기간: 2026-06-27 ~ 2026-06-28)
[15:09:30]    새로운 감시 ETF 이익분배금 공시 없음
[15:14:31] 🔍 DART 공시 확인 중... (조회기간: 20260627 ~ 20260628)
[15:14:31]    총 0건의 주요사항보고 조회됨
[15:14:31]    배당 결정 공시 없음
[15:14:32] 🔍 KIND ETF 공시 확인 중... (조회기간: 2026-06-27 ~ 2026-06-28)
[15:14:32]    새로운 감시 ETF 이익분배금 공시 없음
[15:19:32] 🔍 DART 공시 확인 중... (조회기간: 20260627 ~ 20260628)
[15:19:32]    총 0건의 주요사항보고 조회됨
[15:19:32]    배당 결정 공시 없음
[15:19:33] 🔍 KIND ETF 공시 확인 중... (조회기간: 2026-06-27 ~ 2026-06-28)
[15:19:33]    새로운 감시 ETF 이익분배금 공시 없음
[15:24:33] 🔍 DART 공시 확인 중... (조회기간: 20260627 ~ 20260628)
[15:24:33]    총 0건의 주요사항보고 조회됨
[15:24:33]    배당 결정 공시 없음
[15:24:34] 🔍 KIND ETF 공시 확인 중... (조회기간: 2026-06-27 ~ 2026-06-28)
[15:24:34]    새로운 감시 ETF 이익분배금 공시 없음
[15:29:35] 🔍 DART 공시 확인 중... (조회기간: 20260627 ~ 20260628)
[15:29:35]    총 0건의 주요사항보고 조회됨
[15:29:35]    배당 결정 공시 없음
[15:29:36] 🔍 KIND ETF 공시 확인 중... (조회기간: 2026-06-27 ~ 2026-06-28)
[15:29:36]    새로운 감시 ETF 이익분배금 공시 없음
[15:34:36] 🔍 DART 공시 확인 중... (조회기간: 20260627 ~ 20260628)
[15:34:36]    총 0건의 주요사항보고 조회됨
[15:34:36]    배당 결정 공시 없음
[15:34:37] 🔍 KIND ETF 공시 확인 중... (조회기간: 2026-06-27 ~ 2026-06-28)
[15:34:37]    새로운 감시 ETF 이익분배금 공시 없음
[15:39:37] 🔍 DART 공시 확인 중... (조회기간: 20260627 ~ 20260628)
[15:39:37]    총 0건의 주요사항보고 조회됨
[15:39:37]    배당 결정 공시 없음
[15:39:38] 🔍 KIND ETF 공시 확인 중... (조회기간: 2026-06-27 ~ 2026-06-28)
[15:39:38]    새로운 감시 ETF 이익분배금 공시 없음
[15:44:38] 🔍 DART 공시 확인 중... (조회기간: 20260627 ~ 20260628)
[15:44:38]    총 0건의 주요사항보고 조회됨
[15:44:38]    배당 결정 공시 없음
[15:44:39] 🔍 KIND ETF 공시 확인 중... (조회기간: 2026-06-27 ~ 2026-06-28)
[15:44:39]    새로운 감시 ETF 이익분배금 공시 없음
[15:49:40] 🔍 DART 공시 확인 중... (조회기간: 20260627 ~ 20260628)
[15:49:40]    총 0건의 주요사항보고 조회됨
[15:49:40]    배당 결정 공시 없음
[15:49:40] 🔍 KIND ETF 공시 확인 중... (조회기간: 2026-06-27 ~ 2026-06-28)
[15:49:40]    새로운 감시 ETF 이익분배금 공시 없음
[15:54:41] 🔍 DART 공시 확인 중... (조회기간: 20260627 ~ 20260628)
[15:54:41]    총 0건의 주요사항보고 조회됨
[15:54:41]    배당 결정 공시 없음
[15:54:43] 🔍 KIND ETF 공시 확인 중... (조회기간: 2026-06-27 ~ 2026-06-28)
[15:54:43]    새로운 감시 ETF 이익분배금 공시 없음
[15:59:45] 🔍 DART 공시 확인 중... (조회기간: 20260627 ~ 20260628)
[15:59:45]    총 0건의 주요사항보고 조회됨
[15:59:45]    배당 결정 공시 없음
[15:59:46] 🔍 KIND ETF 공시 확인 중... (조회기간: 2026-06-27 ~ 2026-06-28)
[15:59:46]    새로운 감시 ETF 이익분배금 공시 없음
[16:04:47] 🔍 DART 공시 확인 중... (조회기간: 20260627 ~ 20260628)
[16:04:47]    총 0건의 주요사항보고 조회됨
[16:04:47]    배당 결정 공시 없음
[16:04:48] 🔍 KIND ETF 공시 확인 중... (조회기간: 2026-06-27 ~ 2026-06-28)
[16:04:48]    새로운 감시 ETF 이익분배금 공시 없음
[16:09:49] 🔍 DART 공시 확인 중... (조회기간: 20260627 ~ 20260628)
[16:09:49]    총 0건의 주요사항보고 조회됨
[16:09:49]    배당 결정 공시 없음
[16:09:50] 🔍 KIND ETF 공시 확인 중... (조회기간: 2026-06-27 ~ 2026-06-28)
[16:09:50]    새로운 감시 ETF 이익분배금 공시 없음
[16:14:51] 🔍 DART 공시 확인 중... (조회기간: 20260627 ~ 20260628)
[16:14:51]    총 0건의 주요사항보고 조회됨
[16:14:51]    배당 결정 공시 없음
[16:14:51] 🔍 KIND ETF 공시 확인 중... (조회기간: 2026-06-27 ~ 2026-06-28)
[16:14:51]    새로운 감시 ETF 이익분배금 공시 없음
[16:19:52] 🔍 DART 공시 확인 중... (조회기간: 20260627 ~ 20260628)
[16:19:52]    총 0건의 주요사항보고 조회됨
[16:19:52]    배당 결정 공시 없음
[16:19:53] 🔍 KIND ETF 공시 확인 중... (조회기간: 2026-06-27 ~ 2026-06-28)
[16:19:53]    새로운 감시 ETF 이익분배금 공시 없음
[16:24:54] 🔍 DART 공시 확인 중... (조회기간: 20260627 ~ 20260628)
[16:24:54]    총 0건의 주요사항보고 조회됨
[16:24:54]    배당 결정 공시 없음
[16:24:55] 🔍 KIND ETF 공시 확인 중... (조회기간: 2026-06-27 ~ 2026-06-28)
[16:24:55]    새로운 감시 ETF 이익분배금 공시 없음
[16:29:56] 🔍 DART 공시 확인 중... (조회기간: 20260627 ~ 20260628)
[16:29:56]    총 0건의 주요사항보고 조회됨
[16:29:56]    배당 결정 공시 없음
[16:29:56] 🔍 KIND ETF 공시 확인 중... (조회기간: 2026-06-27 ~ 2026-06-28)
[16:29:56]    새로운 감시 ETF 이익분배금 공시 없음
[16:34:57] 🔍 DART 공시 확인 중... (조회기간: 20260627 ~ 20260628)
[16:34:57]    총 0건의 주요사항보고 조회됨
[16:34:57]    배당 결정 공시 없음
[16:34:58] 🔍 KIND ETF 공시 확인 중... (조회기간: 2026-06-27 ~ 2026-06-28)
[16:34:58]    새로운 감시 ETF 이익분배금 공시 없음
[16:39:59] 🔍 DART 공시 확인 중... (조회기간: 20260627 ~ 20260628)
[16:39:59]    총 0건의 주요사항보고 조회됨
[16:39:59]    배당 결정 공시 없음
[16:40:00] 🔍 KIND ETF 공시 확인 중... (조회기간: 2026-06-27 ~ 2026-06-28)
[16:40:00]    새로운 감시 ETF 이익분배금 공시 없음
[16:45:00] 🔍 DART 공시 확인 중... (조회기간: 20260627 ~ 20260628)
[16:45:00]    총 0건의 주요사항보고 조회됨
[16:45:00]    배당 결정 공시 없음
[16:45:01] 🔍 KIND ETF 공시 확인 중... (조회기간: 2026-06-27 ~ 2026-06-28)
[16:45:01]    새로운 감시 ETF 이익분배금 공시 없음
[16:50:02] 🔍 DART 공시 확인 중... (조회기간: 20260627 ~ 20260628)
[16:50:02]    총 0건의 주요사항보고 조회됨
[16:50:02]    배당 결정 공시 없음
[16:50:02] 🔍 KIND ETF 공시 확인 중... (조회기간: 2026-06-27 ~ 2026-06-28)
[16:50:02]    새로운 감시 ETF 이익분배금 공시 없음
[16:55:02] 🔍 DART 공시 확인 중... (조회기간: 20260627 ~ 20260628)
[16:55:02]    총 0건의 주요사항보고 조회됨
[16:55:02]    배당 결정 공시 없음
[16:55:03] 🔍 KIND ETF 공시 확인 중... (조회기간: 2026-06-27 ~ 2026-06-28)
[16:55:03]    새로운 감시 ETF 이익분배금 공시 없음
[17:00:03] 🔍 DART 공시 확인 중... (조회기간: 20260627 ~ 20260628)
[17:00:03]    총 0건의 주요사항보고 조회됨
[17:00:03]    배당 결정 공시 없음
[17:00:03] 🔍 KIND ETF 공시 확인 중... (조회기간: 2026-06-27 ~ 2026-06-28)
[17:00:03]    새로운 감시 ETF 이익분배금 공시 없음
[17:05:04] 🔍 DART 공시 확인 중... (조회기간: 20260627 ~ 20260628)
[17:05:04]    총 0건의 주요사항보고 조회됨
[17:05:04]    배당 결정 공시 없음
[17:05:05] 🔍 KIND ETF 공시 확인 중... (조회기간: 2026-06-27 ~ 2026-06-28)
[17:05:05]    새로운 감시 ETF 이익분배금 공시 없음
[17:10:05] 🔍 DART 공시 확인 중... (조회기간: 20260627 ~ 20260628)
[17:10:05]    총 0건의 주요사항보고 조회됨
[17:10:05]    배당 결정 공시 없음
[17:10:06] 🔍 KIND ETF 공시 확인 중... (조회기간: 2026-06-27 ~ 2026-06-28)
[17:10:06]    새로운 감시 ETF 이익분배금 공시 없음
[17:15:07] 🔍 DART 공시 확인 중... (조회기간: 20260627 ~ 20260628)
[17:15:07]    총 0건의 주요사항보고 조회됨
[17:15:07]    배당 결정 공시 없음
[17:15:07] 🔍 KIND ETF 공시 확인 중... (조회기간: 2026-06-27 ~ 2026-06-28)
[17:15:07]    새로운 감시 ETF 이익분배금 공시 없음
[17:20:08] 🔍 DART 공시 확인 중... (조회기간: 20260627 ~ 20260628)
[17:20:08]    총 0건의 주요사항보고 조회됨
[17:20:08]    배당 결정 공시 없음
[17:20:09] 🔍 KIND ETF 공시 확인 중... (조회기간: 2026-06-27 ~ 2026-06-28)
[17:20:09]    새로운 감시 ETF 이익분배금 공시 없음
[17:25:09] 🔍 DART 공시 확인 중... (조회기간: 20260627 ~ 20260628)
[17:25:09]    총 0건의 주요사항보고 조회됨
[17:25:09]    배당 결정 공시 없음
[17:25:11] 🔍 KIND ETF 공시 확인 중... (조회기간: 2026-06-27 ~ 2026-06-28)
[17:25:11]    새로운 감시 ETF 이익분배금 공시 없음
[17:30:14] 🔍 DART 공시 확인 중... (조회기간: 20260627 ~ 20260628)
[17:30:14]    총 0건의 주요사항보고 조회됨
[17:30:14]    배당 결정 공시 없음
[17:30:14] 🔍 KIND ETF 공시 확인 중... (조회기간: 2026-06-27 ~ 2026-06-28)
[17:30:14]    새로운 감시 ETF 이익분배금 공시 없음
[17:35:15] 🔍 DART 공시 확인 중... (조회기간: 20260627 ~ 20260628)
[17:35:15]    총 0건의 주요사항보고 조회됨
[17:35:15]    배당 결정 공시 없음
[17:35:16] 🔍 KIND ETF 공시 확인 중... (조회기간: 2026-06-27 ~ 2026-06-28)
[17:35:16]    새로운 감시 ETF 이익분배금 공시 없음
[17:40:18] 🔍 DART 공시 확인 중... (조회기간: 20260627 ~ 20260628)
[17:40:18]    총 0건의 주요사항보고 조회됨
[17:40:18]    배당 결정 공시 없음
[17:40:20] 🔍 KIND ETF 공시 확인 중... (조회기간: 2026-06-27 ~ 2026-06-28)
[17:40:20]    새로운 감시 ETF 이익분배금 공시 없음
[17:45:23] 🔍 DART 공시 확인 중... (조회기간: 20260627 ~ 20260628)
[17:45:23]    총 0건의 주요사항보고 조회됨
[17:45:23]    배당 결정 공시 없음
[17:45:24] 🔍 KIND ETF 공시 확인 중... (조회기간: 2026-06-27 ~ 2026-06-28)
[17:45:24]    새로운 감시 ETF 이익분배금 공시 없음
[17:50:25] 🔍 DART 공시 확인 중... (조회기간: 20260627 ~ 20260628)
[17:50:25]    총 0건의 주요사항보고 조회됨
[17:50:25]    배당 결정 공시 없음
[17:50:25] 🔍 KIND ETF 공시 확인 중... (조회기간: 2026-06-27 ~ 2026-06-28)
[17:50:25]    새로운 감시 ETF 이익분배금 공시 없음
[17:55:26] 🔍 DART 공시 확인 중... (조회기간: 20260627 ~ 20260628)
[17:55:26]    총 0건의 주요사항보고 조회됨
[17:55:26]    배당 결정 공시 없음
[17:55:27] 🔍 KIND ETF 공시 확인 중... (조회기간: 2026-06-27 ~ 2026-06-28)
[17:55:27]    새로운 감시 ETF 이익분배금 공시 없음
[18:00:28] 🔍 DART 공시 확인 중... (조회기간: 20260627 ~ 20260628)
[18:00:28]    총 0건의 주요사항보고 조회됨
[18:00:28]    배당 결정 공시 없음
[18:00:28] 🔍 KIND ETF 공시 확인 중... (조회기간: 2026-06-27 ~ 2026-06-28)
[18:00:28]    새로운 감시 ETF 이익분배금 공시 없음
[18:05:29] 🔍 DART 공시 확인 중... (조회기간: 20260627 ~ 20260628)
[18:05:29]    총 0건의 주요사항보고 조회됨
[18:05:29]    배당 결정 공시 없음
[18:05:30] 🔍 KIND ETF 공시 확인 중... (조회기간: 2026-06-27 ~ 2026-06-28)
[18:05:30]    새로운 감시 ETF 이익분배금 공시 없음
[18:10:30] 🔍 DART 공시 확인 중... (조회기간: 20260627 ~ 20260628)
[18:10:30]    총 0건의 주요사항보고 조회됨
[18:10:30]    배당 결정 공시 없음
[18:10:31] 🔍 KIND ETF 공시 확인 중... (조회기간: 2026-06-27 ~ 2026-06-28)
[18:10:31]    새로운 감시 ETF 이익분배금 공시 없음
[18:15:32] 🔍 DART 공시 확인 중... (조회기간: 20260627 ~ 20260628)
[18:15:32]    총 0건의 주요사항보고 조회됨
[18:15:32]    배당 결정 공시 없음
[18:15:33] 🔍 KIND ETF 공시 확인 중... (조회기간: 2026-06-27 ~ 2026-06-28)
[18:15:33]    새로운 감시 ETF 이익분배금 공시 없음
[18:20:33] 🔍 DART 공시 확인 중... (조회기간: 20260627 ~ 20260628)
[18:20:33]    총 0건의 주요사항보고 조회됨
[18:20:33]    배당 결정 공시 없음
[18:20:34] 🔍 KIND ETF 공시 확인 중... (조회기간: 2026-06-27 ~ 2026-06-28)
[18:20:34]    새로운 감시 ETF 이익분배금 공시 없음
[18:25:35] 🔍 DART 공시 확인 중... (조회기간: 20260627 ~ 20260628)
[18:25:35]    총 0건의 주요사항보고 조회됨
[18:25:35]    배당 결정 공시 없음
[18:25:35] 🔍 KIND ETF 공시 확인 중... (조회기간: 2026-06-27 ~ 2026-06-28)
[18:25:35]    새로운 감시 ETF 이익분배금 공시 없음
[18:30:36] 🔍 DART 공시 확인 중... (조회기간: 20260627 ~ 20260628)
[18:30:36]    총 0건의 주요사항보고 조회됨
[18:30:36]    배당 결정 공시 없음
[18:30:37] 🔍 KIND ETF 공시 확인 중... (조회기간: 2026-06-27 ~ 2026-06-28)
[18:30:37]    새로운 감시 ETF 이익분배금 공시 없음
[18:35:38] 🔍 DART 공시 확인 중... (조회기간: 20260627 ~ 20260628)
[18:35:38]    총 0건의 주요사항보고 조회됨
[18:35:38]    배당 결정 공시 없음
[18:35:38] 🔍 KIND ETF 공시 확인 중... (조회기간: 2026-06-27 ~ 2026-06-28)
[18:35:38]    새로운 감시 ETF 이익분배금 공시 없음
[18:40:39] 🔍 DART 공시 확인 중... (조회기간: 20260627 ~ 20260628)
[18:40:39]    총 0건의 주요사항보고 조회됨
[18:40:39]    배당 결정 공시 없음
[18:40:40] 🔍 KIND ETF 공시 확인 중... (조회기간: 2026-06-27 ~ 2026-06-28)
[18:40:40]    새로운 감시 ETF 이익분배금 공시 없음
[18:45:40] 🔍 DART 공시 확인 중... (조회기간: 20260627 ~ 20260628)
[18:45:40]    총 0건의 주요사항보고 조회됨
[18:45:40]    배당 결정 공시 없음
[18:45:44] 🔍 KIND ETF 공시 확인 중... (조회기간: 2026-06-27 ~ 2026-06-28)
[18:45:44]    새로운 감시 ETF 이익분배금 공시 없음
[18:50:45] 🔍 DART 공시 확인 중... (조회기간: 20260627 ~ 20260628)
[18:50:45]    총 0건의 주요사항보고 조회됨
[18:50:45]    배당 결정 공시 없음
[18:50:47] 🔍 KIND ETF 공시 확인 중... (조회기간: 2026-06-27 ~ 2026-06-28)
[18:50:47]    새로운 감시 ETF 이익분배금 공시 없음
[18:55:49] 🔍 DART 공시 확인 중... (조회기간: 20260627 ~ 20260628)
[18:55:49]    총 0건의 주요사항보고 조회됨
[18:55:49]    배당 결정 공시 없음
[18:55:51] 🔍 KIND ETF 공시 확인 중... (조회기간: 2026-06-27 ~ 2026-06-28)
[18:55:51]    새로운 감시 ETF 이익분배금 공시 없음
[19:00:52] 🔍 DART 공시 확인 중... (조회기간: 20260627 ~ 20260628)
[19:00:52]    총 0건의 주요사항보고 조회됨
[19:00:52]    배당 결정 공시 없음
[19:00:53] 🔍 KIND ETF 공시 확인 중... (조회기간: 2026-06-27 ~ 2026-06-28)
[19:00:53]    새로운 감시 ETF 이익분배금 공시 없음
[19:05:54] 🔍 DART 공시 확인 중... (조회기간: 20260627 ~ 20260628)
[19:05:54]    총 0건의 주요사항보고 조회됨
[19:05:54]    배당 결정 공시 없음
[19:05:56] 🔍 KIND ETF 공시 확인 중... (조회기간: 2026-06-27 ~ 2026-06-28)
[19:05:56]    새로운 감시 ETF 이익분배금 공시 없음
[19:10:58] 🔍 DART 공시 확인 중... (조회기간: 20260627 ~ 20260628)
[19:10:58]    총 0건의 주요사항보고 조회됨
[19:10:58]    배당 결정 공시 없음
[19:10:59] 🔍 KIND ETF 공시 확인 중... (조회기간: 2026-06-27 ~ 2026-06-28)
[19:10:59]    새로운 감시 ETF 이익분배금 공시 없음
[19:16:01] 🔍 DART 공시 확인 중... (조회기간: 20260627 ~ 20260628)
[19:16:01]    총 0건의 주요사항보고 조회됨
[19:16:01]    배당 결정 공시 없음
[19:16:04] 🔍 KIND ETF 공시 확인 중... (조회기간: 2026-06-27 ~ 2026-06-28)
[19:16:04]    새로운 감시 ETF 이익분배금 공시 없음
[19:21:07] 🔍 DART 공시 확인 중... (조회기간: 20260627 ~ 20260628)
[19:21:07]    총 0건의 주요사항보고 조회됨
[19:21:07]    배당 결정 공시 없음
[19:21:09] 🔍 KIND ETF 공시 확인 중... (조회기간: 2026-06-27 ~ 2026-06-28)
[19:21:09]    새로운 감시 ETF 이익분배금 공시 없음
[19:26:10] 🔍 DART 공시 확인 중... (조회기간: 20260627 ~ 20260628)
[19:26:10]    총 0건의 주요사항보고 조회됨
[19:26:10]    배당 결정 공시 없음
[19:26:11] 🔍 KIND ETF 공시 확인 중... (조회기간: 2026-06-27 ~ 2026-06-28)
[19:26:11]    새로운 감시 ETF 이익분배금 공시 없음
[19:31:11] 🔍 DART 공시 확인 중... (조회기간: 20260627 ~ 20260628)
[19:31:11]    총 0건의 주요사항보고 조회됨
[19:31:11]    배당 결정 공시 없음
[19:31:13] 🔍 KIND ETF 공시 확인 중... (조회기간: 2026-06-27 ~ 2026-06-28)
[19:31:13]    새로운 감시 ETF 이익분배금 공시 없음
[19:36:16] 🔍 DART 공시 확인 중... (조회기간: 20260627 ~ 20260628)
[19:36:16]    총 0건의 주요사항보고 조회됨
[19:36:16]    배당 결정 공시 없음
[19:36:16] 🔍 KIND ETF 공시 확인 중... (조회기간: 2026-06-27 ~ 2026-06-28)
[19:36:16]    새로운 감시 ETF 이익분배금 공시 없음
[19:41:17] 🔍 DART 공시 확인 중... (조회기간: 20260627 ~ 20260628)
[19:41:17]    총 0건의 주요사항보고 조회됨
[19:41:17]    배당 결정 공시 없음
[19:41:18] 🔍 KIND ETF 공시 확인 중... (조회기간: 2026-06-27 ~ 2026-06-28)
[19:41:18]    새로운 감시 ETF 이익분배금 공시 없음
[19:46:19] 🔍 DART 공시 확인 중... (조회기간: 20260627 ~ 20260628)
[19:46:19]    총 0건의 주요사항보고 조회됨
[19:46:19]    배당 결정 공시 없음
[19:46:19] 🔍 KIND ETF 공시 확인 중... (조회기간: 2026-06-27 ~ 2026-06-28)
[19:46:19]    새로운 감시 ETF 이익분배금 공시 없음
[19:51:20] 🔍 DART 공시 확인 중... (조회기간: 20260627 ~ 20260628)
[19:51:20]    총 0건의 주요사항보고 조회됨
[19:51:20]    배당 결정 공시 없음
[19:51:21] 🔍 KIND ETF 공시 확인 중... (조회기간: 2026-06-27 ~ 2026-06-28)
[19:51:21]    새로운 감시 ETF 이익분배금 공시 없음
[19:56:21] 🔍 DART 공시 확인 중... (조회기간: 20260627 ~ 20260628)
[19:56:21]    총 0건의 주요사항보고 조회됨
[19:56:21]    배당 결정 공시 없음
[19:56:22] 🔍 KIND ETF 공시 확인 중... (조회기간: 2026-06-27 ~ 2026-06-28)
[19:56:22]    새로운 감시 ETF 이익분배금 공시 없음
[20:01:23] 🔍 DART 공시 확인 중... (조회기간: 20260627 ~ 20260628)
[20:01:23]    총 0건의 주요사항보고 조회됨
[20:01:23]    배당 결정 공시 없음
[20:01:23] 🔍 KIND ETF 공시 확인 중... (조회기간: 2026-06-27 ~ 2026-06-28)
[20:01:23]    새로운 감시 ETF 이익분배금 공시 없음
[20:06:24] 🔍 DART 공시 확인 중... (조회기간: 20260627 ~ 20260628)
[20:06:24]    총 0건의 주요사항보고 조회됨
[20:06:24]    배당 결정 공시 없음
[20:06:25] 🔍 KIND ETF 공시 확인 중... (조회기간: 2026-06-27 ~ 2026-06-28)
[20:06:25]    새로운 감시 ETF 이익분배금 공시 없음
[20:11:26] 🔍 DART 공시 확인 중... (조회기간: 20260627 ~ 20260628)
[20:11:26]    총 0건의 주요사항보고 조회됨
[20:11:26]    배당 결정 공시 없음
[20:11:26] 🔍 KIND ETF 공시 확인 중... (조회기간: 2026-06-27 ~ 2026-06-28)
[20:11:26]    새로운 감시 ETF 이익분배금 공시 없음
[20:16:28] 🔍 DART 공시 확인 중... (조회기간: 20260627 ~ 20260628)
[20:16:28]    총 0건의 주요사항보고 조회됨
[20:16:28]    배당 결정 공시 없음
[20:16:28] 🔍 KIND ETF 공시 확인 중... (조회기간: 2026-06-27 ~ 2026-06-28)
[20:16:28]    새로운 감시 ETF 이익분배금 공시 없음
[20:21:29] 🔍 DART 공시 확인 중... (조회기간: 20260627 ~ 20260628)
[20:21:29]    총 0건의 주요사항보고 조회됨
[20:21:29]    배당 결정 공시 없음
[20:21:31] 🔍 KIND ETF 공시 확인 중... (조회기간: 2026-06-27 ~ 2026-06-28)
[20:21:31]    새로운 감시 ETF 이익분배금 공시 없음
[20:26:32] 🔍 DART 공시 확인 중... (조회기간: 20260627 ~ 20260628)
[20:26:32]    총 0건의 주요사항보고 조회됨
[20:26:32]    배당 결정 공시 없음
[20:26:33] 🔍 KIND ETF 공시 확인 중... (조회기간: 2026-06-27 ~ 2026-06-28)
[20:26:33]    새로운 감시 ETF 이익분배금 공시 없음
[20:31:33] 🔍 DART 공시 확인 중... (조회기간: 20260627 ~ 20260628)
[20:31:33]    총 0건의 주요사항보고 조회됨
[20:31:33]    배당 결정 공시 없음
[20:31:34] 🔍 KIND ETF 공시 확인 중... (조회기간: 2026-06-27 ~ 2026-06-28)
[20:31:34]    새로운 감시 ETF 이익분배금 공시 없음
[20:36:35] 🔍 DART 공시 확인 중... (조회기간: 20260627 ~ 20260628)
[20:36:35]    총 0건의 주요사항보고 조회됨
[20:36:35]    배당 결정 공시 없음
[20:36:38] 🔍 KIND ETF 공시 확인 중... (조회기간: 2026-06-27 ~ 2026-06-28)
[20:36:38]    새로운 감시 ETF 이익분배금 공시 없음
[20:41:41] 🔍 DART 공시 확인 중... (조회기간: 20260627 ~ 20260628)
[20:41:41]    총 0건의 주요사항보고 조회됨
[20:41:41]    배당 결정 공시 없음
[20:41:42] 🔍 KIND ETF 공시 확인 중... (조회기간: 2026-06-27 ~ 2026-06-28)
[20:41:42]    새로운 감시 ETF 이익분배금 공시 없음
[20:46:43] 🔍 DART 공시 확인 중... (조회기간: 20260627 ~ 20260628)
[20:46:43]    총 0건의 주요사항보고 조회됨
[20:46:43]    배당 결정 공시 없음
[20:46:44] 🔍 KIND ETF 공시 확인 중... (조회기간: 2026-06-27 ~ 2026-06-28)
[20:46:44]    새로운 감시 ETF 이익분배금 공시 없음
[20:51:44] 🔍 DART 공시 확인 중... (조회기간: 20260627 ~ 20260628)
[20:51:44]    총 0건의 주요사항보고 조회됨
[20:51:44]    배당 결정 공시 없음
[20:51:45] 🔍 KIND ETF 공시 확인 중... (조회기간: 2026-06-27 ~ 2026-06-28)
[20:51:45]    새로운 감시 ETF 이익분배금 공시 없음
[20:56:46] 🔍 DART 공시 확인 중... (조회기간: 20260627 ~ 20260628)
[20:56:46]    총 0건의 주요사항보고 조회됨
[20:56:46]    배당 결정 공시 없음
[20:56:46] 🔍 KIND ETF 공시 확인 중... (조회기간: 2026-06-27 ~ 2026-06-28)
[20:56:46]    새로운 감시 ETF 이익분배금 공시 없음
[21:01:47] 🔍 DART 공시 확인 중... (조회기간: 20260627 ~ 20260628)
[21:01:47]    총 0건의 주요사항보고 조회됨
[21:01:47]    배당 결정 공시 없음
[21:01:48] 🔍 KIND ETF 공시 확인 중... (조회기간: 2026-06-27 ~ 2026-06-28)
[21:01:48]    새로운 감시 ETF 이익분배금 공시 없음
[21:06:49] 🔍 DART 공시 확인 중... (조회기간: 20260627 ~ 20260628)
[21:06:49]    총 0건의 주요사항보고 조회됨
[21:06:49]    배당 결정 공시 없음
[21:06:50] 🔍 KIND ETF 공시 확인 중... (조회기간: 2026-06-27 ~ 2026-06-28)
[21:06:50]    새로운 감시 ETF 이익분배금 공시 없음
[21:11:50] 🔍 DART 공시 확인 중... (조회기간: 20260627 ~ 20260628)
[21:11:50]    총 0건의 주요사항보고 조회됨
[21:11:50]    배당 결정 공시 없음
[21:11:51] 🔍 KIND ETF 공시 확인 중... (조회기간: 2026-06-27 ~ 2026-06-28)
[21:11:51]    새로운 감시 ETF 이익분배금 공시 없음
[21:16:52] 🔍 DART 공시 확인 중... (조회기간: 20260627 ~ 20260628)
[21:16:52]    총 0건의 주요사항보고 조회됨
[21:16:52]    배당 결정 공시 없음
[21:16:53] 🔍 KIND ETF 공시 확인 중... (조회기간: 2026-06-27 ~ 2026-06-28)
[21:16:53]    새로운 감시 ETF 이익분배금 공시 없음
[21:21:53] 🔍 DART 공시 확인 중... (조회기간: 20260627 ~ 20260628)
[21:21:53]    총 0건의 주요사항보고 조회됨
[21:21:53]    배당 결정 공시 없음
[21:21:54] 🔍 KIND ETF 공시 확인 중... (조회기간: 2026-06-27 ~ 2026-06-28)
[21:21:54]    새로운 감시 ETF 이익분배금 공시 없음
[21:26:55] 🔍 DART 공시 확인 중... (조회기간: 20260627 ~ 20260628)
[21:26:55]    총 0건의 주요사항보고 조회됨
[21:26:55]    배당 결정 공시 없음
[21:26:55] 🔍 KIND ETF 공시 확인 중... (조회기간: 2026-06-27 ~ 2026-06-28)
[21:26:55]    새로운 감시 ETF 이익분배금 공시 없음
[21:31:56] 🔍 DART 공시 확인 중... (조회기간: 20260627 ~ 20260628)
[21:31:56]    총 0건의 주요사항보고 조회됨
[21:31:56]    배당 결정 공시 없음
[21:31:57] 🔍 KIND ETF 공시 확인 중... (조회기간: 2026-06-27 ~ 2026-06-28)
[21:31:57]    새로운 감시 ETF 이익분배금 공시 없음
[21:36:58] 🔍 DART 공시 확인 중... (조회기간: 20260627 ~ 20260628)
[21:36:58]    총 0건의 주요사항보고 조회됨
[21:36:58]    배당 결정 공시 없음
[21:36:59] 🔍 KIND ETF 공시 확인 중... (조회기간: 2026-06-27 ~ 2026-06-28)
[21:36:59]    새로운 감시 ETF 이익분배금 공시 없음
[21:42:00] 🔍 DART 공시 확인 중... (조회기간: 20260627 ~ 20260628)
[21:42:00]    총 0건의 주요사항보고 조회됨
[21:42:00]    배당 결정 공시 없음
[21:42:01] 🔍 KIND ETF 공시 확인 중... (조회기간: 2026-06-27 ~ 2026-06-28)
[21:42:01]    새로운 감시 ETF 이익분배금 공시 없음
[21:47:02] 🔍 DART 공시 확인 중... (조회기간: 20260627 ~ 20260628)
[21:47:02]    총 0건의 주요사항보고 조회됨
[21:47:02]    배당 결정 공시 없음
[21:47:04] 🔍 KIND ETF 공시 확인 중... (조회기간: 2026-06-27 ~ 2026-06-28)
[21:47:04]    새로운 감시 ETF 이익분배금 공시 없음
[21:52:05] 🔍 DART 공시 확인 중... (조회기간: 20260627 ~ 20260628)
[21:52:05]    총 0건의 주요사항보고 조회됨
[21:52:05]    배당 결정 공시 없음
[21:52:05] 🔍 KIND ETF 공시 확인 중... (조회기간: 2026-06-27 ~ 2026-06-28)
[21:52:05]    새로운 감시 ETF 이익분배금 공시 없음
[21:57:06] 🔍 DART 공시 확인 중... (조회기간: 20260627 ~ 20260628)
[21:57:06]    총 0건의 주요사항보고 조회됨
[21:57:06]    배당 결정 공시 없음
[21:57:07] 🔍 KIND ETF 공시 확인 중... (조회기간: 2026-06-27 ~ 2026-06-28)
[21:57:07]    새로운 감시 ETF 이익분배금 공시 없음
[22:02:07] 🔍 DART 공시 확인 중... (조회기간: 20260627 ~ 20260628)
[22:02:07]    총 0건의 주요사항보고 조회됨
[22:02:07]    배당 결정 공시 없음
[22:02:08] 🔍 KIND ETF 공시 확인 중... (조회기간: 2026-06-27 ~ 2026-06-28)
[22:02:08]    새로운 감시 ETF 이익분배금 공시 없음
[22:07:09] 🔍 DART 공시 확인 중... (조회기간: 20260627 ~ 20260628)
[22:07:09]    총 0건의 주요사항보고 조회됨
[22:07:09]    배당 결정 공시 없음
[22:07:09] 🔍 KIND ETF 공시 확인 중... (조회기간: 2026-06-27 ~ 2026-06-28)
[22:07:09]    새로운 감시 ETF 이익분배금 공시 없음
[22:12:10] 🔍 DART 공시 확인 중... (조회기간: 20260627 ~ 20260628)
[22:12:10]    총 0건의 주요사항보고 조회됨
[22:12:10]    배당 결정 공시 없음
[22:12:11] 🔍 KIND ETF 공시 확인 중... (조회기간: 2026-06-27 ~ 2026-06-28)
[22:12:11]    새로운 감시 ETF 이익분배금 공시 없음
[22:17:11] 🔍 DART 공시 확인 중... (조회기간: 20260627 ~ 20260628)
[22:17:11]    총 0건의 주요사항보고 조회됨
[22:17:11]    배당 결정 공시 없음
[22:17:12] 🔍 KIND ETF 공시 확인 중... (조회기간: 2026-06-27 ~ 2026-06-28)
[22:17:12]    새로운 감시 ETF 이익분배금 공시 없음
[22:22:13] 🔍 DART 공시 확인 중... (조회기간: 20260627 ~ 20260628)
[22:22:13]    총 0건의 주요사항보고 조회됨
[22:22:13]    배당 결정 공시 없음
[22:22:14] 🔍 KIND ETF 공시 확인 중... (조회기간: 2026-06-27 ~ 2026-06-28)
[22:22:14]    새로운 감시 ETF 이익분배금 공시 없음
[22:27:14] 🔍 DART 공시 확인 중... (조회기간: 20260627 ~ 20260628)
[22:27:14]    총 0건의 주요사항보고 조회됨
[22:27:14]    배당 결정 공시 없음
[22:27:15] 🔍 KIND ETF 공시 확인 중... (조회기간: 2026-06-27 ~ 2026-06-28)
[22:27:15]    새로운 감시 ETF 이익분배금 공시 없음
[22:32:16] 🔍 DART 공시 확인 중... (조회기간: 20260627 ~ 20260628)
[22:32:16]    총 0건의 주요사항보고 조회됨
[22:32:16]    배당 결정 공시 없음
[22:32:16] 🔍 KIND ETF 공시 확인 중... (조회기간: 2026-06-27 ~ 2026-06-28)
[22:32:16]    새로운 감시 ETF 이익분배금 공시 없음
[22:37:17] 🔍 DART 공시 확인 중... (조회기간: 20260627 ~ 20260628)
[22:37:17]    총 0건의 주요사항보고 조회됨
[22:37:17]    배당 결정 공시 없음
[22:37:18] 🔍 KIND ETF 공시 확인 중... (조회기간: 2026-06-27 ~ 2026-06-28)
[22:37:18]    새로운 감시 ETF 이익분배금 공시 없음
[22:42:18] 🔍 DART 공시 확인 중... (조회기간: 20260627 ~ 20260628)
[22:42:18]    총 0건의 주요사항보고 조회됨
[22:42:18]    배당 결정 공시 없음
[22:42:19] 🔍 KIND ETF 공시 확인 중... (조회기간: 2026-06-27 ~ 2026-06-28)
[22:42:19]    새로운 감시 ETF 이익분배금 공시 없음
[22:47:20] 🔍 DART 공시 확인 중... (조회기간: 20260627 ~ 20260628)
[22:47:20]    총 0건의 주요사항보고 조회됨
[22:47:20]    배당 결정 공시 없음
[22:47:20] 🔍 KIND ETF 공시 확인 중... (조회기간: 2026-06-27 ~ 2026-06-28)
[22:47:20]    새로운 감시 ETF 이익분배금 공시 없음
[22:52:21] 🔍 DART 공시 확인 중... (조회기간: 20260627 ~ 20260628)
[22:52:21]    총 0건의 주요사항보고 조회됨
[22:52:21]    배당 결정 공시 없음
[22:52:22] 🔍 KIND ETF 공시 확인 중... (조회기간: 2026-06-27 ~ 2026-06-28)
[22:52:22]    새로운 감시 ETF 이익분배금 공시 없음
[22:57:23] 🔍 DART 공시 확인 중... (조회기간: 20260627 ~ 20260628)
[22:57:23]    총 0건의 주요사항보고 조회됨
[22:57:23]    배당 결정 공시 없음
[22:57:23] 🔍 KIND ETF 공시 확인 중... (조회기간: 2026-06-27 ~ 2026-06-28)
[22:57:23]    새로운 감시 ETF 이익분배금 공시 없음
[23:02:24] 🔍 DART 공시 확인 중... (조회기간: 20260627 ~ 20260628)
[23:02:24]    총 0건의 주요사항보고 조회됨
[23:02:24]    배당 결정 공시 없음
[23:02:24] 🔍 KIND ETF 공시 확인 중... (조회기간: 2026-06-27 ~ 2026-06-28)
[23:02:24]    새로운 감시 ETF 이익분배금 공시 없음
[23:07:25] 🔍 DART 공시 확인 중... (조회기간: 20260627 ~ 20260628)
[23:07:25]    총 0건의 주요사항보고 조회됨
[23:07:25]    배당 결정 공시 없음
[23:07:25] 🔍 KIND ETF 공시 확인 중... (조회기간: 2026-06-27 ~ 2026-06-28)
[23:07:25]    새로운 감시 ETF 이익분배금 공시 없음
[23:12:26] 🔍 DART 공시 확인 중... (조회기간: 20260627 ~ 20260628)
[23:12:26]    총 0건의 주요사항보고 조회됨
[23:12:26]    배당 결정 공시 없음
[23:12:26] 🔍 KIND ETF 공시 확인 중... (조회기간: 2026-06-27 ~ 2026-06-28)
[23:12:26]    새로운 감시 ETF 이익분배금 공시 없음
[23:17:26] 🔍 DART 공시 확인 중... (조회기간: 20260627 ~ 20260628)
[23:17:26]    총 0건의 주요사항보고 조회됨
[23:17:26]    배당 결정 공시 없음
[23:17:27] 🔍 KIND ETF 공시 확인 중... (조회기간: 2026-06-27 ~ 2026-06-28)
[23:17:27]    새로운 감시 ETF 이익분배금 공시 없음
[23:22:27] 🔍 DART 공시 확인 중... (조회기간: 20260627 ~ 20260628)
[23:22:27]    총 0건의 주요사항보고 조회됨
[23:22:27]    배당 결정 공시 없음
[23:22:28] 🔍 KIND ETF 공시 확인 중... (조회기간: 2026-06-27 ~ 2026-06-28)
[23:22:28]    새로운 감시 ETF 이익분배금 공시 없음
[23:27:28] 🔍 DART 공시 확인 중... (조회기간: 20260627 ~ 20260628)
[23:27:28]    총 0건의 주요사항보고 조회됨
[23:27:28]    배당 결정 공시 없음
[23:27:28] 🔍 KIND ETF 공시 확인 중... (조회기간: 2026-06-27 ~ 2026-06-28)
[23:27:28]    새로운 감시 ETF 이익분배금 공시 없음
[23:32:29] 🔍 DART 공시 확인 중... (조회기간: 20260627 ~ 20260628)
[23:32:29]    총 0건의 주요사항보고 조회됨
[23:32:29]    배당 결정 공시 없음
[23:32:29] 🔍 KIND ETF 공시 확인 중... (조회기간: 2026-06-27 ~ 2026-06-28)
[23:32:29]    새로운 감시 ETF 이익분배금 공시 없음
[23:37:29] 🔍 DART 공시 확인 중... (조회기간: 20260627 ~ 20260628)
[23:37:29]    총 0건의 주요사항보고 조회됨
[23:37:29]    배당 결정 공시 없음
[23:37:30] 🔍 KIND ETF 공시 확인 중... (조회기간: 2026-06-27 ~ 2026-06-28)
[23:37:30]    새로운 감시 ETF 이익분배금 공시 없음
[23:42:30] 🔍 DART 공시 확인 중... (조회기간: 20260627 ~ 20260628)
[23:42:30]    총 0건의 주요사항보고 조회됨
[23:42:30]    배당 결정 공시 없음
[23:42:31] 🔍 KIND ETF 공시 확인 중... (조회기간: 2026-06-27 ~ 2026-06-28)
[23:42:31]    새로운 감시 ETF 이익분배금 공시 없음
[23:47:31] 🔍 DART 공시 확인 중... (조회기간: 20260627 ~ 20260628)
[23:47:31]    총 0건의 주요사항보고 조회됨
[23:47:31]    배당 결정 공시 없음
[23:47:31] 🔍 KIND ETF 공시 확인 중... (조회기간: 2026-06-27 ~ 2026-06-28)
[23:47:31]    새로운 감시 ETF 이익분배금 공시 없음
[23:52:32] 🔍 DART 공시 확인 중... (조회기간: 20260627 ~ 20260628)
[23:52:32]    총 0건의 주요사항보고 조회됨
[23:52:32]    배당 결정 공시 없음
[23:52:32] 🔍 KIND ETF 공시 확인 중... (조회기간: 2026-06-27 ~ 2026-06-28)
[23:52:32]    새로운 감시 ETF 이익분배금 공시 없음
[23:57:33] 🔍 DART 공시 확인 중... (조회기간: 20260627 ~ 20260628)
[23:57:33]    총 0건의 주요사항보고 조회됨
[23:57:33]    배당 결정 공시 없음
[23:57:33] 🔍 KIND ETF 공시 확인 중... (조회기간: 2026-06-27 ~ 2026-06-28)
[23:57:33]    새로운 감시 ETF 이익분배금 공시 없음
[00:02:33] 🔍 DART 공시 확인 중... (조회기간: 20260628 ~ 20260629)
[00:02:33]    총 4건의 주요사항보고 조회됨
[00:02:33]    배당 결정 공시 없음
[00:02:34] 🔍 KIND ETF 공시 확인 중... (조회기간: 2026-06-28 ~ 2026-06-29)
[00:02:34]    새로운 감시 ETF 이익분배금 공시 없음
[00:07:34] 🔍 DART 공시 확인 중... (조회기간: 20260628 ~ 20260629)
[00:07:34]    총 4건의 주요사항보고 조회됨
[00:07:34]    배당 결정 공시 없음
[00:07:35] 🔍 KIND ETF 공시 확인 중... (조회기간: 2026-06-28 ~ 2026-06-29)
[00:07:35]    새로운 감시 ETF 이익분배금 공시 없음
[00:12:35] 🔍 DART 공시 확인 중... (조회기간: 20260628 ~ 20260629)
[00:12:35]    총 4건의 주요사항보고 조회됨
[00:12:35]    배당 결정 공시 없음
[00:12:36] 🔍 KIND ETF 공시 확인 중... (조회기간: 2026-06-28 ~ 2026-06-29)
[00:12:36]    새로운 감시 ETF 이익분배금 공시 없음
[00:17:36] 🔍 DART 공시 확인 중... (조회기간: 20260628 ~ 20260629)
[00:17:36]    총 4건의 주요사항보고 조회됨
[00:17:36]    배당 결정 공시 없음
[00:17:36] 🔍 KIND ETF 공시 확인 중... (조회기간: 2026-06-28 ~ 2026-06-29)
[00:17:36]    새로운 감시 ETF 이익분배금 공시 없음
[00:22:37] 🔍 DART 공시 확인 중... (조회기간: 20260628 ~ 20260629)
[00:22:37]    총 4건의 주요사항보고 조회됨
[00:22:37]    배당 결정 공시 없음
[00:22:37] 🔍 KIND ETF 공시 확인 중... (조회기간: 2026-06-28 ~ 2026-06-29)
[00:22:37]    새로운 감시 ETF 이익분배금 공시 없음
[00:27:37] 🔍 DART 공시 확인 중... (조회기간: 20260628 ~ 20260629)
[00:27:37]    총 4건의 주요사항보고 조회됨
[00:27:37]    배당 결정 공시 없음
[00:27:38] 🔍 KIND ETF 공시 확인 중... (조회기간: 2026-06-28 ~ 2026-06-29)
[00:27:38]    새로운 감시 ETF 이익분배금 공시 없음
[00:32:38] 🔍 DART 공시 확인 중... (조회기간: 20260628 ~ 20260629)
[00:32:38]    총 4건의 주요사항보고 조회됨
[00:32:38]    배당 결정 공시 없음
[00:32:39] 🔍 KIND ETF 공시 확인 중... (조회기간: 2026-06-28 ~ 2026-06-29)
[00:32:39]    새로운 감시 ETF 이익분배금 공시 없음
[00:37:39] 🔍 DART 공시 확인 중... (조회기간: 20260628 ~ 20260629)
[00:37:39]    총 4건의 주요사항보고 조회됨
[00:37:39]    배당 결정 공시 없음
[00:37:39] 🔍 KIND ETF 공시 확인 중... (조회기간: 2026-06-28 ~ 2026-06-29)
[00:37:39]    새로운 감시 ETF 이익분배금 공시 없음
[00:42:40] 🔍 DART 공시 확인 중... (조회기간: 20260628 ~ 20260629)
[00:42:40]    총 4건의 주요사항보고 조회됨
[00:42:40]    배당 결정 공시 없음
[00:42:40] 🔍 KIND ETF 공시 확인 중... (조회기간: 2026-06-28 ~ 2026-06-29)
[00:42:40]    새로운 감시 ETF 이익분배금 공시 없음
[00:47:41] 🔍 DART 공시 확인 중... (조회기간: 20260628 ~ 20260629)
[00:47:41]    총 4건의 주요사항보고 조회됨
[00:47:41]    배당 결정 공시 없음
[00:47:41] 🔍 KIND ETF 공시 확인 중... (조회기간: 2026-06-28 ~ 2026-06-29)
[00:47:41]    새로운 감시 ETF 이익분배금 공시 없음
[00:52:41] 🔍 DART 공시 확인 중... (조회기간: 20260628 ~ 20260629)
[00:52:41]    총 4건의 주요사항보고 조회됨
[00:52:41]    배당 결정 공시 없음
[00:52:42] 🔍 KIND ETF 공시 확인 중... (조회기간: 2026-06-28 ~ 2026-06-29)
[00:52:42]    새로운 감시 ETF 이익분배금 공시 없음
[00:57:42] 🔍 DART 공시 확인 중... (조회기간: 20260628 ~ 20260629)
[00:57:42]    총 4건의 주요사항보고 조회됨
[00:57:42]    배당 결정 공시 없음
[00:57:42] 🔍 KIND ETF 공시 확인 중... (조회기간: 2026-06-28 ~ 2026-06-29)
[00:57:42]    새로운 감시 ETF 이익분배금 공시 없음
[01:02:43] 🔍 DART 공시 확인 중... (조회기간: 20260628 ~ 20260629)
[01:02:43]    총 4건의 주요사항보고 조회됨
[01:02:43]    배당 결정 공시 없음
[01:02:43] 🔍 KIND ETF 공시 확인 중... (조회기간: 2026-06-28 ~ 2026-06-29)
[01:02:43]    새로운 감시 ETF 이익분배금 공시 없음
[01:07:44] 🔍 DART 공시 확인 중... (조회기간: 20260628 ~ 20260629)
[01:07:44]    총 4건의 주요사항보고 조회됨
[01:07:44]    배당 결정 공시 없음
[01:07:44] 🔍 KIND ETF 공시 확인 중... (조회기간: 2026-06-28 ~ 2026-06-29)
[01:07:44]    새로운 감시 ETF 이익분배금 공시 없음
[01:12:44] 🔍 DART 공시 확인 중... (조회기간: 20260628 ~ 20260629)
[01:12:44]    총 4건의 주요사항보고 조회됨
[01:12:44]    배당 결정 공시 없음
[01:12:45] 🔍 KIND ETF 공시 확인 중... (조회기간: 2026-06-28 ~ 2026-06-29)
[01:12:45]    새로운 감시 ETF 이익분배금 공시 없음
[01:17:45] 🔍 DART 공시 확인 중... (조회기간: 20260628 ~ 20260629)
[01:17:45]    총 4건의 주요사항보고 조회됨
[01:17:45]    배당 결정 공시 없음
[01:17:46] 🔍 KIND ETF 공시 확인 중... (조회기간: 2026-06-28 ~ 2026-06-29)
[01:17:46]    새로운 감시 ETF 이익분배금 공시 없음
[01:22:46] 🔍 DART 공시 확인 중... (조회기간: 20260628 ~ 20260629)
[01:22:46]    총 4건의 주요사항보고 조회됨
[01:22:46]    배당 결정 공시 없음
[01:22:46] 🔍 KIND ETF 공시 확인 중... (조회기간: 2026-06-28 ~ 2026-06-29)
[01:22:46]    새로운 감시 ETF 이익분배금 공시 없음
[01:27:47] 🔍 DART 공시 확인 중... (조회기간: 20260628 ~ 20260629)
[01:27:47]    총 4건의 주요사항보고 조회됨
[01:27:47]    배당 결정 공시 없음
[01:27:47] 🔍 KIND ETF 공시 확인 중... (조회기간: 2026-06-28 ~ 2026-06-29)
[01:27:47]    새로운 감시 ETF 이익분배금 공시 없음
[01:32:48] 🔍 DART 공시 확인 중... (조회기간: 20260628 ~ 20260629)
[01:32:48]    총 4건의 주요사항보고 조회됨
[01:32:48]    배당 결정 공시 없음
[01:32:48] 🔍 KIND ETF 공시 확인 중... (조회기간: 2026-06-28 ~ 2026-06-29)
[01:32:48]    새로운 감시 ETF 이익분배금 공시 없음
[01:37:48] 🔍 DART 공시 확인 중... (조회기간: 20260628 ~ 20260629)
[01:37:48]    총 4건의 주요사항보고 조회됨
[01:37:48]    배당 결정 공시 없음
[01:37:49] 🔍 KIND ETF 공시 확인 중... (조회기간: 2026-06-28 ~ 2026-06-29)
[01:37:49]    새로운 감시 ETF 이익분배금 공시 없음
[01:42:49] 🔍 DART 공시 확인 중... (조회기간: 20260628 ~ 20260629)
[01:42:49]    총 4건의 주요사항보고 조회됨
[01:42:49]    배당 결정 공시 없음
[01:42:50] 🔍 KIND ETF 공시 확인 중... (조회기간: 2026-06-28 ~ 2026-06-29)
[01:42:50]    새로운 감시 ETF 이익분배금 공시 없음
[01:47:50] 🔍 DART 공시 확인 중... (조회기간: 20260628 ~ 20260629)
[01:47:50]    총 4건의 주요사항보고 조회됨
[01:47:50]    배당 결정 공시 없음
[01:47:50] 🔍 KIND ETF 공시 확인 중... (조회기간: 2026-06-28 ~ 2026-06-29)
[01:47:50]    새로운 감시 ETF 이익분배금 공시 없음
[01:52:51] 🔍 DART 공시 확인 중... (조회기간: 20260628 ~ 20260629)
[01:52:51]    총 4건의 주요사항보고 조회됨
[01:52:51]    배당 결정 공시 없음
[01:52:51] 🔍 KIND ETF 공시 확인 중... (조회기간: 2026-06-28 ~ 2026-06-29)
[01:52:51]    새로운 감시 ETF 이익분배금 공시 없음
[01:57:52] 🔍 DART 공시 확인 중... (조회기간: 20260628 ~ 20260629)
[01:57:52]    총 4건의 주요사항보고 조회됨
[01:57:52]    배당 결정 공시 없음
[01:57:52] 🔍 KIND ETF 공시 확인 중... (조회기간: 2026-06-28 ~ 2026-06-29)
[01:57:52]    새로운 감시 ETF 이익분배금 공시 없음
[02:02:52] 🔍 DART 공시 확인 중... (조회기간: 20260628 ~ 20260629)
[02:02:52]    총 4건의 주요사항보고 조회됨
[02:02:52]    배당 결정 공시 없음
[02:02:53] 🔍 KIND ETF 공시 확인 중... (조회기간: 2026-06-28 ~ 2026-06-29)
[02:02:53]    새로운 감시 ETF 이익분배금 공시 없음
[02:07:53] 🔍 DART 공시 확인 중... (조회기간: 20260628 ~ 20260629)
[02:07:53]    총 4건의 주요사항보고 조회됨
[02:07:53]    배당 결정 공시 없음
[02:07:54] 🔍 KIND ETF 공시 확인 중... (조회기간: 2026-06-28 ~ 2026-06-29)
[02:07:54]    새로운 감시 ETF 이익분배금 공시 없음
[02:12:54] 🔍 DART 공시 확인 중... (조회기간: 20260628 ~ 20260629)
[02:12:54]    총 4건의 주요사항보고 조회됨
[02:12:54]    배당 결정 공시 없음
[02:12:54] 🔍 KIND ETF 공시 확인 중... (조회기간: 2026-06-28 ~ 2026-06-29)
[02:12:54]    새로운 감시 ETF 이익분배금 공시 없음
[02:17:55] 🔍 DART 공시 확인 중... (조회기간: 20260628 ~ 20260629)
[02:17:55]    총 4건의 주요사항보고 조회됨
[02:17:55]    배당 결정 공시 없음
[02:17:55] 🔍 KIND ETF 공시 확인 중... (조회기간: 2026-06-28 ~ 2026-06-29)
[02:17:55]    새로운 감시 ETF 이익분배금 공시 없음
[02:22:56] 🔍 DART 공시 확인 중... (조회기간: 20260628 ~ 20260629)
[02:22:56]    총 4건의 주요사항보고 조회됨
[02:22:56]    배당 결정 공시 없음
[02:22:56] 🔍 KIND ETF 공시 확인 중... (조회기간: 2026-06-28 ~ 2026-06-29)
[02:22:56]    새로운 감시 ETF 이익분배금 공시 없음
[02:27:56] 🔍 DART 공시 확인 중... (조회기간: 20260628 ~ 20260629)
[02:27:56]    총 4건의 주요사항보고 조회됨
[02:27:56]    배당 결정 공시 없음
[02:27:57] 🔍 KIND ETF 공시 확인 중... (조회기간: 2026-06-28 ~ 2026-06-29)
[02:27:57]    새로운 감시 ETF 이익분배금 공시 없음
[02:32:57] 🔍 DART 공시 확인 중... (조회기간: 20260628 ~ 20260629)
[02:32:57]    총 4건의 주요사항보고 조회됨
[02:32:57]    배당 결정 공시 없음
[02:32:58] 🔍 KIND ETF 공시 확인 중... (조회기간: 2026-06-28 ~ 2026-06-29)
[02:32:58]    새로운 감시 ETF 이익분배금 공시 없음
[02:37:58] 🔍 DART 공시 확인 중... (조회기간: 20260628 ~ 20260629)
[02:37:58]    총 4건의 주요사항보고 조회됨
[02:37:58]    배당 결정 공시 없음
[02:37:58] 🔍 KIND ETF 공시 확인 중... (조회기간: 2026-06-28 ~ 2026-06-29)
[02:37:58]    새로운 감시 ETF 이익분배금 공시 없음
[02:42:59] 🔍 DART 공시 확인 중... (조회기간: 20260628 ~ 20260629)
[02:42:59]    총 4건의 주요사항보고 조회됨
[02:42:59]    배당 결정 공시 없음
[02:42:59] 🔍 KIND ETF 공시 확인 중... (조회기간: 2026-06-28 ~ 2026-06-29)
[02:42:59]    새로운 감시 ETF 이익분배금 공시 없음
[02:48:00] 🔍 DART 공시 확인 중... (조회기간: 20260628 ~ 20260629)
[02:48:00]    총 4건의 주요사항보고 조회됨
[02:48:00]    배당 결정 공시 없음
[02:48:00] 🔍 KIND ETF 공시 확인 중... (조회기간: 2026-06-28 ~ 2026-06-29)
[02:48:00]    새로운 감시 ETF 이익분배금 공시 없음
[02:53:00] 🔍 DART 공시 확인 중... (조회기간: 20260628 ~ 20260629)
[02:53:00]    총 4건의 주요사항보고 조회됨
[02:53:00]    배당 결정 공시 없음
[02:53:01] 🔍 KIND ETF 공시 확인 중... (조회기간: 2026-06-28 ~ 2026-06-29)
[02:53:01]    새로운 감시 ETF 이익분배금 공시 없음
[02:58:01] 🔍 DART 공시 확인 중... (조회기간: 20260628 ~ 20260629)
[02:58:01]    총 4건의 주요사항보고 조회됨
[02:58:01]    배당 결정 공시 없음
[02:58:02] 🔍 KIND ETF 공시 확인 중... (조회기간: 2026-06-28 ~ 2026-06-29)
[02:58:02]    새로운 감시 ETF 이익분배금 공시 없음
[03:03:02] 🔍 DART 공시 확인 중... (조회기간: 20260628 ~ 20260629)
[03:03:02]    총 4건의 주요사항보고 조회됨
[03:03:02]    배당 결정 공시 없음
[03:03:02] 🔍 KIND ETF 공시 확인 중... (조회기간: 2026-06-28 ~ 2026-06-29)
[03:03:02]    새로운 감시 ETF 이익분배금 공시 없음
[03:08:03] 🔍 DART 공시 확인 중... (조회기간: 20260628 ~ 20260629)
[03:08:03]    총 4건의 주요사항보고 조회됨
[03:08:03]    배당 결정 공시 없음
[03:08:03] 🔍 KIND ETF 공시 확인 중... (조회기간: 2026-06-28 ~ 2026-06-29)
[03:08:03]    새로운 감시 ETF 이익분배금 공시 없음
[03:13:04] 🔍 DART 공시 확인 중... (조회기간: 20260628 ~ 20260629)
[03:13:04]    총 4건의 주요사항보고 조회됨
[03:13:04]    배당 결정 공시 없음
[03:13:04] 🔍 KIND ETF 공시 확인 중... (조회기간: 2026-06-28 ~ 2026-06-29)
[03:13:04]    새로운 감시 ETF 이익분배금 공시 없음
[03:18:04] 🔍 DART 공시 확인 중... (조회기간: 20260628 ~ 20260629)
[03:18:04]    총 4건의 주요사항보고 조회됨
[03:18:04]    배당 결정 공시 없음
[03:18:05] 🔍 KIND ETF 공시 확인 중... (조회기간: 2026-06-28 ~ 2026-06-29)
[03:18:05]    새로운 감시 ETF 이익분배금 공시 없음
[03:23:05] 🔍 DART 공시 확인 중... (조회기간: 20260628 ~ 20260629)
[03:23:05]    총 4건의 주요사항보고 조회됨
[03:23:05]    배당 결정 공시 없음
[03:23:06] 🔍 KIND ETF 공시 확인 중... (조회기간: 2026-06-28 ~ 2026-06-29)
[03:23:06]    새로운 감시 ETF 이익분배금 공시 없음
[03:28:06] 🔍 DART 공시 확인 중... (조회기간: 20260628 ~ 20260629)
[03:28:06]    총 4건의 주요사항보고 조회됨
[03:28:06]    배당 결정 공시 없음
[03:28:07] 🔍 KIND ETF 공시 확인 중... (조회기간: 2026-06-28 ~ 2026-06-29)
[03:28:07]    새로운 감시 ETF 이익분배금 공시 없음
[03:33:07] 🔍 DART 공시 확인 중... (조회기간: 20260628 ~ 20260629)
[03:33:07]    총 4건의 주요사항보고 조회됨
[03:33:07]    배당 결정 공시 없음
[03:33:07] 🔍 KIND ETF 공시 확인 중... (조회기간: 2026-06-28 ~ 2026-06-29)
[03:33:07]    새로운 감시 ETF 이익분배금 공시 없음
[03:38:08] 🔍 DART 공시 확인 중... (조회기간: 20260628 ~ 20260629)
[03:38:08]    총 4건의 주요사항보고 조회됨
[03:38:08]    배당 결정 공시 없음
[03:38:08] 🔍 KIND ETF 공시 확인 중... (조회기간: 2026-06-28 ~ 2026-06-29)
[03:38:08]    새로운 감시 ETF 이익분배금 공시 없음
[03:43:09] 🔍 DART 공시 확인 중... (조회기간: 20260628 ~ 20260629)
[03:43:09]    총 4건의 주요사항보고 조회됨
[03:43:09]    배당 결정 공시 없음
[03:43:09] 🔍 KIND ETF 공시 확인 중... (조회기간: 2026-06-28 ~ 2026-06-29)
[03:43:09]    새로운 감시 ETF 이익분배금 공시 없음
[03:48:09] 🔍 DART 공시 확인 중... (조회기간: 20260628 ~ 20260629)
[03:48:09]    총 4건의 주요사항보고 조회됨
[03:48:09]    배당 결정 공시 없음
[03:48:10] 🔍 KIND ETF 공시 확인 중... (조회기간: 2026-06-28 ~ 2026-06-29)
[03:48:10]    새로운 감시 ETF 이익분배금 공시 없음
[03:53:10] 🔍 DART 공시 확인 중... (조회기간: 20260628 ~ 20260629)
[03:53:10]    총 4건의 주요사항보고 조회됨
[03:53:10]    배당 결정 공시 없음
[03:53:11] 🔍 KIND ETF 공시 확인 중... (조회기간: 2026-06-28 ~ 2026-06-29)
[03:53:11]    새로운 감시 ETF 이익분배금 공시 없음
[03:58:11] 🔍 DART 공시 확인 중... (조회기간: 20260628 ~ 20260629)
[03:58:11]    총 4건의 주요사항보고 조회됨
[03:58:11]    배당 결정 공시 없음
[03:58:11] 🔍 KIND ETF 공시 확인 중... (조회기간: 2026-06-28 ~ 2026-06-29)
[03:58:11]    새로운 감시 ETF 이익분배금 공시 없음
[04:03:12] 🔍 DART 공시 확인 중... (조회기간: 20260628 ~ 20260629)
[04:03:12]    총 4건의 주요사항보고 조회됨
[04:03:12]    배당 결정 공시 없음
[04:03:12] 🔍 KIND ETF 공시 확인 중... (조회기간: 2026-06-28 ~ 2026-06-29)
[04:03:12]    새로운 감시 ETF 이익분배금 공시 없음
[04:08:13] 🔍 DART 공시 확인 중... (조회기간: 20260628 ~ 20260629)
[04:08:13]    총 4건의 주요사항보고 조회됨
[04:08:13]    배당 결정 공시 없음
[04:08:13] 🔍 KIND ETF 공시 확인 중... (조회기간: 2026-06-28 ~ 2026-06-29)
[04:08:13]    새로운 감시 ETF 이익분배금 공시 없음
[04:13:13] 🔍 DART 공시 확인 중... (조회기간: 20260628 ~ 20260629)
[04:13:13]    총 4건의 주요사항보고 조회됨
[04:13:13]    배당 결정 공시 없음
[04:13:14] 🔍 KIND ETF 공시 확인 중... (조회기간: 2026-06-28 ~ 2026-06-29)
[04:13:14]    새로운 감시 ETF 이익분배금 공시 없음
[04:18:14] 🔍 DART 공시 확인 중... (조회기간: 20260628 ~ 20260629)
[04:18:14]    총 4건의 주요사항보고 조회됨
[04:18:14]    배당 결정 공시 없음
[04:18:15] 🔍 KIND ETF 공시 확인 중... (조회기간: 2026-06-28 ~ 2026-06-29)
[04:18:15]    새로운 감시 ETF 이익분배금 공시 없음
[04:23:15] 🔍 DART 공시 확인 중... (조회기간: 20260628 ~ 20260629)
[04:23:15]    총 4건의 주요사항보고 조회됨
[04:23:15]    배당 결정 공시 없음
[04:23:15] 🔍 KIND ETF 공시 확인 중... (조회기간: 2026-06-28 ~ 2026-06-29)
[04:23:15]    새로운 감시 ETF 이익분배금 공시 없음
[04:28:16] 🔍 DART 공시 확인 중... (조회기간: 20260628 ~ 20260629)
[04:28:16]    총 4건의 주요사항보고 조회됨
[04:28:16]    배당 결정 공시 없음
[04:28:16] 🔍 KIND ETF 공시 확인 중... (조회기간: 2026-06-28 ~ 2026-06-29)
[04:28:16]    새로운 감시 ETF 이익분배금 공시 없음
[04:33:17] 🔍 DART 공시 확인 중... (조회기간: 20260628 ~ 20260629)
[04:33:17]    총 4건의 주요사항보고 조회됨
[04:33:17]    배당 결정 공시 없음
[04:33:17] 🔍 KIND ETF 공시 확인 중... (조회기간: 2026-06-28 ~ 2026-06-29)
[04:33:17]    새로운 감시 ETF 이익분배금 공시 없음
[04:38:17] 🔍 DART 공시 확인 중... (조회기간: 20260628 ~ 20260629)
[04:38:17]    총 4건의 주요사항보고 조회됨
[04:38:17]    배당 결정 공시 없음
[04:38:18] 🔍 KIND ETF 공시 확인 중... (조회기간: 2026-06-28 ~ 2026-06-29)
[04:38:18]    새로운 감시 ETF 이익분배금 공시 없음
[04:43:18] 🔍 DART 공시 확인 중... (조회기간: 20260628 ~ 20260629)
[04:43:18]    총 4건의 주요사항보고 조회됨
[04:43:18]    배당 결정 공시 없음
[04:43:18] 🔍 KIND ETF 공시 확인 중... (조회기간: 2026-06-28 ~ 2026-06-29)
[04:43:18]    새로운 감시 ETF 이익분배금 공시 없음
[04:48:19] 🔍 DART 공시 확인 중... (조회기간: 20260628 ~ 20260629)
[04:48:19]    총 4건의 주요사항보고 조회됨
[04:48:19]    배당 결정 공시 없음
[04:48:19] 🔍 KIND ETF 공시 확인 중... (조회기간: 2026-06-28 ~ 2026-06-29)
[04:48:19]    새로운 감시 ETF 이익분배금 공시 없음
[04:53:20] 🔍 DART 공시 확인 중... (조회기간: 20260628 ~ 20260629)
[04:53:20]    총 4건의 주요사항보고 조회됨
[04:53:20]    배당 결정 공시 없음
[04:53:20] 🔍 KIND ETF 공시 확인 중... (조회기간: 2026-06-28 ~ 2026-06-29)
[04:53:20]    새로운 감시 ETF 이익분배금 공시 없음
[04:58:20] 🔍 DART 공시 확인 중... (조회기간: 20260628 ~ 20260629)
[04:58:20]    총 4건의 주요사항보고 조회됨
[04:58:20]    배당 결정 공시 없음
[04:58:21] 🔍 KIND ETF 공시 확인 중... (조회기간: 2026-06-28 ~ 2026-06-29)
[04:58:21]    새로운 감시 ETF 이익분배금 공시 없음
[05:03:21] 🔍 DART 공시 확인 중... (조회기간: 20260628 ~ 20260629)
[05:03:21]    총 4건의 주요사항보고 조회됨
[05:03:21]    배당 결정 공시 없음
[05:03:21] 🔍 KIND ETF 공시 확인 중... (조회기간: 2026-06-28 ~ 2026-06-29)
[05:03:21]    새로운 감시 ETF 이익분배금 공시 없음
[05:08:22] 🔍 DART 공시 확인 중... (조회기간: 20260628 ~ 20260629)
[05:08:22]    총 4건의 주요사항보고 조회됨
[05:08:22]    배당 결정 공시 없음
[05:08:22] 🔍 KIND ETF 공시 확인 중... (조회기간: 2026-06-28 ~ 2026-06-29)
[05:08:22]    새로운 감시 ETF 이익분배금 공시 없음
[05:13:23] 🔍 DART 공시 확인 중... (조회기간: 20260628 ~ 20260629)
[05:13:23]    총 4건의 주요사항보고 조회됨
[05:13:23]    배당 결정 공시 없음
[05:13:23] 🔍 KIND ETF 공시 확인 중... (조회기간: 2026-06-28 ~ 2026-06-29)
[05:13:23]    새로운 감시 ETF 이익분배금 공시 없음
[05:18:23] 🔍 DART 공시 확인 중... (조회기간: 20260628 ~ 20260629)
[05:18:23]    총 4건의 주요사항보고 조회됨
[05:18:23]    배당 결정 공시 없음
[05:18:24] 🔍 KIND ETF 공시 확인 중... (조회기간: 2026-06-28 ~ 2026-06-29)
[05:18:24]    새로운 감시 ETF 이익분배금 공시 없음
[05:23:24] 🔍 DART 공시 확인 중... (조회기간: 20260628 ~ 20260629)
[05:23:24]    총 4건의 주요사항보고 조회됨
[05:23:24]    배당 결정 공시 없음
[05:23:24] 🔍 KIND ETF 공시 확인 중... (조회기간: 2026-06-28 ~ 2026-06-29)
[05:23:24]    새로운 감시 ETF 이익분배금 공시 없음
[05:28:25] 🔍 DART 공시 확인 중... (조회기간: 20260628 ~ 20260629)
[05:28:25]    총 4건의 주요사항보고 조회됨
[05:28:25]    배당 결정 공시 없음
[05:28:25] 🔍 KIND ETF 공시 확인 중... (조회기간: 2026-06-28 ~ 2026-06-29)
[05:28:25]    새로운 감시 ETF 이익분배금 공시 없음
[05:33:26] 🔍 DART 공시 확인 중... (조회기간: 20260628 ~ 20260629)
[05:33:26]    총 4건의 주요사항보고 조회됨
[05:33:26]    배당 결정 공시 없음
[05:33:26] 🔍 KIND ETF 공시 확인 중... (조회기간: 2026-06-28 ~ 2026-06-29)
[05:33:26]    새로운 감시 ETF 이익분배금 공시 없음
[05:38:27] 🔍 DART 공시 확인 중... (조회기간: 20260628 ~ 20260629)
[05:38:27]    총 4건의 주요사항보고 조회됨
[05:38:27]    배당 결정 공시 없음
[05:38:27] 🔍 KIND ETF 공시 확인 중... (조회기간: 2026-06-28 ~ 2026-06-29)
[05:38:27]    새로운 감시 ETF 이익분배금 공시 없음
[05:43:27] 🔍 DART 공시 확인 중... (조회기간: 20260628 ~ 20260629)
[05:43:27]    총 4건의 주요사항보고 조회됨
[05:43:27]    배당 결정 공시 없음
[05:43:28] 🔍 KIND ETF 공시 확인 중... (조회기간: 2026-06-28 ~ 2026-06-29)
[05:43:28]    새로운 감시 ETF 이익분배금 공시 없음
[05:48:28] 🔍 DART 공시 확인 중... (조회기간: 20260628 ~ 20260629)
[05:48:28]    총 4건의 주요사항보고 조회됨
[05:48:28]    배당 결정 공시 없음
[05:48:29] 🔍 KIND ETF 공시 확인 중... (조회기간: 2026-06-28 ~ 2026-06-29)
[05:48:29]    새로운 감시 ETF 이익분배금 공시 없음
[05:53:29] 🔍 DART 공시 확인 중... (조회기간: 20260628 ~ 20260629)
[05:53:29]    총 4건의 주요사항보고 조회됨
[05:53:29]    배당 결정 공시 없음
[05:53:29] 🔍 KIND ETF 공시 확인 중... (조회기간: 2026-06-28 ~ 2026-06-29)
[05:53:29]    새로운 감시 ETF 이익분배금 공시 없음
[05:58:30] 🔍 DART 공시 확인 중... (조회기간: 20260628 ~ 20260629)
[05:58:30]    총 4건의 주요사항보고 조회됨
[05:58:30]    배당 결정 공시 없음
[05:58:30] 🔍 KIND ETF 공시 확인 중... (조회기간: 2026-06-28 ~ 2026-06-29)
[05:58:30]    새로운 감시 ETF 이익분배금 공시 없음
[06:03:30] 🔍 DART 공시 확인 중... (조회기간: 20260628 ~ 20260629)
[06:03:30]    총 4건의 주요사항보고 조회됨
[06:03:30]    배당 결정 공시 없음
[06:03:31] 🔍 KIND ETF 공시 확인 중... (조회기간: 2026-06-28 ~ 2026-06-29)
[06:03:31]    새로운 감시 ETF 이익분배금 공시 없음
[06:08:31] 🔍 DART 공시 확인 중... (조회기간: 20260628 ~ 20260629)
[06:08:31]    총 4건의 주요사항보고 조회됨
[06:08:31]    배당 결정 공시 없음
[06:08:32] 🔍 KIND ETF 공시 확인 중... (조회기간: 2026-06-28 ~ 2026-06-29)
[06:08:32]    새로운 감시 ETF 이익분배금 공시 없음
[06:13:32] 🔍 DART 공시 확인 중... (조회기간: 20260628 ~ 20260629)
[06:13:32]    총 4건의 주요사항보고 조회됨
[06:13:32]    배당 결정 공시 없음
[06:13:33] 🔍 KIND ETF 공시 확인 중... (조회기간: 2026-06-28 ~ 2026-06-29)
[06:13:33]    새로운 감시 ETF 이익분배금 공시 없음
[06:18:33] 🔍 DART 공시 확인 중... (조회기간: 20260628 ~ 20260629)
[06:18:33]    총 4건의 주요사항보고 조회됨
[06:18:33]    배당 결정 공시 없음
[06:18:33] 🔍 KIND ETF 공시 확인 중... (조회기간: 2026-06-28 ~ 2026-06-29)
[06:18:33]    새로운 감시 ETF 이익분배금 공시 없음
[06:23:34] 🔍 DART 공시 확인 중... (조회기간: 20260628 ~ 20260629)
[06:23:34]    총 4건의 주요사항보고 조회됨
[06:23:34]    배당 결정 공시 없음
[06:23:34] 🔍 KIND ETF 공시 확인 중... (조회기간: 2026-06-28 ~ 2026-06-29)
[06:23:34]    새로운 감시 ETF 이익분배금 공시 없음
[06:28:35] 🔍 DART 공시 확인 중... (조회기간: 20260628 ~ 20260629)
[06:28:35]    총 4건의 주요사항보고 조회됨
[06:28:35]    배당 결정 공시 없음
[06:28:35] 🔍 KIND ETF 공시 확인 중... (조회기간: 2026-06-28 ~ 2026-06-29)
[06:28:35]    새로운 감시 ETF 이익분배금 공시 없음
[06:33:35] 🔍 DART 공시 확인 중... (조회기간: 20260628 ~ 20260629)
[06:33:35]    총 4건의 주요사항보고 조회됨
[06:33:35]    배당 결정 공시 없음
[06:33:36] 🔍 KIND ETF 공시 확인 중... (조회기간: 2026-06-28 ~ 2026-06-29)
[06:33:36]    새로운 감시 ETF 이익분배금 공시 없음
[06:38:36] 🔍 DART 공시 확인 중... (조회기간: 20260628 ~ 20260629)
[06:38:36]    총 4건의 주요사항보고 조회됨
[06:38:36]    배당 결정 공시 없음
[06:38:36] 🔍 KIND ETF 공시 확인 중... (조회기간: 2026-06-28 ~ 2026-06-29)
[06:38:36]    새로운 감시 ETF 이익분배금 공시 없음
[06:43:37] 🔍 DART 공시 확인 중... (조회기간: 20260628 ~ 20260629)
[06:43:37]    총 4건의 주요사항보고 조회됨
[06:43:37]    배당 결정 공시 없음
[06:43:37] 🔍 KIND ETF 공시 확인 중... (조회기간: 2026-06-28 ~ 2026-06-29)
[06:43:37]    새로운 감시 ETF 이익분배금 공시 없음
[06:48:38] 🔍 DART 공시 확인 중... (조회기간: 20260628 ~ 20260629)
[06:48:38]    총 4건의 주요사항보고 조회됨
[06:48:38]    배당 결정 공시 없음
[06:48:38] 🔍 KIND ETF 공시 확인 중... (조회기간: 2026-06-28 ~ 2026-06-29)
[06:48:38]    새로운 감시 ETF 이익분배금 공시 없음
[06:53:38] 🔍 DART 공시 확인 중... (조회기간: 20260628 ~ 20260629)
[06:53:38]    총 4건의 주요사항보고 조회됨
[06:53:38]    배당 결정 공시 없음
[06:53:39] 🔍 KIND ETF 공시 확인 중... (조회기간: 2026-06-28 ~ 2026-06-29)
[06:53:39]    새로운 감시 ETF 이익분배금 공시 없음
[06:58:39] 🔍 DART 공시 확인 중... (조회기간: 20260628 ~ 20260629)
[06:58:39]    총 4건의 주요사항보고 조회됨
[06:58:39]    배당 결정 공시 없음
[06:58:40] 🔍 KIND ETF 공시 확인 중... (조회기간: 2026-06-28 ~ 2026-06-29)
[06:58:40]    새로운 감시 ETF 이익분배금 공시 없음
[07:03:40] 🔍 DART 공시 확인 중... (조회기간: 20260628 ~ 20260629)
[07:03:40]    총 4건의 주요사항보고 조회됨
[07:03:40]    배당 결정 공시 없음
[07:03:40] 🔍 KIND ETF 공시 확인 중... (조회기간: 2026-06-28 ~ 2026-06-29)
[07:03:40]    새로운 감시 ETF 이익분배금 공시 없음
[07:08:41] 🔍 DART 공시 확인 중... (조회기간: 20260628 ~ 20260629)
[07:08:41]    총 4건의 주요사항보고 조회됨
[07:08:41]    배당 결정 공시 없음
[07:08:41] 🔍 KIND ETF 공시 확인 중... (조회기간: 2026-06-28 ~ 2026-06-29)
[07:08:41]    새로운 감시 ETF 이익분배금 공시 없음
[07:13:42] 🔍 DART 공시 확인 중... (조회기간: 20260628 ~ 20260629)
[07:13:42]    총 4건의 주요사항보고 조회됨
[07:13:42]    배당 결정 공시 없음
[07:13:42] 🔍 KIND ETF 공시 확인 중... (조회기간: 2026-06-28 ~ 2026-06-29)
[07:13:42]    새로운 감시 ETF 이익분배금 공시 없음
[07:18:42] 🔍 DART 공시 확인 중... (조회기간: 20260628 ~ 20260629)
[07:18:42]    총 4건의 주요사항보고 조회됨
[07:18:42]    배당 결정 공시 없음
[07:18:43] 🔍 KIND ETF 공시 확인 중... (조회기간: 2026-06-28 ~ 2026-06-29)
[07:18:43]    새로운 감시 ETF 이익분배금 공시 없음
[07:23:43] 🔍 DART 공시 확인 중... (조회기간: 20260628 ~ 20260629)
[07:23:43]    총 4건의 주요사항보고 조회됨
[07:23:43]    배당 결정 공시 없음
[07:23:44] 🔍 KIND ETF 공시 확인 중... (조회기간: 2026-06-28 ~ 2026-06-29)
[07:23:44]    새로운 감시 ETF 이익분배금 공시 없음
[07:28:44] 🔍 DART 공시 확인 중... (조회기간: 20260628 ~ 20260629)
[07:28:44]    총 4건의 주요사항보고 조회됨
[07:28:44]    배당 결정 공시 없음
[07:28:44] 🔍 KIND ETF 공시 확인 중... (조회기간: 2026-06-28 ~ 2026-06-29)
[07:28:44]    새로운 감시 ETF 이익분배금 공시 없음
[07:33:45] 🔍 DART 공시 확인 중... (조회기간: 20260628 ~ 20260629)
[07:33:45]    총 4건의 주요사항보고 조회됨
[07:33:45]    배당 결정 공시 없음
[07:33:45] 🔍 KIND ETF 공시 확인 중... (조회기간: 2026-06-28 ~ 2026-06-29)
[07:33:45]    새로운 감시 ETF 이익분배금 공시 없음
[07:38:46] 🔍 DART 공시 확인 중... (조회기간: 20260628 ~ 20260629)
[07:38:46]    총 4건의 주요사항보고 조회됨
[07:38:46]    배당 결정 공시 없음
[07:38:46] 🔍 KIND ETF 공시 확인 중... (조회기간: 2026-06-28 ~ 2026-06-29)
[07:38:46]    새로운 감시 ETF 이익분배금 공시 없음
[07:43:46] 🔍 DART 공시 확인 중... (조회기간: 20260628 ~ 20260629)
[07:43:46]    총 6건의 주요사항보고 조회됨
[07:43:46]    배당 결정 공시 없음
[07:43:47] 🔍 KIND ETF 공시 확인 중... (조회기간: 2026-06-28 ~ 2026-06-29)
[07:43:47]    새로운 감시 ETF 이익분배금 공시 없음
[07:48:48] 🔍 DART 공시 확인 중... (조회기간: 20260628 ~ 20260629)
[07:48:48]    총 6건의 주요사항보고 조회됨
[07:48:48]    배당 결정 공시 없음
[07:48:48] 🔍 KIND ETF 공시 확인 중... (조회기간: 2026-06-28 ~ 2026-06-29)
[07:48:48]    새로운 감시 ETF 이익분배금 공시 없음
[07:53:49] 🔍 DART 공시 확인 중... (조회기간: 20260628 ~ 20260629)
[07:53:49]    총 6건의 주요사항보고 조회됨
[07:53:49]    배당 결정 공시 없음
[07:53:50] 🔍 KIND ETF 공시 확인 중... (조회기간: 2026-06-28 ~ 2026-06-29)
[07:53:50]    새로운 감시 ETF 이익분배금 공시 없음
[07:58:50] 🔍 DART 공시 확인 중... (조회기간: 20260628 ~ 20260629)
[07:58:50]    총 6건의 주요사항보고 조회됨
[07:58:50]    배당 결정 공시 없음
[07:58:51] 🔍 KIND ETF 공시 확인 중... (조회기간: 2026-06-28 ~ 2026-06-29)
[07:58:51]    새로운 감시 ETF 이익분배금 공시 없음
[08:03:52] 🔍 DART 공시 확인 중... (조회기간: 20260628 ~ 20260629)
[08:03:52]    총 6건의 주요사항보고 조회됨
[08:03:52]    배당 결정 공시 없음
[08:03:52] 🔍 KIND ETF 공시 확인 중... (조회기간: 2026-06-28 ~ 2026-06-29)
[08:03:52]    새로운 감시 ETF 이익분배금 공시 없음
[08:08:53] 🔍 DART 공시 확인 중... (조회기간: 20260628 ~ 20260629)
[08:08:53]    총 6건의 주요사항보고 조회됨
[08:08:53]    배당 결정 공시 없음
[08:08:54] 🔍 KIND ETF 공시 확인 중... (조회기간: 2026-06-28 ~ 2026-06-29)
[08:08:54]    새로운 감시 ETF 이익분배금 공시 없음
[08:13:55] 🔍 DART 공시 확인 중... (조회기간: 20260628 ~ 20260629)
[08:13:55]    총 6건의 주요사항보고 조회됨
[08:13:55]    배당 결정 공시 없음
[08:13:55] 🔍 KIND ETF 공시 확인 중... (조회기간: 2026-06-28 ~ 2026-06-29)
[08:13:55]    새로운 감시 ETF 이익분배금 공시 없음
[08:18:56] 🔍 DART 공시 확인 중... (조회기간: 20260628 ~ 20260629)
[08:18:56]    총 6건의 주요사항보고 조회됨
[08:18:56]    배당 결정 공시 없음
[08:18:57] 🔍 KIND ETF 공시 확인 중... (조회기간: 2026-06-28 ~ 2026-06-29)
[08:18:57]    새로운 감시 ETF 이익분배금 공시 없음
[08:23:57] 🔍 DART 공시 확인 중... (조회기간: 20260628 ~ 20260629)
[08:23:57]    총 6건의 주요사항보고 조회됨
[08:23:57]    배당 결정 공시 없음
[08:23:58] 🔍 KIND ETF 공시 확인 중... (조회기간: 2026-06-28 ~ 2026-06-29)
[08:23:58]    새로운 감시 ETF 이익분배금 공시 없음
[08:28:59] 🔍 DART 공시 확인 중... (조회기간: 20260628 ~ 20260629)
[08:28:59]    총 6건의 주요사항보고 조회됨
[08:28:59]    배당 결정 공시 없음
[08:29:00] 🔍 KIND ETF 공시 확인 중... (조회기간: 2026-06-28 ~ 2026-06-29)
[08:29:00]    새로운 감시 ETF 이익분배금 공시 없음
[08:34:00] 🔍 DART 공시 확인 중... (조회기간: 20260628 ~ 20260629)
[08:34:00]    총 6건의 주요사항보고 조회됨
[08:34:00]    배당 결정 공시 없음
[08:34:01] 🔍 KIND ETF 공시 확인 중... (조회기간: 2026-06-28 ~ 2026-06-29)
[08:34:01]    새로운 감시 ETF 이익분배금 공시 없음
[08:39:02] 🔍 DART 공시 확인 중... (조회기간: 20260628 ~ 20260629)
[08:39:02]    총 6건의 주요사항보고 조회됨
[08:39:02]    배당 결정 공시 없음
[08:39:02] 🔍 KIND ETF 공시 확인 중... (조회기간: 2026-06-28 ~ 2026-06-29)
[08:39:02]    새로운 감시 ETF 이익분배금 공시 없음
[08:44:03] 🔍 DART 공시 확인 중... (조회기간: 20260628 ~ 20260629)
[08:44:03]    총 6건의 주요사항보고 조회됨
[08:44:03]    배당 결정 공시 없음
[08:44:04] 🔍 KIND ETF 공시 확인 중... (조회기간: 2026-06-28 ~ 2026-06-29)
[08:44:04]    새로운 감시 ETF 이익분배금 공시 없음
[08:44:05] ⏰ 아침 배당기준일 리마인드 스케줄러 기동 중...
[08:44:05] ⏰ 리마인드 스케줄러 점검 완료.
[08:49:05] 🔍 DART 공시 확인 중... (조회기간: 20260628 ~ 20260629)
[08:49:05]    총 6건의 주요사항보고 조회됨
[08:49:05]    배당 결정 공시 없음
[08:49:05] 🔍 KIND ETF 공시 확인 중... (조회기간: 2026-06-28 ~ 2026-06-29)
[08:49:05]    새로운 감시 ETF 이익분배금 공시 없음
[08:54:06] 🔍 DART 공시 확인 중... (조회기간: 20260628 ~ 20260629)
[08:54:06]    총 6건의 주요사항보고 조회됨
[08:54:06]    배당 결정 공시 없음
[08:54:07] 🔍 KIND ETF 공시 확인 중... (조회기간: 2026-06-28 ~ 2026-06-29)
[08:54:07]    새로운 감시 ETF 이익분배금 공시 없음
[08:59:08] 🔍 DART 공시 확인 중... (조회기간: 20260628 ~ 20260629)
[08:59:08]    총 7건의 주요사항보고 조회됨
[08:59:08]    배당 결정 공시 없음
[08:59:08] 🔍 KIND ETF 공시 확인 중... (조회기간: 2026-06-28 ~ 2026-06-29)
[08:59:08]    새로운 감시 ETF 이익분배금 공시 없음
[09:04:09] 🔍 DART 공시 확인 중... (조회기간: 20260628 ~ 20260629)
[09:04:09]    총 7건의 주요사항보고 조회됨
[09:04:09]    배당 결정 공시 없음
[09:04:10] 🔍 KIND ETF 공시 확인 중... (조회기간: 2026-06-28 ~ 2026-06-29)
[09:04:10]    새로운 감시 ETF 이익분배금 공시 없음
[09:09:11] 🔍 DART 공시 확인 중... (조회기간: 20260628 ~ 20260629)
[09:09:11]    총 7건의 주요사항보고 조회됨
[09:09:11]    배당 결정 공시 없음
[09:09:12] 🔍 KIND ETF 공시 확인 중... (조회기간: 2026-06-28 ~ 2026-06-29)
[09:09:12]    새로운 감시 ETF 이익분배금 공시 없음
[09:14:12] 🔍 DART 공시 확인 중... (조회기간: 20260628 ~ 20260629)
[09:14:12]    총 7건의 주요사항보고 조회됨
[09:14:12]    배당 결정 공시 없음
[09:14:13] 🔍 KIND ETF 공시 확인 중... (조회기간: 2026-06-28 ~ 2026-06-29)
[09:14:13]    새로운 감시 ETF 이익분배금 공시 없음
[09:19:14] 🔍 DART 공시 확인 중... (조회기간: 20260628 ~ 20260629)
[09:19:14]    총 7건의 주요사항보고 조회됨
[09:19:14]    배당 결정 공시 없음
[09:19:15] 🔍 KIND ETF 공시 확인 중... (조회기간: 2026-06-28 ~ 2026-06-29)
[09:19:15]    새로운 감시 ETF 이익분배금 공시 없음
[09:24:15] 🔍 DART 공시 확인 중... (조회기간: 20260628 ~ 20260629)
[09:24:15]    총 7건의 주요사항보고 조회됨
[09:24:15]    배당 결정 공시 없음
[09:24:16] 🔍 KIND ETF 공시 확인 중... (조회기간: 2026-06-28 ~ 2026-06-29)
[09:24:16]    새로운 감시 ETF 이익분배금 공시 없음
[09:29:17] 🔍 DART 공시 확인 중... (조회기간: 20260628 ~ 20260629)
[09:29:17]    총 7건의 주요사항보고 조회됨
[09:29:17]    배당 결정 공시 없음
[09:29:18] 🔍 KIND ETF 공시 확인 중... (조회기간: 2026-06-28 ~ 2026-06-29)
[09:29:18]    새로운 감시 ETF 이익분배금 공시 없음
[09:34:19] 🔍 DART 공시 확인 중... (조회기간: 20260628 ~ 20260629)
[09:34:19]    총 7건의 주요사항보고 조회됨
[09:34:19]    배당 결정 공시 없음
[09:34:20] 🔍 KIND ETF 공시 확인 중... (조회기간: 2026-06-28 ~ 2026-06-29)
[09:34:20]    새로운 감시 ETF 이익분배금 공시 없음
[09:39:20] 🔍 DART 공시 확인 중... (조회기간: 20260628 ~ 20260629)
[09:39:20]    총 7건의 주요사항보고 조회됨
[09:39:20]    배당 결정 공시 없음
[09:39:21] 🔍 KIND ETF 공시 확인 중... (조회기간: 2026-06-28 ~ 2026-06-29)
[09:39:21]    새로운 감시 ETF 이익분배금 공시 없음
[09:44:22] 🔍 DART 공시 확인 중... (조회기간: 20260628 ~ 20260629)
[09:44:22]    총 8건의 주요사항보고 조회됨
[09:44:22]    배당 결정 공시 없음
[09:44:23] 🔍 KIND ETF 공시 확인 중... (조회기간: 2026-06-28 ~ 2026-06-29)
[09:44:23]    새로운 감시 ETF 이익분배금 공시 없음
[09:49:24] 🔍 DART 공시 확인 중... (조회기간: 20260628 ~ 20260629)
[09:49:24]    총 8건의 주요사항보고 조회됨
[09:49:24]    배당 결정 공시 없음
[09:49:24] 🔍 KIND ETF 공시 확인 중... (조회기간: 2026-06-28 ~ 2026-06-29)
[09:49:24]    새로운 감시 ETF 이익분배금 공시 없음
[09:54:25] 🔍 DART 공시 확인 중... (조회기간: 20260628 ~ 20260629)
[09:54:25]    총 8건의 주요사항보고 조회됨
[09:54:25]    배당 결정 공시 없음
[09:54:26] 🔍 KIND ETF 공시 확인 중... (조회기간: 2026-06-28 ~ 2026-06-29)
[09:54:26]    새로운 감시 ETF 이익분배금 공시 없음
[09:59:27] 🔍 DART 공시 확인 중... (조회기간: 20260628 ~ 20260629)
[09:59:27]    총 8건의 주요사항보고 조회됨
[09:59:27]    배당 결정 공시 없음
[09:59:27] 🔍 KIND ETF 공시 확인 중... (조회기간: 2026-06-28 ~ 2026-06-29)
[09:59:27]    새로운 감시 ETF 이익분배금 공시 없음
[10:04:28] 🔍 DART 공시 확인 중... (조회기간: 20260628 ~ 20260629)
[10:04:28]    총 8건의 주요사항보고 조회됨
[10:04:28]    배당 결정 공시 없음
[10:04:29] 🔍 KIND ETF 공시 확인 중... (조회기간: 2026-06-28 ~ 2026-06-29)
[10:04:29]    새로운 감시 ETF 이익분배금 공시 없음
[10:09:30] 🔍 DART 공시 확인 중... (조회기간: 20260628 ~ 20260629)
[10:09:30]    총 8건의 주요사항보고 조회됨
[10:09:30]    배당 결정 공시 없음
[10:09:30] 🔍 KIND ETF 공시 확인 중... (조회기간: 2026-06-28 ~ 2026-06-29)
[10:09:30]    새로운 감시 ETF 이익분배금 공시 없음
[10:14:31] 🔍 DART 공시 확인 중... (조회기간: 20260628 ~ 20260629)
[10:14:31]    총 9건의 주요사항보고 조회됨
[10:14:31]    배당 결정 공시 없음
[10:14:32] 🔍 KIND ETF 공시 확인 중... (조회기간: 2026-06-28 ~ 2026-06-29)
[10:14:32]    새로운 감시 ETF 이익분배금 공시 없음
[10:19:33] 🔍 DART 공시 확인 중... (조회기간: 20260628 ~ 20260629)
[10:19:33]    총 9건의 주요사항보고 조회됨
[10:19:33]    배당 결정 공시 없음
[10:19:34] 🔍 KIND ETF 공시 확인 중... (조회기간: 2026-06-28 ~ 2026-06-29)
[10:19:34]    새로운 감시 ETF 이익분배금 공시 없음
[10:24:34] 🔍 DART 공시 확인 중... (조회기간: 20260628 ~ 20260629)
[10:24:34]    총 9건의 주요사항보고 조회됨
[10:24:34]    배당 결정 공시 없음
[10:24:35] 🔍 KIND ETF 공시 확인 중... (조회기간: 2026-06-28 ~ 2026-06-29)
[10:24:35]    새로운 감시 ETF 이익분배금 공시 없음
[10:29:36] 🔍 DART 공시 확인 중... (조회기간: 20260628 ~ 20260629)
[10:29:36]    총 9건의 주요사항보고 조회됨
[10:29:36]    배당 결정 공시 없음
[10:29:37] 🔍 KIND ETF 공시 확인 중... (조회기간: 2026-06-28 ~ 2026-06-29)
[10:29:37]    새로운 감시 ETF 이익분배금 공시 없음
[10:34:37] 🔍 DART 공시 확인 중... (조회기간: 20260628 ~ 20260629)
[10:34:37]    총 10건의 주요사항보고 조회됨
[10:34:37]    배당 결정 공시 없음
[10:34:38] 🔍 KIND ETF 공시 확인 중... (조회기간: 2026-06-28 ~ 2026-06-29)
[10:34:38]    새로운 감시 ETF 이익분배금 공시 없음
[10:39:39] 🔍 DART 공시 확인 중... (조회기간: 20260628 ~ 20260629)
[10:39:39]    총 10건의 주요사항보고 조회됨
[10:39:39]    배당 결정 공시 없음
[10:39:40] 🔍 KIND ETF 공시 확인 중... (조회기간: 2026-06-28 ~ 2026-06-29)
[10:39:40]    새로운 감시 ETF 이익분배금 공시 없음
[10:44:41] 🔍 DART 공시 확인 중... (조회기간: 20260628 ~ 20260629)
[10:44:41]    총 10건의 주요사항보고 조회됨
[10:44:41]    배당 결정 공시 없음
[10:44:41] 🔍 KIND ETF 공시 확인 중... (조회기간: 2026-06-28 ~ 2026-06-29)
[10:44:41]    새로운 감시 ETF 이익분배금 공시 없음
[10:49:42] 🔍 DART 공시 확인 중... (조회기간: 20260628 ~ 20260629)
[10:49:42]    총 11건의 주요사항보고 조회됨
[10:49:42]    배당 결정 공시 없음
[10:49:43] 🔍 KIND ETF 공시 확인 중... (조회기간: 2026-06-28 ~ 2026-06-29)
[10:49:43]    새로운 감시 ETF 이익분배금 공시 없음
[10:54:44] 🔍 DART 공시 확인 중... (조회기간: 20260628 ~ 20260629)
[10:54:44]    총 11건의 주요사항보고 조회됨
[10:54:44]    배당 결정 공시 없음
[10:54:45] 🔍 KIND ETF 공시 확인 중... (조회기간: 2026-06-28 ~ 2026-06-29)
[10:54:45]    새로운 감시 ETF 이익분배금 공시 없음
[10:59:45] 🔍 DART 공시 확인 중... (조회기간: 20260628 ~ 20260629)
[10:59:45]    총 11건의 주요사항보고 조회됨
[10:59:45]    배당 결정 공시 없음
[10:59:46] 🔍 KIND ETF 공시 확인 중... (조회기간: 2026-06-28 ~ 2026-06-29)
[10:59:46]    새로운 감시 ETF 이익분배금 공시 없음
[11:04:47] 🔍 DART 공시 확인 중... (조회기간: 20260628 ~ 20260629)
[11:04:47]    총 11건의 주요사항보고 조회됨
[11:04:47]    배당 결정 공시 없음
[11:04:48] 🔍 KIND ETF 공시 확인 중... (조회기간: 2026-06-28 ~ 2026-06-29)
[11:04:48]    새로운 감시 ETF 이익분배금 공시 없음
[11:09:48] 🔍 DART 공시 확인 중... (조회기간: 20260628 ~ 20260629)
[11:09:48]    총 11건의 주요사항보고 조회됨
[11:09:48]    배당 결정 공시 없음
[11:09:49] 🔍 KIND ETF 공시 확인 중... (조회기간: 2026-06-28 ~ 2026-06-29)
[11:09:49]    새로운 감시 ETF 이익분배금 공시 없음
[11:14:50] 🔍 DART 공시 확인 중... (조회기간: 20260628 ~ 20260629)
[11:14:50]    총 11건의 주요사항보고 조회됨
[11:14:50]    배당 결정 공시 없음
[11:14:51] 🔍 KIND ETF 공시 확인 중... (조회기간: 2026-06-28 ~ 2026-06-29)
[11:14:51]    새로운 감시 ETF 이익분배금 공시 없음
[11:19:52] 🔍 DART 공시 확인 중... (조회기간: 20260628 ~ 20260629)
[11:19:52]    총 11건의 주요사항보고 조회됨
[11:19:52]    배당 결정 공시 없음
[11:19:52] 🔍 KIND ETF 공시 확인 중... (조회기간: 2026-06-28 ~ 2026-06-29)
[11:19:52]    새로운 감시 ETF 이익분배금 공시 없음
[11:24:53] 🔍 DART 공시 확인 중... (조회기간: 20260628 ~ 20260629)
[11:24:53]    총 13건의 주요사항보고 조회됨
[11:24:53]    배당 결정 공시 없음
[11:24:54] 🔍 KIND ETF 공시 확인 중... (조회기간: 2026-06-28 ~ 2026-06-29)
[11:24:54]    새로운 감시 ETF 이익분배금 공시 없음
[11:29:55] 🔍 DART 공시 확인 중... (조회기간: 20260628 ~ 20260629)
[11:29:55]    총 13건의 주요사항보고 조회됨
[11:29:55]    배당 결정 공시 없음
[11:29:56] 🔍 KIND ETF 공시 확인 중... (조회기간: 2026-06-28 ~ 2026-06-29)
[11:29:56]    새로운 감시 ETF 이익분배금 공시 없음
[11:34:56] 🔍 DART 공시 확인 중... (조회기간: 20260628 ~ 20260629)
[11:34:56]    총 13건의 주요사항보고 조회됨
[11:34:56]    배당 결정 공시 없음
[11:34:57] 🔍 KIND ETF 공시 확인 중... (조회기간: 2026-06-28 ~ 2026-06-29)
[11:34:57]    새로운 감시 ETF 이익분배금 공시 없음
[11:39:58] 🔍 DART 공시 확인 중... (조회기간: 20260628 ~ 20260629)
[11:39:58]    총 13건의 주요사항보고 조회됨
[11:39:58]    배당 결정 공시 없음
[11:39:59] 🔍 KIND ETF 공시 확인 중... (조회기간: 2026-06-28 ~ 2026-06-29)
[11:39:59]    새로운 감시 ETF 이익분배금 공시 없음
[11:44:59] 🔍 DART 공시 확인 중... (조회기간: 20260628 ~ 20260629)
[11:44:59]    총 13건의 주요사항보고 조회됨
[11:44:59]    배당 결정 공시 없음
[11:45:00] 🔍 KIND ETF 공시 확인 중... (조회기간: 2026-06-28 ~ 2026-06-29)
[11:45:00]    새로운 감시 ETF 이익분배금 공시 없음
[11:50:02] 🔍 DART 공시 확인 중... (조회기간: 20260628 ~ 20260629)
[11:50:02]    총 13건의 주요사항보고 조회됨
[11:50:02]    배당 결정 공시 없음
[11:50:02] 🔍 KIND ETF 공시 확인 중... (조회기간: 2026-06-28 ~ 2026-06-29)
[11:50:02]    새로운 감시 ETF 이익분배금 공시 없음
[11:55:03] 🔍 DART 공시 확인 중... (조회기간: 20260628 ~ 20260629)
[11:55:03]    총 13건의 주요사항보고 조회됨
[11:55:03]    배당 결정 공시 없음
[11:55:04] 🔍 KIND ETF 공시 확인 중... (조회기간: 2026-06-28 ~ 2026-06-29)
[11:55:04]    새로운 감시 ETF 이익분배금 공시 없음
[12:00:05] 🔍 DART 공시 확인 중... (조회기간: 20260628 ~ 20260629)
[12:00:05]    총 13건의 주요사항보고 조회됨
[12:00:05]    배당 결정 공시 없음
[12:00:06] 🔍 KIND ETF 공시 확인 중... (조회기간: 2026-06-28 ~ 2026-06-29)
[12:00:06]    새로운 감시 ETF 이익분배금 공시 없음
[12:05:07] 🔍 DART 공시 확인 중... (조회기간: 20260628 ~ 20260629)
[12:05:07]    총 13건의 주요사항보고 조회됨
[12:05:07]    배당 결정 공시 없음
[12:05:08] 🔍 KIND ETF 공시 확인 중... (조회기간: 2026-06-28 ~ 2026-06-29)
[12:05:08]    새로운 감시 ETF 이익분배금 공시 없음
[12:10:08] 🔍 DART 공시 확인 중... (조회기간: 20260628 ~ 20260629)
[12:10:08]    총 13건의 주요사항보고 조회됨
[12:10:08]    배당 결정 공시 없음
[12:10:09] 🔍 KIND ETF 공시 확인 중... (조회기간: 2026-06-28 ~ 2026-06-29)
[12:10:09]    새로운 감시 ETF 이익분배금 공시 없음
[12:15:10] 🔍 DART 공시 확인 중... (조회기간: 20260628 ~ 20260629)
[12:15:10]    총 13건의 주요사항보고 조회됨
[12:15:10]    배당 결정 공시 없음
[12:15:11] 🔍 KIND ETF 공시 확인 중... (조회기간: 2026-06-28 ~ 2026-06-29)
[12:15:11]    새로운 감시 ETF 이익분배금 공시 없음
[12:20:11] 🔍 DART 공시 확인 중... (조회기간: 20260628 ~ 20260629)
[12:20:11]    총 13건의 주요사항보고 조회됨
[12:20:11]    배당 결정 공시 없음
[12:20:12] 🔍 KIND ETF 공시 확인 중... (조회기간: 2026-06-28 ~ 2026-06-29)
[12:20:12]    새로운 감시 ETF 이익분배금 공시 없음
[12:25:13] 🔍 DART 공시 확인 중... (조회기간: 20260628 ~ 20260629)
[12:25:13]    총 13건의 주요사항보고 조회됨
[12:25:13]    배당 결정 공시 없음
[12:25:14] 🔍 KIND ETF 공시 확인 중... (조회기간: 2026-06-28 ~ 2026-06-29)
[12:25:14]    새로운 감시 ETF 이익분배금 공시 없음
[12:30:22] 🔍 DART 공시 확인 중... (조회기간: 20260628 ~ 20260629)
[12:30:22]    총 13건의 주요사항보고 조회됨
[12:30:22]    배당 결정 공시 없음
[12:30:23] 🔍 KIND ETF 공시 확인 중... (조회기간: 2026-06-28 ~ 2026-06-29)
[12:30:23]    새로운 감시 ETF 이익분배금 공시 없음
[12:35:24] 🔍 DART 공시 확인 중... (조회기간: 20260628 ~ 20260629)
[12:35:24]    총 13건의 주요사항보고 조회됨
[12:35:24]    배당 결정 공시 없음
[12:35:25] 🔍 KIND ETF 공시 확인 중... (조회기간: 2026-06-28 ~ 2026-06-29)
[12:35:25]    새로운 감시 ETF 이익분배금 공시 없음
[12:40:26] 🔍 DART 공시 확인 중... (조회기간: 20260628 ~ 20260629)
[12:40:26]    총 13건의 주요사항보고 조회됨
[12:40:26]    배당 결정 공시 없음
[12:40:26] 🔍 KIND ETF 공시 확인 중... (조회기간: 2026-06-28 ~ 2026-06-29)
[12:40:26]    새로운 감시 ETF 이익분배금 공시 없음
[12:45:27] 🔍 DART 공시 확인 중... (조회기간: 20260628 ~ 20260629)
[12:45:27]    총 13건의 주요사항보고 조회됨
[12:45:27]    배당 결정 공시 없음
[12:45:28] 🔍 KIND ETF 공시 확인 중... (조회기간: 2026-06-28 ~ 2026-06-29)
[12:45:28]    새로운 감시 ETF 이익분배금 공시 없음
[12:50:29] 🔍 DART 공시 확인 중... (조회기간: 20260628 ~ 20260629)
[12:50:29]    총 13건의 주요사항보고 조회됨
[12:50:29]    배당 결정 공시 없음
[12:50:29] 🔍 KIND ETF 공시 확인 중... (조회기간: 2026-06-28 ~ 2026-06-29)
[12:50:29]    새로운 감시 ETF 이익분배금 공시 없음
[12:55:30] 🔍 DART 공시 확인 중... (조회기간: 20260628 ~ 20260629)
[12:55:30]    총 13건의 주요사항보고 조회됨
[12:55:30]    배당 결정 공시 없음
[12:55:31] 🔍 KIND ETF 공시 확인 중... (조회기간: 2026-06-28 ~ 2026-06-29)
[12:55:31]    새로운 감시 ETF 이익분배금 공시 없음
[13:00:32] 🔍 DART 공시 확인 중... (조회기간: 20260628 ~ 20260629)
[13:00:32]    총 13건의 주요사항보고 조회됨
[13:00:32]    배당 결정 공시 없음
[13:00:33] 🔍 KIND ETF 공시 확인 중... (조회기간: 2026-06-28 ~ 2026-06-29)
[13:00:33]    새로운 감시 ETF 이익분배금 공시 없음
[13:05:33] 🔍 DART 공시 확인 중... (조회기간: 20260628 ~ 20260629)
[13:05:33]    총 13건의 주요사항보고 조회됨
[13:05:33]    배당 결정 공시 없음
[13:05:34] 🔍 KIND ETF 공시 확인 중... (조회기간: 2026-06-28 ~ 2026-06-29)
[13:05:34]    새로운 감시 ETF 이익분배금 공시 없음
[13:10:35] 🔍 DART 공시 확인 중... (조회기간: 20260628 ~ 20260629)
[13:10:35]    총 13건의 주요사항보고 조회됨
[13:10:35]    배당 결정 공시 없음
[13:10:36] 🔍 KIND ETF 공시 확인 중... (조회기간: 2026-06-28 ~ 2026-06-29)
[13:10:36]    새로운 감시 ETF 이익분배금 공시 없음
[13:15:37] 🔍 DART 공시 확인 중... (조회기간: 20260628 ~ 20260629)
[13:15:37]    총 13건의 주요사항보고 조회됨
[13:15:37]    배당 결정 공시 없음
[13:15:38] 🔍 KIND ETF 공시 확인 중... (조회기간: 2026-06-28 ~ 2026-06-29)
[13:15:38]    새로운 감시 ETF 이익분배금 공시 없음
[13:20:40] 🔍 DART 공시 확인 중... (조회기간: 20260628 ~ 20260629)
[13:20:40]    총 13건의 주요사항보고 조회됨
[13:20:40]    배당 결정 공시 없음
[13:20:41] 🔍 KIND ETF 공시 확인 중... (조회기간: 2026-06-28 ~ 2026-06-29)
[13:20:41]    새로운 감시 ETF 이익분배금 공시 없음
[13:25:42] 🔍 DART 공시 확인 중... (조회기간: 20260628 ~ 20260629)
[13:25:42]    총 13건의 주요사항보고 조회됨
[13:25:42]    배당 결정 공시 없음
[13:25:43] 🔍 KIND ETF 공시 확인 중... (조회기간: 2026-06-28 ~ 2026-06-29)
[13:25:43]    새로운 감시 ETF 이익분배금 공시 없음
[13:30:44] 🔍 DART 공시 확인 중... (조회기간: 20260628 ~ 20260629)
[13:30:44]    총 13건의 주요사항보고 조회됨
[13:30:44]    배당 결정 공시 없음
[13:30:45] 🔍 KIND ETF 공시 확인 중... (조회기간: 2026-06-28 ~ 2026-06-29)
[13:30:45]    새로운 감시 ETF 이익분배금 공시 없음
[13:35:46] 🔍 DART 공시 확인 중... (조회기간: 20260628 ~ 20260629)
[13:35:46]    총 13건의 주요사항보고 조회됨
[13:35:46]    배당 결정 공시 없음
[13:35:47] 🔍 KIND ETF 공시 확인 중... (조회기간: 2026-06-28 ~ 2026-06-29)
[13:35:47]    새로운 감시 ETF 이익분배금 공시 없음
[13:40:49] 🔍 DART 공시 확인 중... (조회기간: 20260628 ~ 20260629)
[13:40:49]    총 13건의 주요사항보고 조회됨
[13:40:49]    배당 결정 공시 없음
[13:40:50] 🔍 KIND ETF 공시 확인 중... (조회기간: 2026-06-28 ~ 2026-06-29)
[13:40:50]    새로운 감시 ETF 이익분배금 공시 없음
[13:45:51] 🔍 DART 공시 확인 중... (조회기간: 20260628 ~ 20260629)
[13:45:51]    총 13건의 주요사항보고 조회됨
[13:45:51]    배당 결정 공시 없음
[13:45:52] 🔍 KIND ETF 공시 확인 중... (조회기간: 2026-06-28 ~ 2026-06-29)
[13:45:52]    새로운 감시 ETF 이익분배금 공시 없음
[13:50:53] 🔍 DART 공시 확인 중... (조회기간: 20260628 ~ 20260629)
[13:50:53]    총 14건의 주요사항보고 조회됨
[13:50:53]    배당 결정 공시 없음
[13:50:55] 🔍 KIND ETF 공시 확인 중... (조회기간: 2026-06-28 ~ 2026-06-29)
[13:50:55]    새로운 감시 ETF 이익분배금 공시 없음
[13:55:56] 🔍 DART 공시 확인 중... (조회기간: 20260628 ~ 20260629)
[13:55:56]    총 14건의 주요사항보고 조회됨
[13:55:56]    배당 결정 공시 없음
[13:55:57] 🔍 KIND ETF 공시 확인 중... (조회기간: 2026-06-28 ~ 2026-06-29)
[13:55:57]    새로운 감시 ETF 이익분배금 공시 없음
[14:00:58] 🔍 DART 공시 확인 중... (조회기간: 20260628 ~ 20260629)
[14:00:58]    총 14건의 주요사항보고 조회됨
[14:00:58]    배당 결정 공시 없음
[14:00:59] 🔍 KIND ETF 공시 확인 중... (조회기간: 2026-06-28 ~ 2026-06-29)
[14:00:59]    새로운 감시 ETF 이익분배금 공시 없음
[14:06:00] 🔍 DART 공시 확인 중... (조회기간: 20260628 ~ 20260629)
[14:06:00]    총 14건의 주요사항보고 조회됨
[14:06:00]    배당 결정 공시 없음
[14:06:02] 🔍 KIND ETF 공시 확인 중... (조회기간: 2026-06-28 ~ 2026-06-29)
[14:06:02]    새로운 감시 ETF 이익분배금 공시 없음
[14:11:04] 🔍 DART 공시 확인 중... (조회기간: 20260628 ~ 20260629)
[14:11:04]    총 15건의 주요사항보고 조회됨
[14:11:04]    배당 결정 공시 없음
[14:11:04] 🔍 KIND ETF 공시 확인 중... (조회기간: 2026-06-28 ~ 2026-06-29)
[14:11:04]    새로운 감시 ETF 이익분배금 공시 없음
[14:16:05] 🔍 DART 공시 확인 중... (조회기간: 20260628 ~ 20260629)
[14:16:05]    총 15건의 주요사항보고 조회됨
[14:16:05]    배당 결정 공시 없음
[14:16:06] 🔍 KIND ETF 공시 확인 중... (조회기간: 2026-06-28 ~ 2026-06-29)
[14:16:06]    새로운 감시 ETF 이익분배금 공시 없음
[14:21:07] 🔍 DART 공시 확인 중... (조회기간: 20260628 ~ 20260629)
[14:21:07]    총 16건의 주요사항보고 조회됨
[14:21:07]    배당 결정 공시 없음
[14:21:09] 🔍 KIND ETF 공시 확인 중... (조회기간: 2026-06-28 ~ 2026-06-29)
[14:21:09]    새로운 감시 ETF 이익분배금 공시 없음
[14:26:10] 🔍 DART 공시 확인 중... (조회기간: 20260628 ~ 20260629)
[14:26:10]    총 16건의 주요사항보고 조회됨
[14:26:10]    배당 결정 공시 없음
[14:26:11] 🔍 KIND ETF 공시 확인 중... (조회기간: 2026-06-28 ~ 2026-06-29)
[14:26:11]    새로운 감시 ETF 이익분배금 공시 없음
[14:31:12] 🔍 DART 공시 확인 중... (조회기간: 20260628 ~ 20260629)
[14:31:12]    총 18건의 주요사항보고 조회됨
[14:31:12]    배당 결정 공시 없음
[14:31:13] 🔍 KIND ETF 공시 확인 중... (조회기간: 2026-06-28 ~ 2026-06-29)
[14:31:13]    새로운 감시 ETF 이익분배금 공시 없음
[14:36:15] 🔍 DART 공시 확인 중... (조회기간: 20260628 ~ 20260629)
[14:36:15]    총 18건의 주요사항보고 조회됨
[14:36:15]    배당 결정 공시 없음
[14:36:16] 🔍 KIND ETF 공시 확인 중... (조회기간: 2026-06-28 ~ 2026-06-29)
[14:36:16]    새로운 감시 ETF 이익분배금 공시 없음
[14:41:18] 🔍 DART 공시 확인 중... (조회기간: 20260628 ~ 20260629)
[14:41:18]    총 18건의 주요사항보고 조회됨
[14:41:18]    배당 결정 공시 없음
[14:41:19] 🔍 KIND ETF 공시 확인 중... (조회기간: 2026-06-28 ~ 2026-06-29)
[14:41:19]    새로운 감시 ETF 이익분배금 공시 없음
[14:46:20] 🔍 DART 공시 확인 중... (조회기간: 20260628 ~ 20260629)
[14:46:20]    총 18건의 주요사항보고 조회됨
[14:46:20]    배당 결정 공시 없음
[14:46:21] 🔍 KIND ETF 공시 확인 중... (조회기간: 2026-06-28 ~ 2026-06-29)
[14:46:21]    새로운 감시 ETF 이익분배금 공시 없음
[14:51:22] 🔍 DART 공시 확인 중... (조회기간: 20260628 ~ 20260629)
[14:51:22]    총 18건의 주요사항보고 조회됨
[14:51:22]    배당 결정 공시 없음
[14:51:24] 🔍 KIND ETF 공시 확인 중... (조회기간: 2026-06-28 ~ 2026-06-29)
[14:51:24]    새로운 감시 ETF 이익분배금 공시 없음
[14:56:25] 🔍 DART 공시 확인 중... (조회기간: 20260628 ~ 20260629)
[14:56:25]    총 18건의 주요사항보고 조회됨
[14:56:25]    배당 결정 공시 없음
[14:56:27] 🔍 KIND ETF 공시 확인 중... (조회기간: 2026-06-28 ~ 2026-06-29)
[14:56:27]    새로운 감시 ETF 이익분배금 공시 없음
[15:01:28] 🔍 DART 공시 확인 중... (조회기간: 20260628 ~ 20260629)
[15:01:28]    총 18건의 주요사항보고 조회됨
[15:01:28]    배당 결정 공시 없음
[15:01:29] 🔍 KIND ETF 공시 확인 중... (조회기간: 2026-06-28 ~ 2026-06-29)
[15:01:29]    새로운 감시 ETF 이익분배금 공시 없음
[15:06:30] 🔍 DART 공시 확인 중... (조회기간: 20260628 ~ 20260629)
[15:06:30]    총 18건의 주요사항보고 조회됨
[15:06:30]    배당 결정 공시 없음
[15:06:31] 🔍 KIND ETF 공시 확인 중... (조회기간: 2026-06-28 ~ 2026-06-29)
[15:06:31]    새로운 감시 ETF 이익분배금 공시 없음
[15:11:34] 🔍 DART 공시 확인 중... (조회기간: 20260628 ~ 20260629)
[15:11:34]    총 18건의 주요사항보고 조회됨
[15:11:34]    배당 결정 공시 없음
[15:11:35] 🔍 KIND ETF 공시 확인 중... (조회기간: 2026-06-28 ~ 2026-06-29)
[15:11:35]    새로운 감시 ETF 이익분배금 공시 없음
[15:16:36] 🔍 DART 공시 확인 중... (조회기간: 20260628 ~ 20260629)
[15:16:36]    총 18건의 주요사항보고 조회됨
[15:16:36]    배당 결정 공시 없음
[15:16:37] 🔍 KIND ETF 공시 확인 중... (조회기간: 2026-06-28 ~ 2026-06-29)
[15:16:37]    새로운 감시 ETF 이익분배금 공시 없음
[15:21:38] 🔍 DART 공시 확인 중... (조회기간: 20260628 ~ 20260629)
[15:21:38]    총 18건의 주요사항보고 조회됨
[15:21:38]    배당 결정 공시 없음
[15:21:40] 🔍 KIND ETF 공시 확인 중... (조회기간: 2026-06-28 ~ 2026-06-29)
[15:21:40]    새로운 감시 ETF 이익분배금 공시 없음
[15:26:42] 🔍 DART 공시 확인 중... (조회기간: 20260628 ~ 20260629)
[15:26:42]    총 18건의 주요사항보고 조회됨
[15:26:42]    배당 결정 공시 없음
[15:26:43] 🔍 KIND ETF 공시 확인 중... (조회기간: 2026-06-28 ~ 2026-06-29)
[15:26:43]    새로운 감시 ETF 이익분배금 공시 없음
[15:31:44] 🔍 DART 공시 확인 중... (조회기간: 20260628 ~ 20260629)
[15:31:44]    총 18건의 주요사항보고 조회됨
[15:31:44]    배당 결정 공시 없음
[15:31:45] 🔍 KIND ETF 공시 확인 중... (조회기간: 2026-06-28 ~ 2026-06-29)
[15:31:45]    새로운 감시 ETF 이익분배금 공시 없음
[15:36:46] 🔍 DART 공시 확인 중... (조회기간: 20260628 ~ 20260629)
[15:36:46]    총 18건의 주요사항보고 조회됨
[15:36:46]    배당 결정 공시 없음
[15:36:48] 🔍 KIND ETF 공시 확인 중... (조회기간: 2026-06-28 ~ 2026-06-29)
[15:36:48]    새로운 감시 ETF 이익분배금 공시 없음
[15:41:50] 🔍 DART 공시 확인 중... (조회기간: 20260628 ~ 20260629)
[15:41:50]    총 18건의 주요사항보고 조회됨
[15:41:50]    배당 결정 공시 없음
[15:41:51] 🔍 KIND ETF 공시 확인 중... (조회기간: 2026-06-28 ~ 2026-06-29)
[15:41:51]    새로운 감시 ETF 이익분배금 공시 없음
[15:46:52] 🔍 DART 공시 확인 중... (조회기간: 20260628 ~ 20260629)
[15:46:52]    총 18건의 주요사항보고 조회됨
[15:46:52]    배당 결정 공시 없음
[15:46:53] 🔍 KIND ETF 공시 확인 중... (조회기간: 2026-06-28 ~ 2026-06-29)
[15:46:53]    새로운 감시 ETF 이익분배금 공시 없음
[15:51:55] 🔍 DART 공시 확인 중... (조회기간: 20260628 ~ 20260629)
[15:51:55]    총 18건의 주요사항보고 조회됨
[15:51:55]    배당 결정 공시 없음
[15:51:55] 🔍 KIND ETF 공시 확인 중... (조회기간: 2026-06-28 ~ 2026-06-29)
[15:51:55]    새로운 감시 ETF 이익분배금 공시 없음
[15:56:56] 🔍 DART 공시 확인 중... (조회기간: 20260628 ~ 20260629)
[15:56:56]    총 18건의 주요사항보고 조회됨
[15:56:56]    배당 결정 공시 없음
[15:56:57] 🔍 KIND ETF 공시 확인 중... (조회기간: 2026-06-28 ~ 2026-06-29)
[15:56:57]    새로운 감시 ETF 이익분배금 공시 없음
[16:01:58] 🔍 DART 공시 확인 중... (조회기간: 20260628 ~ 20260629)
[16:01:58]    총 19건의 주요사항보고 조회됨
[16:01:58]    배당 결정 공시 없음
[16:01:59] 🔍 KIND ETF 공시 확인 중... (조회기간: 2026-06-28 ~ 2026-06-29)
[16:01:59]    새로운 감시 ETF 이익분배금 공시 없음
[16:07:00] 🔍 DART 공시 확인 중... (조회기간: 20260628 ~ 20260629)
[16:07:00]    총 21건의 주요사항보고 조회됨
[16:07:00]    배당 결정 공시 없음
[16:07:01] 🔍 KIND ETF 공시 확인 중... (조회기간: 2026-06-28 ~ 2026-06-29)
[16:07:01]    새로운 감시 ETF 이익분배금 공시 없음
[16:12:02] 🔍 DART 공시 확인 중... (조회기간: 20260628 ~ 20260629)
[16:12:02]    총 23건의 주요사항보고 조회됨
[16:12:02]    배당 결정 공시 없음
[16:12:04] 🔍 KIND ETF 공시 확인 중... (조회기간: 2026-06-28 ~ 2026-06-29)
[16:12:04]    새로운 감시 ETF 이익분배금 공시 없음
[16:17:05] 🔍 DART 공시 확인 중... (조회기간: 20260628 ~ 20260629)
[16:17:05]    총 24건의 주요사항보고 조회됨
[16:17:05]    배당 결정 공시 없음
[16:17:06] 🔍 KIND ETF 공시 확인 중... (조회기간: 2026-06-28 ~ 2026-06-29)
[16:17:06]    새로운 감시 ETF 이익분배금 공시 없음
[16:22:06] 🔍 DART 공시 확인 중... (조회기간: 20260628 ~ 20260629)
[16:22:06]    총 25건의 주요사항보고 조회됨
[16:22:06]    배당 결정 공시 없음
[16:22:07] 🔍 KIND ETF 공시 확인 중... (조회기간: 2026-06-28 ~ 2026-06-29)
[16:22:07]    새로운 감시 ETF 이익분배금 공시 없음
[16:27:08] 🔍 DART 공시 확인 중... (조회기간: 20260628 ~ 20260629)
[16:27:08]    총 26건의 주요사항보고 조회됨
[16:27:08]    배당 결정 공시 없음
[16:27:10] 🔍 KIND ETF 공시 확인 중... (조회기간: 2026-06-28 ~ 2026-06-29)
[16:27:10]    새로운 감시 ETF 이익분배금 공시 없음
[16:32:11] 🔍 DART 공시 확인 중... (조회기간: 20260628 ~ 20260629)
[16:32:11]    총 26건의 주요사항보고 조회됨
[16:32:11]    배당 결정 공시 없음
[16:32:13] 🔍 KIND ETF 공시 확인 중... (조회기간: 2026-06-28 ~ 2026-06-29)
[16:32:13]    새로운 감시 ETF 이익분배금 공시 없음
[16:37:14] 🔍 DART 공시 확인 중... (조회기간: 20260628 ~ 20260629)
[16:37:14]    총 27건의 주요사항보고 조회됨
[16:37:14]    배당 결정 공시 없음
[16:37:15] 🔍 KIND ETF 공시 확인 중... (조회기간: 2026-06-28 ~ 2026-06-29)
[16:37:15]    새로운 감시 ETF 이익분배금 공시 없음
[16:42:16] 🔍 DART 공시 확인 중... (조회기간: 20260628 ~ 20260629)
[16:42:16]    총 29건의 주요사항보고 조회됨
[16:42:16]    배당 결정 공시 없음
[16:42:17] 🔍 KIND ETF 공시 확인 중... (조회기간: 2026-06-28 ~ 2026-06-29)
[16:42:17]    새로운 감시 ETF 이익분배금 공시 없음
[16:47:18] 🔍 DART 공시 확인 중... (조회기간: 20260628 ~ 20260629)
[16:47:18]    총 30건의 주요사항보고 조회됨
[16:47:18]    배당 결정 공시 없음
[16:47:19] 🔍 KIND ETF 공시 확인 중... (조회기간: 2026-06-28 ~ 2026-06-29)
[16:47:19]    새로운 감시 ETF 이익분배금 공시 없음
[16:52:21] 🔍 DART 공시 확인 중... (조회기간: 20260628 ~ 20260629)
[16:52:21]    총 30건의 주요사항보고 조회됨
[16:52:21]    배당 결정 공시 없음
[16:52:22] 🔍 KIND ETF 공시 확인 중... (조회기간: 2026-06-28 ~ 2026-06-29)
[16:52:22]    새로운 감시 ETF 이익분배금 공시 없음
[16:57:22] 🔍 DART 공시 확인 중... (조회기간: 20260628 ~ 20260629)
[16:57:22]    총 30건의 주요사항보고 조회됨
[16:57:22]    배당 결정 공시 없음
[16:57:23] 🔍 KIND ETF 공시 확인 중... (조회기간: 2026-06-28 ~ 2026-06-29)
[16:57:23]    새로운 감시 ETF 이익분배금 공시 없음
[17:02:24] 🔍 DART 공시 확인 중... (조회기간: 20260628 ~ 20260629)
[17:02:24]    총 31건의 주요사항보고 조회됨
[17:02:24]    배당 결정 공시 없음
[17:02:25] 🔍 KIND ETF 공시 확인 중... (조회기간: 2026-06-28 ~ 2026-06-29)
[17:02:25]    새로운 감시 ETF 이익분배금 공시 없음
[17:07:26] 🔍 DART 공시 확인 중... (조회기간: 20260628 ~ 20260629)
[17:07:26]    총 33건의 주요사항보고 조회됨
[17:07:26]    배당 결정 공시 없음
[17:07:27] 🔍 KIND ETF 공시 확인 중... (조회기간: 2026-06-28 ~ 2026-06-29)
[17:07:27]    새로운 감시 ETF 이익분배금 공시 없음
[17:12:28] 🔍 DART 공시 확인 중... (조회기간: 20260628 ~ 20260629)
[17:12:28]    총 34건의 주요사항보고 조회됨
[17:12:28]    배당 결정 공시 없음
[17:12:29] 🔍 KIND ETF 공시 확인 중... (조회기간: 2026-06-28 ~ 2026-06-29)
[17:12:29]    새로운 감시 ETF 이익분배금 공시 없음
[17:17:30] 🔍 DART 공시 확인 중... (조회기간: 20260628 ~ 20260629)
[17:17:30]    총 34건의 주요사항보고 조회됨
[17:17:30]    배당 결정 공시 없음
[17:17:31] 🔍 KIND ETF 공시 확인 중... (조회기간: 2026-06-28 ~ 2026-06-29)
[17:17:31]    새로운 감시 ETF 이익분배금 공시 없음
[17:22:32] 🔍 DART 공시 확인 중... (조회기간: 20260628 ~ 20260629)
[17:22:32]    총 35건의 주요사항보고 조회됨
[17:22:32]    배당 결정 공시 없음
[17:22:33] 🔍 KIND ETF 공시 확인 중... (조회기간: 2026-06-28 ~ 2026-06-29)
[17:22:33]    새로운 감시 ETF 이익분배금 공시 없음
[17:27:34] 🔍 DART 공시 확인 중... (조회기간: 20260628 ~ 20260629)
[17:27:34]    총 36건의 주요사항보고 조회됨
[17:27:34]    배당 결정 공시 없음
[17:27:35] 🔍 KIND ETF 공시 확인 중... (조회기간: 2026-06-28 ~ 2026-06-29)
[17:27:35]    새로운 감시 ETF 이익분배금 공시 없음
[17:32:36] 🔍 DART 공시 확인 중... (조회기간: 20260628 ~ 20260629)
[17:32:36]    총 36건의 주요사항보고 조회됨
[17:32:36]    배당 결정 공시 없음
[17:32:37] 🔍 KIND ETF 공시 확인 중... (조회기간: 2026-06-28 ~ 2026-06-29)
[17:32:37]    새로운 감시 ETF 이익분배금 공시 없음
[17:37:38] 🔍 DART 공시 확인 중... (조회기간: 20260628 ~ 20260629)
[17:37:38]    총 36건의 주요사항보고 조회됨
[17:37:38]    배당 결정 공시 없음
[17:37:39] 🔍 KIND ETF 공시 확인 중... (조회기간: 2026-06-28 ~ 2026-06-29)
[17:37:39]    새로운 감시 ETF 이익분배금 공시 없음
[17:42:41] 🔍 DART 공시 확인 중... (조회기간: 20260628 ~ 20260629)
[17:42:41]    총 36건의 주요사항보고 조회됨
[17:42:41]    배당 결정 공시 없음
[17:42:42] 🔍 KIND ETF 공시 확인 중... (조회기간: 2026-06-28 ~ 2026-06-29)
[17:42:42]    새로운 감시 ETF 이익분배금 공시 없음
[17:47:42] 🔍 DART 공시 확인 중... (조회기간: 20260628 ~ 20260629)
[17:47:42]    총 38건의 주요사항보고 조회됨
[17:47:42]    배당 결정 공시 없음
[17:47:44] 🔍 KIND ETF 공시 확인 중... (조회기간: 2026-06-28 ~ 2026-06-29)
[17:47:44]    새로운 감시 ETF 이익분배금 공시 없음
[17:52:45] 🔍 DART 공시 확인 중... (조회기간: 20260628 ~ 20260629)
[17:52:45]    총 38건의 주요사항보고 조회됨
[17:52:45]    배당 결정 공시 없음
[17:52:46] 🔍 KIND ETF 공시 확인 중... (조회기간: 2026-06-28 ~ 2026-06-29)
[17:52:46]    새로운 감시 ETF 이익분배금 공시 없음
[17:57:49] 🔍 DART 공시 확인 중... (조회기간: 20260628 ~ 20260629)
[17:57:49]    총 41건의 주요사항보고 조회됨
[17:57:49]    배당 결정 공시 없음
[17:57:50] 🔍 KIND ETF 공시 확인 중... (조회기간: 2026-06-28 ~ 2026-06-29)
[17:57:50]    새로운 감시 ETF 이익분배금 공시 없음
[18:02:51] 🔍 DART 공시 확인 중... (조회기간: 20260628 ~ 20260629)
[18:02:51]    총 43건의 주요사항보고 조회됨
[18:02:51]    배당 결정 공시 없음
[18:02:52] 🔍 KIND ETF 공시 확인 중... (조회기간: 2026-06-28 ~ 2026-06-29)
[18:02:52]    새로운 감시 ETF 이익분배금 공시 없음
[18:07:53] 🔍 DART 공시 확인 중... (조회기간: 20260628 ~ 20260629)
[18:07:53]    총 43건의 주요사항보고 조회됨
[18:07:53]    배당 결정 공시 없음
[18:07:54] 🔍 KIND ETF 공시 확인 중... (조회기간: 2026-06-28 ~ 2026-06-29)
[18:07:54]    새로운 감시 ETF 이익분배금 공시 없음
[18:12:56] 🔍 DART 공시 확인 중... (조회기간: 20260628 ~ 20260629)
[18:12:56]    총 43건의 주요사항보고 조회됨
[18:12:56]    배당 결정 공시 없음
[18:12:57] 🔍 KIND ETF 공시 확인 중... (조회기간: 2026-06-28 ~ 2026-06-29)
[18:12:57]    새로운 감시 ETF 이익분배금 공시 없음
[18:17:59] 🔍 DART 공시 확인 중... (조회기간: 20260628 ~ 20260629)
[18:17:59]    총 43건의 주요사항보고 조회됨
[18:17:59]    배당 결정 공시 없음
[18:18:01] 🔍 KIND ETF 공시 확인 중... (조회기간: 2026-06-28 ~ 2026-06-29)
[18:18:01]    새로운 감시 ETF 이익분배금 공시 없음
[18:23:04] 🔍 DART 공시 확인 중... (조회기간: 20260628 ~ 20260629)
[18:23:04]    총 43건의 주요사항보고 조회됨
[18:23:04]    배당 결정 공시 없음
[18:23:05] 🔍 KIND ETF 공시 확인 중... (조회기간: 2026-06-28 ~ 2026-06-29)
[18:23:05]    새로운 감시 ETF 이익분배금 공시 없음
[18:28:06] 🔍 DART 공시 확인 중... (조회기간: 20260628 ~ 20260629)
[18:28:06]    총 43건의 주요사항보고 조회됨
[18:28:06]    배당 결정 공시 없음
[18:28:07] 🔍 KIND ETF 공시 확인 중... (조회기간: 2026-06-28 ~ 2026-06-29)
[18:28:07]    새로운 감시 ETF 이익분배금 공시 없음
[18:33:09] 🔍 DART 공시 확인 중... (조회기간: 20260628 ~ 20260629)
[18:33:09]    총 43건의 주요사항보고 조회됨
[18:33:09]    배당 결정 공시 없음
[18:33:10] 🔍 KIND ETF 공시 확인 중... (조회기간: 2026-06-28 ~ 2026-06-29)
[18:33:10]    새로운 감시 ETF 이익분배금 공시 없음
[18:38:12] 🔍 DART 공시 확인 중... (조회기간: 20260628 ~ 20260629)
[18:38:12]    총 43건의 주요사항보고 조회됨
[18:38:12]    배당 결정 공시 없음
[18:38:13] 🔍 KIND ETF 공시 확인 중... (조회기간: 2026-06-28 ~ 2026-06-29)
[18:38:13]    새로운 감시 ETF 이익분배금 공시 없음
[18:43:14] 🔍 DART 공시 확인 중... (조회기간: 20260628 ~ 20260629)
[18:43:14]    총 43건의 주요사항보고 조회됨
[18:43:14]    배당 결정 공시 없음
[18:43:15] 🔍 KIND ETF 공시 확인 중... (조회기간: 2026-06-28 ~ 2026-06-29)
[18:43:15]    새로운 감시 ETF 이익분배금 공시 없음
[18:48:17] 🔍 DART 공시 확인 중... (조회기간: 20260628 ~ 20260629)
[18:48:17]    총 43건의 주요사항보고 조회됨
[18:48:17]    배당 결정 공시 없음
[18:48:18] 🔍 KIND ETF 공시 확인 중... (조회기간: 2026-06-28 ~ 2026-06-29)
[18:48:18]    새로운 감시 ETF 이익분배금 공시 없음
[18:53:20] 🔍 DART 공시 확인 중... (조회기간: 20260628 ~ 20260629)
[18:53:20]    총 43건의 주요사항보고 조회됨
[18:53:20]    배당 결정 공시 없음
[18:53:21] 🔍 KIND ETF 공시 확인 중... (조회기간: 2026-06-28 ~ 2026-06-29)
[18:53:21]    새로운 감시 ETF 이익분배금 공시 없음
[18:58:22] 🔍 DART 공시 확인 중... (조회기간: 20260628 ~ 20260629)
[18:58:22]    총 43건의 주요사항보고 조회됨
[18:58:22]    배당 결정 공시 없음
[18:58:24] 🔍 KIND ETF 공시 확인 중... (조회기간: 2026-06-28 ~ 2026-06-29)
[18:58:24]    새로운 감시 ETF 이익분배금 공시 없음
[19:03:25] 🔍 DART 공시 확인 중... (조회기간: 20260628 ~ 20260629)
[19:03:25]    총 43건의 주요사항보고 조회됨
[19:03:25]    배당 결정 공시 없음
[19:03:27] 🔍 KIND ETF 공시 확인 중... (조회기간: 2026-06-28 ~ 2026-06-29)
[19:03:27]    새로운 감시 ETF 이익분배금 공시 없음
[19:08:28] 🔍 DART 공시 확인 중... (조회기간: 20260628 ~ 20260629)
[19:08:28]    총 43건의 주요사항보고 조회됨
[19:08:28]    배당 결정 공시 없음
[19:08:29] 🔍 KIND ETF 공시 확인 중... (조회기간: 2026-06-28 ~ 2026-06-29)
[19:08:29]    새로운 감시 ETF 이익분배금 공시 없음
[19:13:31] 🔍 DART 공시 확인 중... (조회기간: 20260628 ~ 20260629)
[19:13:31]    총 43건의 주요사항보고 조회됨
[19:13:31]    배당 결정 공시 없음
[19:13:33] 🔍 KIND ETF 공시 확인 중... (조회기간: 2026-06-28 ~ 2026-06-29)
[19:13:33]    새로운 감시 ETF 이익분배금 공시 없음
[19:18:35] 🔍 DART 공시 확인 중... (조회기간: 20260628 ~ 20260629)
[19:18:35]    총 43건의 주요사항보고 조회됨
[19:18:35]    배당 결정 공시 없음
[19:18:36] 🔍 KIND ETF 공시 확인 중... (조회기간: 2026-06-28 ~ 2026-06-29)
[19:18:36]    새로운 감시 ETF 이익분배금 공시 없음
[19:23:38] 🔍 DART 공시 확인 중... (조회기간: 20260628 ~ 20260629)
[19:23:38]    총 43건의 주요사항보고 조회됨
[19:23:38]    배당 결정 공시 없음
[19:23:39] 🔍 KIND ETF 공시 확인 중... (조회기간: 2026-06-28 ~ 2026-06-29)
[19:23:39]    새로운 감시 ETF 이익분배금 공시 없음
[19:28:40] 🔍 DART 공시 확인 중... (조회기간: 20260628 ~ 20260629)
[19:28:40]    총 43건의 주요사항보고 조회됨
[19:28:40]    배당 결정 공시 없음
[19:28:42] 🔍 KIND ETF 공시 확인 중... (조회기간: 2026-06-28 ~ 2026-06-29)
[19:28:42]    새로운 감시 ETF 이익분배금 공시 없음
[19:33:43] 🔍 DART 공시 확인 중... (조회기간: 20260628 ~ 20260629)
[19:33:43]    총 43건의 주요사항보고 조회됨
[19:33:43]    배당 결정 공시 없음
[19:33:44] 🔍 KIND ETF 공시 확인 중... (조회기간: 2026-06-28 ~ 2026-06-29)
[19:33:44]    새로운 감시 ETF 이익분배금 공시 없음
[19:38:46] 🔍 DART 공시 확인 중... (조회기간: 20260628 ~ 20260629)
[19:38:46]    총 43건의 주요사항보고 조회됨
[19:38:46]    배당 결정 공시 없음
[19:38:47] 🔍 KIND ETF 공시 확인 중... (조회기간: 2026-06-28 ~ 2026-06-29)
[19:38:47]    새로운 감시 ETF 이익분배금 공시 없음
[19:43:48] 🔍 DART 공시 확인 중... (조회기간: 20260628 ~ 20260629)
[19:43:48]    총 43건의 주요사항보고 조회됨
[19:43:48]    배당 결정 공시 없음
[19:43:49] 🔍 KIND ETF 공시 확인 중... (조회기간: 2026-06-28 ~ 2026-06-29)
[19:43:49]    새로운 감시 ETF 이익분배금 공시 없음
[19:48:51] 🔍 DART 공시 확인 중... (조회기간: 20260628 ~ 20260629)
[19:48:51]    총 43건의 주요사항보고 조회됨
[19:48:51]    배당 결정 공시 없음
[19:48:52] 🔍 KIND ETF 공시 확인 중... (조회기간: 2026-06-28 ~ 2026-06-29)
[19:48:52]    새로운 감시 ETF 이익분배금 공시 없음
[19:53:54] 🔍 DART 공시 확인 중... (조회기간: 20260628 ~ 20260629)
[19:53:54]    총 43건의 주요사항보고 조회됨
[19:53:54]    배당 결정 공시 없음
[19:53:55] 🔍 KIND ETF 공시 확인 중... (조회기간: 2026-06-28 ~ 2026-06-29)
[19:53:55]    새로운 감시 ETF 이익분배금 공시 없음
[19:58:57] 🔍 DART 공시 확인 중... (조회기간: 20260628 ~ 20260629)
[19:58:57]    총 43건의 주요사항보고 조회됨
[19:58:57]    배당 결정 공시 없음
[19:58:58] 🔍 KIND ETF 공시 확인 중... (조회기간: 2026-06-28 ~ 2026-06-29)
[19:58:58]    새로운 감시 ETF 이익분배금 공시 없음
[20:03:59] 🔍 DART 공시 확인 중... (조회기간: 20260628 ~ 20260629)
[20:03:59]    총 43건의 주요사항보고 조회됨
[20:03:59]    배당 결정 공시 없음
[20:04:01] 🔍 KIND ETF 공시 확인 중... (조회기간: 2026-06-28 ~ 2026-06-29)
[20:04:01]    새로운 감시 ETF 이익분배금 공시 없음
[20:09:02] 🔍 DART 공시 확인 중... (조회기간: 20260628 ~ 20260629)
[20:09:02]    총 43건의 주요사항보고 조회됨
[20:09:02]    배당 결정 공시 없음
[20:09:04] 🔍 KIND ETF 공시 확인 중... (조회기간: 2026-06-28 ~ 2026-06-29)
[20:09:04]    새로운 감시 ETF 이익분배금 공시 없음
[20:14:07] 🔍 DART 공시 확인 중... (조회기간: 20260628 ~ 20260629)
[20:14:07]    총 43건의 주요사항보고 조회됨
[20:14:07]    배당 결정 공시 없음
[20:14:09] 🔍 KIND ETF 공시 확인 중... (조회기간: 2026-06-28 ~ 2026-06-29)
[20:14:09]    새로운 감시 ETF 이익분배금 공시 없음
[20:19:12] 🔍 DART 공시 확인 중... (조회기간: 20260628 ~ 20260629)
[20:19:12]    총 43건의 주요사항보고 조회됨
[20:19:12]    배당 결정 공시 없음
[20:19:14] 🔍 KIND ETF 공시 확인 중... (조회기간: 2026-06-28 ~ 2026-06-29)
[20:19:14]    새로운 감시 ETF 이익분배금 공시 없음
[20:24:17] 🔍 DART 공시 확인 중... (조회기간: 20260628 ~ 20260629)
[20:24:17]    총 43건의 주요사항보고 조회됨
[20:24:17]    배당 결정 공시 없음
[20:24:19] 🔍 KIND ETF 공시 확인 중... (조회기간: 2026-06-28 ~ 2026-06-29)
[20:24:19]    새로운 감시 ETF 이익분배금 공시 없음
[20:29:21] 🔍 DART 공시 확인 중... (조회기간: 20260628 ~ 20260629)
[20:29:21]    총 43건의 주요사항보고 조회됨
[20:29:21]    배당 결정 공시 없음
[20:29:23] 🔍 KIND ETF 공시 확인 중... (조회기간: 2026-06-28 ~ 2026-06-29)
[20:29:23]    새로운 감시 ETF 이익분배금 공시 없음
[20:34:26] 🔍 DART 공시 확인 중... (조회기간: 20260628 ~ 20260629)
[20:34:26]    총 43건의 주요사항보고 조회됨
[20:34:26]    배당 결정 공시 없음
[20:34:27] 🔍 KIND ETF 공시 확인 중... (조회기간: 2026-06-28 ~ 2026-06-29)
[20:34:27]    새로운 감시 ETF 이익분배금 공시 없음
[20:39:29] 🔍 DART 공시 확인 중... (조회기간: 20260628 ~ 20260629)
[20:39:29]    총 43건의 주요사항보고 조회됨
[20:39:29]    배당 결정 공시 없음
[20:39:31] 🔍 KIND ETF 공시 확인 중... (조회기간: 2026-06-28 ~ 2026-06-29)
[20:39:31]    새로운 감시 ETF 이익분배금 공시 없음
[20:44:34] 🔍 DART 공시 확인 중... (조회기간: 20260628 ~ 20260629)
[20:44:34]    총 43건의 주요사항보고 조회됨
[20:44:34]    배당 결정 공시 없음
[20:44:35] 🔍 KIND ETF 공시 확인 중... (조회기간: 2026-06-28 ~ 2026-06-29)
[20:44:35]    새로운 감시 ETF 이익분배금 공시 없음
[20:49:36] 🔍 DART 공시 확인 중... (조회기간: 20260628 ~ 20260629)
[20:49:36]    총 43건의 주요사항보고 조회됨
[20:49:36]    배당 결정 공시 없음
[20:49:37] 🔍 KIND ETF 공시 확인 중... (조회기간: 2026-06-28 ~ 2026-06-29)
[20:49:37]    새로운 감시 ETF 이익분배금 공시 없음
[20:54:39] 🔍 DART 공시 확인 중... (조회기간: 20260628 ~ 20260629)
[20:54:39]    총 43건의 주요사항보고 조회됨
[20:54:39]    배당 결정 공시 없음
[20:54:40] 🔍 KIND ETF 공시 확인 중... (조회기간: 2026-06-28 ~ 2026-06-29)
[20:54:40]    새로운 감시 ETF 이익분배금 공시 없음
[20:59:41] 🔍 DART 공시 확인 중... (조회기간: 20260628 ~ 20260629)
[20:59:41]    총 43건의 주요사항보고 조회됨
[20:59:41]    배당 결정 공시 없음
[20:59:43] 🔍 KIND ETF 공시 확인 중... (조회기간: 2026-06-28 ~ 2026-06-29)
[20:59:43]    새로운 감시 ETF 이익분배금 공시 없음
[21:04:44] 🔍 DART 공시 확인 중... (조회기간: 20260628 ~ 20260629)
[21:04:44]    총 43건의 주요사항보고 조회됨
[21:04:44]    배당 결정 공시 없음
[21:04:46] 🔍 KIND ETF 공시 확인 중... (조회기간: 2026-06-28 ~ 2026-06-29)
[21:04:46]    새로운 감시 ETF 이익분배금 공시 없음
[21:09:47] 🔍 DART 공시 확인 중... (조회기간: 20260628 ~ 20260629)
[21:09:47]    총 43건의 주요사항보고 조회됨
[21:09:47]    배당 결정 공시 없음
[21:09:48] 🔍 KIND ETF 공시 확인 중... (조회기간: 2026-06-28 ~ 2026-06-29)
[21:09:48]    새로운 감시 ETF 이익분배금 공시 없음
[21:14:50] 🔍 DART 공시 확인 중... (조회기간: 20260628 ~ 20260629)
[21:14:50]    총 43건의 주요사항보고 조회됨
[21:14:50]    배당 결정 공시 없음
[21:14:51] 🔍 KIND ETF 공시 확인 중... (조회기간: 2026-06-28 ~ 2026-06-29)
[21:14:51]    새로운 감시 ETF 이익분배금 공시 없음
[21:19:52] 🔍 DART 공시 확인 중... (조회기간: 20260628 ~ 20260629)
[21:19:52]    총 43건의 주요사항보고 조회됨
[21:19:52]    배당 결정 공시 없음
[21:19:54] 🔍 KIND ETF 공시 확인 중... (조회기간: 2026-06-28 ~ 2026-06-29)
[21:19:54]    새로운 감시 ETF 이익분배금 공시 없음
[21:24:55] 🔍 DART 공시 확인 중... (조회기간: 20260628 ~ 20260629)
[21:24:55]    총 43건의 주요사항보고 조회됨
[21:24:55]    배당 결정 공시 없음
[21:24:56] 🔍 KIND ETF 공시 확인 중... (조회기간: 2026-06-28 ~ 2026-06-29)
[21:24:56]    새로운 감시 ETF 이익분배금 공시 없음
[21:29:57] 🔍 DART 공시 확인 중... (조회기간: 20260628 ~ 20260629)
[21:29:57]    총 43건의 주요사항보고 조회됨
[21:29:57]    배당 결정 공시 없음
[21:29:58] 🔍 KIND ETF 공시 확인 중... (조회기간: 2026-06-28 ~ 2026-06-29)
[21:29:58]    새로운 감시 ETF 이익분배금 공시 없음
[21:34:59] 🔍 DART 공시 확인 중... (조회기간: 20260628 ~ 20260629)
[21:34:59]    총 43건의 주요사항보고 조회됨
[21:34:59]    배당 결정 공시 없음
[21:35:00] 🔍 KIND ETF 공시 확인 중... (조회기간: 2026-06-28 ~ 2026-06-29)
[21:35:00]    새로운 감시 ETF 이익분배금 공시 없음
[21:40:02] 🔍 DART 공시 확인 중... (조회기간: 20260628 ~ 20260629)
[21:40:02]    총 43건의 주요사항보고 조회됨
[21:40:02]    배당 결정 공시 없음
[21:40:03] 🔍 KIND ETF 공시 확인 중... (조회기간: 2026-06-28 ~ 2026-06-29)
[21:40:03]    새로운 감시 ETF 이익분배금 공시 없음
[21:45:03] 🔍 DART 공시 확인 중... (조회기간: 20260628 ~ 20260629)
[21:45:03]    총 43건의 주요사항보고 조회됨
[21:45:03]    배당 결정 공시 없음
[21:45:05] 🔍 KIND ETF 공시 확인 중... (조회기간: 2026-06-28 ~ 2026-06-29)
[21:45:05]    새로운 감시 ETF 이익분배금 공시 없음
[21:50:05] 🔍 DART 공시 확인 중... (조회기간: 20260628 ~ 20260629)
[21:50:05]    총 43건의 주요사항보고 조회됨
[21:50:05]    배당 결정 공시 없음
[21:50:07] 🔍 KIND ETF 공시 확인 중... (조회기간: 2026-06-28 ~ 2026-06-29)
[21:50:07]    새로운 감시 ETF 이익분배금 공시 없음
[21:55:08] 🔍 DART 공시 확인 중... (조회기간: 20260628 ~ 20260629)
[21:55:08]    총 43건의 주요사항보고 조회됨
[21:55:08]    배당 결정 공시 없음
[21:55:09] 🔍 KIND ETF 공시 확인 중... (조회기간: 2026-06-28 ~ 2026-06-29)
[21:55:09]    새로운 감시 ETF 이익분배금 공시 없음
[22:00:10] 🔍 DART 공시 확인 중... (조회기간: 20260628 ~ 20260629)
[22:00:10]    총 43건의 주요사항보고 조회됨
[22:00:10]    배당 결정 공시 없음
[22:00:11] 🔍 KIND ETF 공시 확인 중... (조회기간: 2026-06-28 ~ 2026-06-29)
[22:00:11]    새로운 감시 ETF 이익분배금 공시 없음
[22:05:12] 🔍 DART 공시 확인 중... (조회기간: 20260628 ~ 20260629)
[22:05:12]    총 43건의 주요사항보고 조회됨
[22:05:12]    배당 결정 공시 없음
[22:05:13] 🔍 KIND ETF 공시 확인 중... (조회기간: 2026-06-28 ~ 2026-06-29)
[22:05:13]    새로운 감시 ETF 이익분배금 공시 없음
[22:10:14] 🔍 DART 공시 확인 중... (조회기간: 20260628 ~ 20260629)
[22:10:14]    총 43건의 주요사항보고 조회됨
[22:10:14]    배당 결정 공시 없음
[22:10:15] 🔍 KIND ETF 공시 확인 중... (조회기간: 2026-06-28 ~ 2026-06-29)
[22:10:15]    새로운 감시 ETF 이익분배금 공시 없음
[22:15:16] 🔍 DART 공시 확인 중... (조회기간: 20260628 ~ 20260629)
[22:15:16]    총 43건의 주요사항보고 조회됨
[22:15:16]    배당 결정 공시 없음
[22:15:17] 🔍 KIND ETF 공시 확인 중... (조회기간: 2026-06-28 ~ 2026-06-29)
[22:15:17]    새로운 감시 ETF 이익분배금 공시 없음
[22:20:18] 🔍 DART 공시 확인 중... (조회기간: 20260628 ~ 20260629)
[22:20:18]    총 43건의 주요사항보고 조회됨
[22:20:18]    배당 결정 공시 없음
[22:20:19] 🔍 KIND ETF 공시 확인 중... (조회기간: 2026-06-28 ~ 2026-06-29)
[22:20:19]    새로운 감시 ETF 이익분배금 공시 없음
[22:25:21] 🔍 DART 공시 확인 중... (조회기간: 20260628 ~ 20260629)
[22:25:21]    총 43건의 주요사항보고 조회됨
[22:25:21]    배당 결정 공시 없음
[22:25:22] 🔍 KIND ETF 공시 확인 중... (조회기간: 2026-06-28 ~ 2026-06-29)
[22:25:22]    새로운 감시 ETF 이익분배금 공시 없음
[22:30:22] 🔍 DART 공시 확인 중... (조회기간: 20260628 ~ 20260629)
[22:30:22]    총 43건의 주요사항보고 조회됨
[22:30:22]    배당 결정 공시 없음
[22:30:23] 🔍 KIND ETF 공시 확인 중... (조회기간: 2026-06-28 ~ 2026-06-29)
[22:30:23]    새로운 감시 ETF 이익분배금 공시 없음
[22:35:24] 🔍 DART 공시 확인 중... (조회기간: 20260628 ~ 20260629)
[22:35:24]    총 43건의 주요사항보고 조회됨
[22:35:24]    배당 결정 공시 없음
[22:35:25] 🔍 KIND ETF 공시 확인 중... (조회기간: 2026-06-28 ~ 2026-06-29)
[22:35:25]    새로운 감시 ETF 이익분배금 공시 없음
[22:40:27] 🔍 DART 공시 확인 중... (조회기간: 20260628 ~ 20260629)
[22:40:27]    총 43건의 주요사항보고 조회됨
[22:40:27]    배당 결정 공시 없음
[22:40:28] 🔍 KIND ETF 공시 확인 중... (조회기간: 2026-06-28 ~ 2026-06-29)
[22:40:28]    새로운 감시 ETF 이익분배금 공시 없음
[22:45:29] 🔍 DART 공시 확인 중... (조회기간: 20260628 ~ 20260629)
[22:45:29]    총 43건의 주요사항보고 조회됨
[22:45:29]    배당 결정 공시 없음
[22:45:30] 🔍 KIND ETF 공시 확인 중... (조회기간: 2026-06-28 ~ 2026-06-29)
[22:45:30]    새로운 감시 ETF 이익분배금 공시 없음
[22:50:31] 🔍 DART 공시 확인 중... (조회기간: 20260628 ~ 20260629)
[22:50:31]    총 43건의 주요사항보고 조회됨
[22:50:31]    배당 결정 공시 없음
[22:50:33] 🔍 KIND ETF 공시 확인 중... (조회기간: 2026-06-28 ~ 2026-06-29)
[22:50:33]    새로운 감시 ETF 이익분배금 공시 없음
[22:55:34] 🔍 DART 공시 확인 중... (조회기간: 20260628 ~ 20260629)
[22:55:34]    총 43건의 주요사항보고 조회됨
[22:55:34]    배당 결정 공시 없음
[22:55:35] 🔍 KIND ETF 공시 확인 중... (조회기간: 2026-06-28 ~ 2026-06-29)
[22:55:35]    새로운 감시 ETF 이익분배금 공시 없음
[23:00:36] 🔍 DART 공시 확인 중... (조회기간: 20260628 ~ 20260629)
[23:00:36]    총 43건의 주요사항보고 조회됨
[23:00:36]    배당 결정 공시 없음
[23:00:37] 🔍 KIND ETF 공시 확인 중... (조회기간: 2026-06-28 ~ 2026-06-29)
[23:00:37]    새로운 감시 ETF 이익분배금 공시 없음
[23:05:40] 🔍 DART 공시 확인 중... (조회기간: 20260628 ~ 20260629)
[23:05:40]    총 43건의 주요사항보고 조회됨
[23:05:40]    배당 결정 공시 없음
[23:05:41] 🔍 KIND ETF 공시 확인 중... (조회기간: 2026-06-28 ~ 2026-06-29)
[23:05:41]    새로운 감시 ETF 이익분배금 공시 없음
[23:10:43] 🔍 DART 공시 확인 중... (조회기간: 20260628 ~ 20260629)
[23:10:43]    총 43건의 주요사항보고 조회됨
[23:10:43]    배당 결정 공시 없음
[23:10:44] 🔍 KIND ETF 공시 확인 중... (조회기간: 2026-06-28 ~ 2026-06-29)
[23:10:44]    새로운 감시 ETF 이익분배금 공시 없음
[23:15:45] 🔍 DART 공시 확인 중... (조회기간: 20260628 ~ 20260629)
[23:15:45]    총 43건의 주요사항보고 조회됨
[23:15:45]    배당 결정 공시 없음
[23:15:46] 🔍 KIND ETF 공시 확인 중... (조회기간: 2026-06-28 ~ 2026-06-29)
[23:15:46]    새로운 감시 ETF 이익분배금 공시 없음
[23:20:47] 🔍 DART 공시 확인 중... (조회기간: 20260628 ~ 20260629)
[23:20:47]    총 43건의 주요사항보고 조회됨
[23:20:47]    배당 결정 공시 없음
[23:20:48] 🔍 KIND ETF 공시 확인 중... (조회기간: 2026-06-28 ~ 2026-06-29)
[23:20:48]    새로운 감시 ETF 이익분배금 공시 없음
[23:25:50] 🔍 DART 공시 확인 중... (조회기간: 20260628 ~ 20260629)
[23:25:50]    총 43건의 주요사항보고 조회됨
[23:25:50]    배당 결정 공시 없음
[23:25:51] 🔍 KIND ETF 공시 확인 중... (조회기간: 2026-06-28 ~ 2026-06-29)
[23:25:51]    새로운 감시 ETF 이익분배금 공시 없음
[23:30:52] 🔍 DART 공시 확인 중... (조회기간: 20260628 ~ 20260629)
[23:30:52]    총 43건의 주요사항보고 조회됨
[23:30:52]    배당 결정 공시 없음
[23:30:53] 🔍 KIND ETF 공시 확인 중... (조회기간: 2026-06-28 ~ 2026-06-29)
[23:30:53]    새로운 감시 ETF 이익분배금 공시 없음
[23:35:54] 🔍 DART 공시 확인 중... (조회기간: 20260628 ~ 20260629)
[23:35:54]    총 43건의 주요사항보고 조회됨
[23:35:54]    배당 결정 공시 없음
[23:35:55] 🔍 KIND ETF 공시 확인 중... (조회기간: 2026-06-28 ~ 2026-06-29)
[23:35:55]    새로운 감시 ETF 이익분배금 공시 없음
[23:40:57] 🔍 DART 공시 확인 중... (조회기간: 20260628 ~ 20260629)
[23:40:57]    총 43건의 주요사항보고 조회됨
[23:40:57]    배당 결정 공시 없음
[23:40:58] 🔍 KIND ETF 공시 확인 중... (조회기간: 2026-06-28 ~ 2026-06-29)
[23:40:58]    새로운 감시 ETF 이익분배금 공시 없음
[23:45:59] 🔍 DART 공시 확인 중... (조회기간: 20260628 ~ 20260629)
[23:45:59]    총 43건의 주요사항보고 조회됨
[23:45:59]    배당 결정 공시 없음
[23:46:00] 🔍 KIND ETF 공시 확인 중... (조회기간: 2026-06-28 ~ 2026-06-29)
[23:46:00]    새로운 감시 ETF 이익분배금 공시 없음
[23:51:01] 🔍 DART 공시 확인 중... (조회기간: 20260628 ~ 20260629)
[23:51:01]    총 43건의 주요사항보고 조회됨
[23:51:01]    배당 결정 공시 없음
[23:51:03] 🔍 KIND ETF 공시 확인 중... (조회기간: 2026-06-28 ~ 2026-06-29)
[23:51:03]    새로운 감시 ETF 이익분배금 공시 없음
[23:56:05] 🔍 DART 공시 확인 중... (조회기간: 20260628 ~ 20260629)
[23:56:05]    총 43건의 주요사항보고 조회됨
[23:56:05]    배당 결정 공시 없음
[23:56:06] 🔍 KIND ETF 공시 확인 중... (조회기간: 2026-06-28 ~ 2026-06-29)
[23:56:06]    새로운 감시 ETF 이익분배금 공시 없음
[00:01:07] 🔍 DART 공시 확인 중... (조회기간: 20260629 ~ 20260630)
[00:01:07]    총 47건의 주요사항보고 조회됨
[00:01:07]    배당 결정 공시 없음
[00:01:08] 🔍 KIND ETF 공시 확인 중... (조회기간: 2026-06-29 ~ 2026-06-30)
[00:01:08]    새로운 감시 ETF 이익분배금 공시 없음
[00:06:10] 🔍 DART 공시 확인 중... (조회기간: 20260629 ~ 20260630)
[00:06:10]    총 47건의 주요사항보고 조회됨
[00:06:10]    배당 결정 공시 없음
[00:06:12] 🔍 KIND ETF 공시 확인 중... (조회기간: 2026-06-29 ~ 2026-06-30)
[00:06:12]    새로운 감시 ETF 이익분배금 공시 없음
[00:11:14] 🔍 DART 공시 확인 중... (조회기간: 20260629 ~ 20260630)
[00:11:14]    총 47건의 주요사항보고 조회됨
[00:11:14]    배당 결정 공시 없음
[00:11:15] 🔍 KIND ETF 공시 확인 중... (조회기간: 2026-06-29 ~ 2026-06-30)
[00:11:15]    새로운 감시 ETF 이익분배금 공시 없음
[00:16:17] 🔍 DART 공시 확인 중... (조회기간: 20260629 ~ 20260630)
[00:16:17]    총 47건의 주요사항보고 조회됨
[00:16:17]    배당 결정 공시 없음
[00:16:18] 🔍 KIND ETF 공시 확인 중... (조회기간: 2026-06-29 ~ 2026-06-30)
[00:16:18]    새로운 감시 ETF 이익분배금 공시 없음
[00:21:18] 🔍 DART 공시 확인 중... (조회기간: 20260629 ~ 20260630)
[00:21:18]    총 47건의 주요사항보고 조회됨
[00:21:18]    배당 결정 공시 없음
[00:21:20] 🔍 KIND ETF 공시 확인 중... (조회기간: 2026-06-29 ~ 2026-06-30)
[00:21:20]    새로운 감시 ETF 이익분배금 공시 없음
[00:26:20] 🔍 DART 공시 확인 중... (조회기간: 20260629 ~ 20260630)
[00:26:20]    총 47건의 주요사항보고 조회됨
[00:26:20]    배당 결정 공시 없음
[00:26:22] 🔍 KIND ETF 공시 확인 중... (조회기간: 2026-06-29 ~ 2026-06-30)
[00:26:22]    새로운 감시 ETF 이익분배금 공시 없음
[00:31:23] 🔍 DART 공시 확인 중... (조회기간: 20260629 ~ 20260630)
[00:31:23]    총 47건의 주요사항보고 조회됨
[00:31:23]    배당 결정 공시 없음
[00:31:25] 🔍 KIND ETF 공시 확인 중... (조회기간: 2026-06-29 ~ 2026-06-30)
[00:31:25]    새로운 감시 ETF 이익분배금 공시 없음
[00:36:27] 🔍 DART 공시 확인 중... (조회기간: 20260629 ~ 20260630)
[00:36:27]    총 47건의 주요사항보고 조회됨
[00:36:27]    배당 결정 공시 없음
[00:36:28] 🔍 KIND ETF 공시 확인 중... (조회기간: 2026-06-29 ~ 2026-06-30)
[00:36:28]    새로운 감시 ETF 이익분배금 공시 없음
[00:41:30] 🔍 DART 공시 확인 중... (조회기간: 20260629 ~ 20260630)
[00:41:30]    총 47건의 주요사항보고 조회됨
[00:41:30]    배당 결정 공시 없음
[00:41:31] 🔍 KIND ETF 공시 확인 중... (조회기간: 2026-06-29 ~ 2026-06-30)
[00:41:31]    새로운 감시 ETF 이익분배금 공시 없음
[00:46:31] 🔍 DART 공시 확인 중... (조회기간: 20260629 ~ 20260630)
[00:46:31]    총 47건의 주요사항보고 조회됨
[00:46:31]    배당 결정 공시 없음
[00:46:33] 🔍 KIND ETF 공시 확인 중... (조회기간: 2026-06-29 ~ 2026-06-30)
[00:46:33]    새로운 감시 ETF 이익분배금 공시 없음
[00:51:34] 🔍 DART 공시 확인 중... (조회기간: 20260629 ~ 20260630)
[00:51:34]    총 47건의 주요사항보고 조회됨
[00:51:34]    배당 결정 공시 없음
[00:51:36] 🔍 KIND ETF 공시 확인 중... (조회기간: 2026-06-29 ~ 2026-06-30)
[00:51:36]    새로운 감시 ETF 이익분배금 공시 없음
[00:56:37] 🔍 DART 공시 확인 중... (조회기간: 20260629 ~ 20260630)
[00:56:37]    총 47건의 주요사항보고 조회됨
[00:56:37]    배당 결정 공시 없음
[00:56:38] 🔍 KIND ETF 공시 확인 중... (조회기간: 2026-06-29 ~ 2026-06-30)
[00:56:38]    새로운 감시 ETF 이익분배금 공시 없음
[01:01:39] 🔍 DART 공시 확인 중... (조회기간: 20260629 ~ 20260630)
[01:01:39]    총 47건의 주요사항보고 조회됨
[01:01:39]    배당 결정 공시 없음
[01:01:41] 🔍 KIND ETF 공시 확인 중... (조회기간: 2026-06-29 ~ 2026-06-30)
[01:01:41]    새로운 감시 ETF 이익분배금 공시 없음
[01:06:42] 🔍 DART 공시 확인 중... (조회기간: 20260629 ~ 20260630)
[01:06:42]    총 47건의 주요사항보고 조회됨
[01:06:42]    배당 결정 공시 없음
[01:06:43] 🔍 KIND ETF 공시 확인 중... (조회기간: 2026-06-29 ~ 2026-06-30)
[01:06:43]    새로운 감시 ETF 이익분배금 공시 없음
[01:11:45] 🔍 DART 공시 확인 중... (조회기간: 20260629 ~ 20260630)
[01:11:45]    총 47건의 주요사항보고 조회됨
[01:11:45]    배당 결정 공시 없음
[01:11:46] 🔍 KIND ETF 공시 확인 중... (조회기간: 2026-06-29 ~ 2026-06-30)
[01:11:46]    새로운 감시 ETF 이익분배금 공시 없음
[01:16:47] 🔍 DART 공시 확인 중... (조회기간: 20260629 ~ 20260630)
[01:16:47]    총 47건의 주요사항보고 조회됨
[01:16:47]    배당 결정 공시 없음
[01:16:49] 🔍 KIND ETF 공시 확인 중... (조회기간: 2026-06-29 ~ 2026-06-30)
[01:16:49]    새로운 감시 ETF 이익분배금 공시 없음
[01:21:50] 🔍 DART 공시 확인 중... (조회기간: 20260629 ~ 20260630)
[01:21:50]    총 47건의 주요사항보고 조회됨
[01:21:50]    배당 결정 공시 없음
[01:21:51] 🔍 KIND ETF 공시 확인 중... (조회기간: 2026-06-29 ~ 2026-06-30)
[01:21:51]    새로운 감시 ETF 이익분배금 공시 없음
[01:26:53] 🔍 DART 공시 확인 중... (조회기간: 20260629 ~ 20260630)
[01:26:53]    총 47건의 주요사항보고 조회됨
[01:26:53]    배당 결정 공시 없음
[01:26:54] 🔍 KIND ETF 공시 확인 중... (조회기간: 2026-06-29 ~ 2026-06-30)
[01:26:54]    새로운 감시 ETF 이익분배금 공시 없음
[01:31:55] 🔍 DART 공시 확인 중... (조회기간: 20260629 ~ 20260630)
[01:31:55]    총 47건의 주요사항보고 조회됨
[01:31:55]    배당 결정 공시 없음
[01:31:57] 🔍 KIND ETF 공시 확인 중... (조회기간: 2026-06-29 ~ 2026-06-30)
[01:31:57]    새로운 감시 ETF 이익분배금 공시 없음
[01:36:58] 🔍 DART 공시 확인 중... (조회기간: 20260629 ~ 20260630)
[01:36:58]    총 47건의 주요사항보고 조회됨
[01:36:58]    배당 결정 공시 없음
[01:37:00] 🔍 KIND ETF 공시 확인 중... (조회기간: 2026-06-29 ~ 2026-06-30)
[01:37:00]    새로운 감시 ETF 이익분배금 공시 없음
[01:42:03] 🔍 DART 공시 확인 중... (조회기간: 20260629 ~ 20260630)
[01:42:03]    총 47건의 주요사항보고 조회됨
[01:42:03]    배당 결정 공시 없음
[01:42:05] 🔍 KIND ETF 공시 확인 중... (조회기간: 2026-06-29 ~ 2026-06-30)
[01:42:05]    새로운 감시 ETF 이익분배금 공시 없음
[01:47:06] 🔍 DART 공시 확인 중... (조회기간: 20260629 ~ 20260630)
[01:47:06]    총 47건의 주요사항보고 조회됨
[01:47:06]    배당 결정 공시 없음
[01:47:07] 🔍 KIND ETF 공시 확인 중... (조회기간: 2026-06-29 ~ 2026-06-30)
[01:47:07]    새로운 감시 ETF 이익분배금 공시 없음
[01:52:09] 🔍 DART 공시 확인 중... (조회기간: 20260629 ~ 20260630)
[01:52:09]    총 47건의 주요사항보고 조회됨
[01:52:09]    배당 결정 공시 없음
[01:52:10] 🔍 KIND ETF 공시 확인 중... (조회기간: 2026-06-29 ~ 2026-06-30)
[01:52:10]    새로운 감시 ETF 이익분배금 공시 없음
[01:57:11] 🔍 DART 공시 확인 중... (조회기간: 20260629 ~ 20260630)
[01:57:11]    총 47건의 주요사항보고 조회됨
[01:57:11]    배당 결정 공시 없음
[01:57:13] 🔍 KIND ETF 공시 확인 중... (조회기간: 2026-06-29 ~ 2026-06-30)
[01:57:13]    새로운 감시 ETF 이익분배금 공시 없음
[02:02:14] 🔍 DART 공시 확인 중... (조회기간: 20260629 ~ 20260630)
[02:02:14]    총 47건의 주요사항보고 조회됨
[02:02:14]    배당 결정 공시 없음
[02:02:16] 🔍 KIND ETF 공시 확인 중... (조회기간: 2026-06-29 ~ 2026-06-30)
[02:02:16]    새로운 감시 ETF 이익분배금 공시 없음
[02:07:17] 🔍 DART 공시 확인 중... (조회기간: 20260629 ~ 20260630)
[02:07:17]    총 47건의 주요사항보고 조회됨
[02:07:17]    배당 결정 공시 없음
[02:07:18] 🔍 KIND ETF 공시 확인 중... (조회기간: 2026-06-29 ~ 2026-06-30)
[02:07:18]    새로운 감시 ETF 이익분배금 공시 없음
[02:12:20] 🔍 DART 공시 확인 중... (조회기간: 20260629 ~ 20260630)
[02:12:20]    총 47건의 주요사항보고 조회됨
[02:12:20]    배당 결정 공시 없음
[02:12:21] 🔍 KIND ETF 공시 확인 중... (조회기간: 2026-06-29 ~ 2026-06-30)
[02:12:21]    새로운 감시 ETF 이익분배금 공시 없음
[02:17:23] 🔍 DART 공시 확인 중... (조회기간: 20260629 ~ 20260630)
[02:17:23]    총 47건의 주요사항보고 조회됨
[02:17:23]    배당 결정 공시 없음
[02:17:24] 🔍 KIND ETF 공시 확인 중... (조회기간: 2026-06-29 ~ 2026-06-30)
[02:17:24]    새로운 감시 ETF 이익분배금 공시 없음
[02:22:25] 🔍 DART 공시 확인 중... (조회기간: 20260629 ~ 20260630)
[02:22:25]    총 47건의 주요사항보고 조회됨
[02:22:25]    배당 결정 공시 없음
[02:22:26] 🔍 KIND ETF 공시 확인 중... (조회기간: 2026-06-29 ~ 2026-06-30)
[02:22:26]    새로운 감시 ETF 이익분배금 공시 없음
[02:27:27] 🔍 DART 공시 확인 중... (조회기간: 20260629 ~ 20260630)
[02:27:27]    총 47건의 주요사항보고 조회됨
[02:27:27]    배당 결정 공시 없음
[02:27:29] 🔍 KIND ETF 공시 확인 중... (조회기간: 2026-06-29 ~ 2026-06-30)
[02:27:29]    새로운 감시 ETF 이익분배금 공시 없음
[02:32:31] 🔍 DART 공시 확인 중... (조회기간: 20260629 ~ 20260630)
[02:32:31]    총 47건의 주요사항보고 조회됨
[02:32:31]    배당 결정 공시 없음
[02:32:32] 🔍 KIND ETF 공시 확인 중... (조회기간: 2026-06-29 ~ 2026-06-30)
[02:32:32]    새로운 감시 ETF 이익분배금 공시 없음
[02:37:34] 🔍 DART 공시 확인 중... (조회기간: 20260629 ~ 20260630)
[02:37:34]    총 47건의 주요사항보고 조회됨
[02:37:34]    배당 결정 공시 없음
[02:37:35] 🔍 KIND ETF 공시 확인 중... (조회기간: 2026-06-29 ~ 2026-06-30)
[02:37:35]    새로운 감시 ETF 이익분배금 공시 없음
[02:42:36] 🔍 DART 공시 확인 중... (조회기간: 20260629 ~ 20260630)
[02:42:36]    총 47건의 주요사항보고 조회됨
[02:42:36]    배당 결정 공시 없음
[02:42:38] 🔍 KIND ETF 공시 확인 중... (조회기간: 2026-06-29 ~ 2026-06-30)
[02:42:38]    새로운 감시 ETF 이익분배금 공시 없음
[02:47:39] 🔍 DART 공시 확인 중... (조회기간: 20260629 ~ 20260630)
[02:47:39]    총 47건의 주요사항보고 조회됨
[02:47:39]    배당 결정 공시 없음
[02:47:40] 🔍 KIND ETF 공시 확인 중... (조회기간: 2026-06-29 ~ 2026-06-30)
[02:47:40]    새로운 감시 ETF 이익분배금 공시 없음
[02:52:41] 🔍 DART 공시 확인 중... (조회기간: 20260629 ~ 20260630)
[02:52:41]    총 47건의 주요사항보고 조회됨
[02:52:41]    배당 결정 공시 없음
[02:52:43] 🔍 KIND ETF 공시 확인 중... (조회기간: 2026-06-29 ~ 2026-06-30)
[02:52:43]    새로운 감시 ETF 이익분배금 공시 없음
[02:57:44] 🔍 DART 공시 확인 중... (조회기간: 20260629 ~ 20260630)
[02:57:44]    총 47건의 주요사항보고 조회됨
[02:57:44]    배당 결정 공시 없음
[02:57:45] 🔍 KIND ETF 공시 확인 중... (조회기간: 2026-06-29 ~ 2026-06-30)
[02:57:45]    새로운 감시 ETF 이익분배금 공시 없음
[03:02:48] 🔍 DART 공시 확인 중... (조회기간: 20260629 ~ 20260630)
[03:02:48]    총 47건의 주요사항보고 조회됨
[03:02:48]    배당 결정 공시 없음
[03:02:49] 🔍 KIND ETF 공시 확인 중... (조회기간: 2026-06-29 ~ 2026-06-30)
[03:02:49]    새로운 감시 ETF 이익분배금 공시 없음
[03:07:50] 🔍 DART 공시 확인 중... (조회기간: 20260629 ~ 20260630)
[03:07:50]    총 47건의 주요사항보고 조회됨
[03:07:50]    배당 결정 공시 없음
[03:07:52] 🔍 KIND ETF 공시 확인 중... (조회기간: 2026-06-29 ~ 2026-06-30)
[03:07:52]    새로운 감시 ETF 이익분배금 공시 없음
[03:12:53] 🔍 DART 공시 확인 중... (조회기간: 20260629 ~ 20260630)
[03:12:53]    총 47건의 주요사항보고 조회됨
[03:12:53]    배당 결정 공시 없음
[03:12:54] 🔍 KIND ETF 공시 확인 중... (조회기간: 2026-06-29 ~ 2026-06-30)
[03:12:54]    새로운 감시 ETF 이익분배금 공시 없음
[03:17:56] 🔍 DART 공시 확인 중... (조회기간: 20260629 ~ 20260630)
[03:17:56]    총 47건의 주요사항보고 조회됨
[03:17:56]    배당 결정 공시 없음
[03:17:57] 🔍 KIND ETF 공시 확인 중... (조회기간: 2026-06-29 ~ 2026-06-30)
[03:17:57]    새로운 감시 ETF 이익분배금 공시 없음
[03:22:58] 🔍 DART 공시 확인 중... (조회기간: 20260629 ~ 20260630)
[03:22:58]    총 47건의 주요사항보고 조회됨
[03:22:58]    배당 결정 공시 없음
[03:22:59] 🔍 KIND ETF 공시 확인 중... (조회기간: 2026-06-29 ~ 2026-06-30)
[03:22:59]    새로운 감시 ETF 이익분배금 공시 없음
[03:28:01] 🔍 DART 공시 확인 중... (조회기간: 20260629 ~ 20260630)
[03:28:01]    총 47건의 주요사항보고 조회됨
[03:28:01]    배당 결정 공시 없음
[03:28:03] 🔍 KIND ETF 공시 확인 중... (조회기간: 2026-06-29 ~ 2026-06-30)
[03:28:03]    새로운 감시 ETF 이익분배금 공시 없음
[03:33:05] 🔍 DART 공시 확인 중... (조회기간: 20260629 ~ 20260630)
[03:33:05]    총 47건의 주요사항보고 조회됨
[03:33:05]    배당 결정 공시 없음
[03:33:06] 🔍 KIND ETF 공시 확인 중... (조회기간: 2026-06-29 ~ 2026-06-30)
[03:33:06]    새로운 감시 ETF 이익분배금 공시 없음
[03:38:07] 🔍 DART 공시 확인 중... (조회기간: 20260629 ~ 20260630)
[03:38:07]    총 47건의 주요사항보고 조회됨
[03:38:07]    배당 결정 공시 없음
[03:38:09] 🔍 KIND ETF 공시 확인 중... (조회기간: 2026-06-29 ~ 2026-06-30)
[03:38:09]    새로운 감시 ETF 이익분배금 공시 없음
[03:43:10] 🔍 DART 공시 확인 중... (조회기간: 20260629 ~ 20260630)
[03:43:10]    총 47건의 주요사항보고 조회됨
[03:43:10]    배당 결정 공시 없음
[03:43:12] 🔍 KIND ETF 공시 확인 중... (조회기간: 2026-06-29 ~ 2026-06-30)
[03:43:12]    새로운 감시 ETF 이익분배금 공시 없음
[03:48:13] 🔍 DART 공시 확인 중... (조회기간: 20260629 ~ 20260630)
[03:48:13]    총 47건의 주요사항보고 조회됨
[03:48:13]    배당 결정 공시 없음
[03:48:14] 🔍 KIND ETF 공시 확인 중... (조회기간: 2026-06-29 ~ 2026-06-30)
[03:48:14]    새로운 감시 ETF 이익분배금 공시 없음
[03:53:16] 🔍 DART 공시 확인 중... (조회기간: 20260629 ~ 20260630)
[03:53:16]    총 47건의 주요사항보고 조회됨
[03:53:16]    배당 결정 공시 없음
[03:53:17] 🔍 KIND ETF 공시 확인 중... (조회기간: 2026-06-29 ~ 2026-06-30)
[03:53:17]    새로운 감시 ETF 이익분배금 공시 없음
[03:58:19] 🔍 DART 공시 확인 중... (조회기간: 20260629 ~ 20260630)
[03:58:19]    총 47건의 주요사항보고 조회됨
[03:58:19]    배당 결정 공시 없음
[03:58:20] 🔍 KIND ETF 공시 확인 중... (조회기간: 2026-06-29 ~ 2026-06-30)
[03:58:20]    새로운 감시 ETF 이익분배금 공시 없음
[04:03:23] 🔍 DART 공시 확인 중... (조회기간: 20260629 ~ 20260630)
[04:03:23]    총 47건의 주요사항보고 조회됨
[04:03:23]    배당 결정 공시 없음
[04:03:24] 🔍 KIND ETF 공시 확인 중... (조회기간: 2026-06-29 ~ 2026-06-30)
[04:03:24]    새로운 감시 ETF 이익분배금 공시 없음
[04:08:25] 🔍 DART 공시 확인 중... (조회기간: 20260629 ~ 20260630)
[04:08:25]    총 47건의 주요사항보고 조회됨
[04:08:25]    배당 결정 공시 없음
[04:08:27] 🔍 KIND ETF 공시 확인 중... (조회기간: 2026-06-29 ~ 2026-06-30)
[04:08:27]    새로운 감시 ETF 이익분배금 공시 없음
[04:13:28] 🔍 DART 공시 확인 중... (조회기간: 20260629 ~ 20260630)
[04:13:28]    총 47건의 주요사항보고 조회됨
[04:13:28]    배당 결정 공시 없음
[04:13:29] 🔍 KIND ETF 공시 확인 중... (조회기간: 2026-06-29 ~ 2026-06-30)
[04:13:29]    새로운 감시 ETF 이익분배금 공시 없음
[04:18:31] 🔍 DART 공시 확인 중... (조회기간: 20260629 ~ 20260630)
[04:18:31]    총 47건의 주요사항보고 조회됨
[04:18:31]    배당 결정 공시 없음
[04:18:32] 🔍 KIND ETF 공시 확인 중... (조회기간: 2026-06-29 ~ 2026-06-30)
[04:18:32]    새로운 감시 ETF 이익분배금 공시 없음
[04:23:35] 🔍 DART 공시 확인 중... (조회기간: 20260629 ~ 20260630)
[04:23:35]    총 47건의 주요사항보고 조회됨
[04:23:35]    배당 결정 공시 없음
[04:23:36] 🔍 KIND ETF 공시 확인 중... (조회기간: 2026-06-29 ~ 2026-06-30)
[04:23:36]    새로운 감시 ETF 이익분배금 공시 없음
[04:28:40] 🔍 DART 공시 확인 중... (조회기간: 20260629 ~ 20260630)
[04:28:40]    총 47건의 주요사항보고 조회됨
[04:28:40]    배당 결정 공시 없음
[04:28:41] 🔍 KIND ETF 공시 확인 중... (조회기간: 2026-06-29 ~ 2026-06-30)
[04:28:41]    새로운 감시 ETF 이익분배금 공시 없음
[04:33:43] 🔍 DART 공시 확인 중... (조회기간: 20260629 ~ 20260630)
[04:33:43]    총 47건의 주요사항보고 조회됨
[04:33:43]    배당 결정 공시 없음
[04:33:44] 🔍 KIND ETF 공시 확인 중... (조회기간: 2026-06-29 ~ 2026-06-30)
[04:33:44]    새로운 감시 ETF 이익분배금 공시 없음
[04:38:46] 🔍 DART 공시 확인 중... (조회기간: 20260629 ~ 20260630)
[04:38:46]    총 47건의 주요사항보고 조회됨
[04:38:46]    배당 결정 공시 없음
[04:38:47] 🔍 KIND ETF 공시 확인 중... (조회기간: 2026-06-29 ~ 2026-06-30)
[04:38:47]    새로운 감시 ETF 이익분배금 공시 없음
[04:43:48] 🔍 DART 공시 확인 중... (조회기간: 20260629 ~ 20260630)
[04:43:48]    총 47건의 주요사항보고 조회됨
[04:43:48]    배당 결정 공시 없음
[04:43:50] 🔍 KIND ETF 공시 확인 중... (조회기간: 2026-06-29 ~ 2026-06-30)
[04:43:50]    새로운 감시 ETF 이익분배금 공시 없음
[04:48:52] 🔍 DART 공시 확인 중... (조회기간: 20260629 ~ 20260630)
[04:48:52]    총 47건의 주요사항보고 조회됨
[04:48:52]    배당 결정 공시 없음
[04:48:53] 🔍 KIND ETF 공시 확인 중... (조회기간: 2026-06-29 ~ 2026-06-30)
[04:48:53]    새로운 감시 ETF 이익분배금 공시 없음
[04:53:56] 🔍 DART 공시 확인 중... (조회기간: 20260629 ~ 20260630)
[04:53:56]    총 47건의 주요사항보고 조회됨
[04:53:56]    배당 결정 공시 없음
[04:53:57] 🔍 KIND ETF 공시 확인 중... (조회기간: 2026-06-29 ~ 2026-06-30)
[04:53:57]    새로운 감시 ETF 이익분배금 공시 없음
[04:58:58] 🔍 DART 공시 확인 중... (조회기간: 20260629 ~ 20260630)
[04:58:58]    총 47건의 주요사항보고 조회됨
[04:58:58]    배당 결정 공시 없음
[04:59:00] 🔍 KIND ETF 공시 확인 중... (조회기간: 2026-06-29 ~ 2026-06-30)
[04:59:00]    새로운 감시 ETF 이익분배금 공시 없음
[05:04:01] 🔍 DART 공시 확인 중... (조회기간: 20260629 ~ 20260630)
[05:04:01]    총 47건의 주요사항보고 조회됨
[05:04:01]    배당 결정 공시 없음
[05:04:02] 🔍 KIND ETF 공시 확인 중... (조회기간: 2026-06-29 ~ 2026-06-30)
[05:04:02]    새로운 감시 ETF 이익분배금 공시 없음
[05:09:04] 🔍 DART 공시 확인 중... (조회기간: 20260629 ~ 20260630)
[05:09:04]    총 47건의 주요사항보고 조회됨
[05:09:04]    배당 결정 공시 없음
[05:09:06] 🔍 KIND ETF 공시 확인 중... (조회기간: 2026-06-29 ~ 2026-06-30)
[05:09:06]    새로운 감시 ETF 이익분배금 공시 없음
[05:14:08] 🔍 DART 공시 확인 중... (조회기간: 20260629 ~ 20260630)
[05:14:08]    총 47건의 주요사항보고 조회됨
[05:14:08]    배당 결정 공시 없음
[05:14:09] 🔍 KIND ETF 공시 확인 중... (조회기간: 2026-06-29 ~ 2026-06-30)
[05:14:09]    새로운 감시 ETF 이익분배금 공시 없음
[05:19:10] 🔍 DART 공시 확인 중... (조회기간: 20260629 ~ 20260630)
[05:19:10]    총 47건의 주요사항보고 조회됨
[05:19:10]    배당 결정 공시 없음
[05:19:12] 🔍 KIND ETF 공시 확인 중... (조회기간: 2026-06-29 ~ 2026-06-30)
[05:19:12]    새로운 감시 ETF 이익분배금 공시 없음
[05:24:13] 🔍 DART 공시 확인 중... (조회기간: 20260629 ~ 20260630)
[05:24:13]    총 47건의 주요사항보고 조회됨
[05:24:13]    배당 결정 공시 없음
[05:24:14] 🔍 KIND ETF 공시 확인 중... (조회기간: 2026-06-29 ~ 2026-06-30)
[05:24:14]    새로운 감시 ETF 이익분배금 공시 없음
[05:29:17] 🔍 DART 공시 확인 중... (조회기간: 20260629 ~ 20260630)
[05:29:17]    총 47건의 주요사항보고 조회됨
[05:29:17]    배당 결정 공시 없음
[05:29:18] 🔍 KIND ETF 공시 확인 중... (조회기간: 2026-06-29 ~ 2026-06-30)
[05:29:18]    새로운 감시 ETF 이익분배금 공시 없음
[05:34:19] 🔍 DART 공시 확인 중... (조회기간: 20260629 ~ 20260630)
[05:34:19]    총 47건의 주요사항보고 조회됨
[05:34:19]    배당 결정 공시 없음
[05:34:20] 🔍 KIND ETF 공시 확인 중... (조회기간: 2026-06-29 ~ 2026-06-30)
[05:34:20]    새로운 감시 ETF 이익분배금 공시 없음
[05:39:22] 🔍 DART 공시 확인 중... (조회기간: 20260629 ~ 20260630)
[05:39:22]    총 47건의 주요사항보고 조회됨
[05:39:22]    배당 결정 공시 없음
[05:39:23] 🔍 KIND ETF 공시 확인 중... (조회기간: 2026-06-29 ~ 2026-06-30)
[05:39:23]    새로운 감시 ETF 이익분배금 공시 없음
[05:44:24] 🔍 DART 공시 확인 중... (조회기간: 20260629 ~ 20260630)
[05:44:24]    총 47건의 주요사항보고 조회됨
[05:44:24]    배당 결정 공시 없음
[05:44:26] 🔍 KIND ETF 공시 확인 중... (조회기간: 2026-06-29 ~ 2026-06-30)
[05:44:26]    새로운 감시 ETF 이익분배금 공시 없음
[05:49:27] 🔍 DART 공시 확인 중... (조회기간: 20260629 ~ 20260630)
[05:49:27]    총 47건의 주요사항보고 조회됨
[05:49:27]    배당 결정 공시 없음
[05:49:29] 🔍 KIND ETF 공시 확인 중... (조회기간: 2026-06-29 ~ 2026-06-30)
[05:49:29]    새로운 감시 ETF 이익분배금 공시 없음
[05:54:30] 🔍 DART 공시 확인 중... (조회기간: 20260629 ~ 20260630)
[05:54:30]    총 47건의 주요사항보고 조회됨
[05:54:30]    배당 결정 공시 없음
[05:54:32] 🔍 KIND ETF 공시 확인 중... (조회기간: 2026-06-29 ~ 2026-06-30)
[05:54:32]    새로운 감시 ETF 이익분배금 공시 없음
[05:59:34] 🔍 DART 공시 확인 중... (조회기간: 20260629 ~ 20260630)
[05:59:34]    총 47건의 주요사항보고 조회됨
[05:59:34]    배당 결정 공시 없음
[05:59:35] 🔍 KIND ETF 공시 확인 중... (조회기간: 2026-06-29 ~ 2026-06-30)
[05:59:35]    새로운 감시 ETF 이익분배금 공시 없음
[06:04:38] 🔍 DART 공시 확인 중... (조회기간: 20260629 ~ 20260630)
[06:04:38]    총 47건의 주요사항보고 조회됨
[06:04:38]    배당 결정 공시 없음
[06:04:39] 🔍 KIND ETF 공시 확인 중... (조회기간: 2026-06-29 ~ 2026-06-30)
[06:04:39]    새로운 감시 ETF 이익분배금 공시 없음
[06:09:40] 🔍 DART 공시 확인 중... (조회기간: 20260629 ~ 20260630)
[06:09:40]    총 47건의 주요사항보고 조회됨
[06:09:40]    배당 결정 공시 없음
[06:09:41] 🔍 KIND ETF 공시 확인 중... (조회기간: 2026-06-29 ~ 2026-06-30)
[06:09:41]    새로운 감시 ETF 이익분배금 공시 없음
[06:14:43] 🔍 DART 공시 확인 중... (조회기간: 20260629 ~ 20260630)
[06:14:43]    총 47건의 주요사항보고 조회됨
[06:14:43]    배당 결정 공시 없음
[06:14:44] 🔍 KIND ETF 공시 확인 중... (조회기간: 2026-06-29 ~ 2026-06-30)
[06:14:44]    새로운 감시 ETF 이익분배금 공시 없음
[06:19:45] 🔍 DART 공시 확인 중... (조회기간: 20260629 ~ 20260630)
[06:19:45]    총 47건의 주요사항보고 조회됨
[06:19:45]    배당 결정 공시 없음
[06:19:46] 🔍 KIND ETF 공시 확인 중... (조회기간: 2026-06-29 ~ 2026-06-30)
[06:19:46]    새로운 감시 ETF 이익분배금 공시 없음
[06:24:48] 🔍 DART 공시 확인 중... (조회기간: 20260629 ~ 20260630)
[06:24:48]    총 47건의 주요사항보고 조회됨
[06:24:48]    배당 결정 공시 없음
[06:24:49] 🔍 KIND ETF 공시 확인 중... (조회기간: 2026-06-29 ~ 2026-06-30)
[06:24:49]    새로운 감시 ETF 이익분배금 공시 없음
[06:29:51] 🔍 DART 공시 확인 중... (조회기간: 20260629 ~ 20260630)
[06:29:51]    총 47건의 주요사항보고 조회됨
[06:29:51]    배당 결정 공시 없음
[06:29:52] 🔍 KIND ETF 공시 확인 중... (조회기간: 2026-06-29 ~ 2026-06-30)
[06:29:52]    새로운 감시 ETF 이익분배금 공시 없음
[06:34:53] 🔍 DART 공시 확인 중... (조회기간: 20260629 ~ 20260630)
[06:34:53]    총 47건의 주요사항보고 조회됨
[06:34:53]    배당 결정 공시 없음
[06:34:54] 🔍 KIND ETF 공시 확인 중... (조회기간: 2026-06-29 ~ 2026-06-30)
[06:34:54]    새로운 감시 ETF 이익분배금 공시 없음
[06:39:56] 🔍 DART 공시 확인 중... (조회기간: 20260629 ~ 20260630)
[06:39:56]    총 47건의 주요사항보고 조회됨
[06:39:56]    배당 결정 공시 없음
[06:39:57] 🔍 KIND ETF 공시 확인 중... (조회기간: 2026-06-29 ~ 2026-06-30)
[06:39:57]    새로운 감시 ETF 이익분배금 공시 없음
[06:44:59] 🔍 DART 공시 확인 중... (조회기간: 20260629 ~ 20260630)
[06:44:59]    총 47건의 주요사항보고 조회됨
[06:44:59]    배당 결정 공시 없음
[06:45:00] 🔍 KIND ETF 공시 확인 중... (조회기간: 2026-06-29 ~ 2026-06-30)
[06:45:00]    새로운 감시 ETF 이익분배금 공시 없음
[06:50:03] 🔍 DART 공시 확인 중... (조회기간: 20260629 ~ 20260630)
[06:50:03]    총 47건의 주요사항보고 조회됨
[06:50:03]    배당 결정 공시 없음
[06:50:04] 🔍 KIND ETF 공시 확인 중... (조회기간: 2026-06-29 ~ 2026-06-30)
[06:50:04]    새로운 감시 ETF 이익분배금 공시 없음
[06:55:06] 🔍 DART 공시 확인 중... (조회기간: 20260629 ~ 20260630)
[06:55:06]    총 47건의 주요사항보고 조회됨
[06:55:06]    배당 결정 공시 없음
[06:55:07] 🔍 KIND ETF 공시 확인 중... (조회기간: 2026-06-29 ~ 2026-06-30)
[06:55:07]    새로운 감시 ETF 이익분배금 공시 없음
[07:00:09] 🔍 DART 공시 확인 중... (조회기간: 20260629 ~ 20260630)
[07:00:09]    총 47건의 주요사항보고 조회됨
[07:00:09]    배당 결정 공시 없음
[07:00:10] 🔍 KIND ETF 공시 확인 중... (조회기간: 2026-06-29 ~ 2026-06-30)
[07:00:10]    새로운 감시 ETF 이익분배금 공시 없음
[07:05:12] 🔍 DART 공시 확인 중... (조회기간: 20260629 ~ 20260630)
[07:05:12]    총 47건의 주요사항보고 조회됨
[07:05:12]    배당 결정 공시 없음
[07:05:13] 🔍 KIND ETF 공시 확인 중... (조회기간: 2026-06-29 ~ 2026-06-30)
[07:05:13]    새로운 감시 ETF 이익분배금 공시 없음
[07:10:14] 🔍 DART 공시 확인 중... (조회기간: 20260629 ~ 20260630)
[07:10:14]    총 47건의 주요사항보고 조회됨
[07:10:14]    배당 결정 공시 없음
[07:10:16] 🔍 KIND ETF 공시 확인 중... (조회기간: 2026-06-29 ~ 2026-06-30)
[07:10:16]    새로운 감시 ETF 이익분배금 공시 없음
[07:15:17] 🔍 DART 공시 확인 중... (조회기간: 20260629 ~ 20260630)
[07:15:17]    총 47건의 주요사항보고 조회됨
[07:15:17]    배당 결정 공시 없음
[07:15:18] 🔍 KIND ETF 공시 확인 중... (조회기간: 2026-06-29 ~ 2026-06-30)
[07:15:18]    새로운 감시 ETF 이익분배금 공시 없음
[07:20:19] 🔍 DART 공시 확인 중... (조회기간: 20260629 ~ 20260630)
[07:20:19]    총 47건의 주요사항보고 조회됨
[07:20:19]    배당 결정 공시 없음
[07:20:21] 🔍 KIND ETF 공시 확인 중... (조회기간: 2026-06-29 ~ 2026-06-30)
[07:20:21]    새로운 감시 ETF 이익분배금 공시 없음
[07:25:22] 🔍 DART 공시 확인 중... (조회기간: 20260629 ~ 20260630)
[07:25:22]    총 47건의 주요사항보고 조회됨
[07:25:22]    배당 결정 공시 없음
[07:25:23] 🔍 KIND ETF 공시 확인 중... (조회기간: 2026-06-29 ~ 2026-06-30)
[07:25:23]    새로운 감시 ETF 이익분배금 공시 없음
[07:30:25] 🔍 DART 공시 확인 중... (조회기간: 20260629 ~ 20260630)
[07:30:25]    총 47건의 주요사항보고 조회됨
[07:30:25]    배당 결정 공시 없음
[07:30:26] 🔍 KIND ETF 공시 확인 중... (조회기간: 2026-06-29 ~ 2026-06-30)
[07:30:26]    새로운 감시 ETF 이익분배금 공시 없음
[07:35:27] 🔍 DART 공시 확인 중... (조회기간: 20260629 ~ 20260630)
[07:35:27]    총 47건의 주요사항보고 조회됨
[07:35:27]    배당 결정 공시 없음
[07:35:29] 🔍 KIND ETF 공시 확인 중... (조회기간: 2026-06-29 ~ 2026-06-30)
[07:35:29]    새로운 감시 ETF 이익분배금 공시 없음
[07:40:30] 🔍 DART 공시 확인 중... (조회기간: 20260629 ~ 20260630)
[07:40:30]    총 47건의 주요사항보고 조회됨
[07:40:30]    배당 결정 공시 없음
[07:40:32] 🔍 KIND ETF 공시 확인 중... (조회기간: 2026-06-29 ~ 2026-06-30)
[07:40:32]    새로운 감시 ETF 이익분배금 공시 없음
[07:45:34] 🔍 DART 공시 확인 중... (조회기간: 20260629 ~ 20260630)
[07:45:34]    총 47건의 주요사항보고 조회됨
[07:45:34]    배당 결정 공시 없음
[07:45:36] 🔍 KIND ETF 공시 확인 중... (조회기간: 2026-06-29 ~ 2026-06-30)
[07:45:36]    새로운 감시 ETF 이익분배금 공시 없음
[07:50:38] 🔍 DART 공시 확인 중... (조회기간: 20260629 ~ 20260630)
[07:50:38]    총 47건의 주요사항보고 조회됨
[07:50:38]    배당 결정 공시 없음
[07:50:40] 🔍 KIND ETF 공시 확인 중... (조회기간: 2026-06-29 ~ 2026-06-30)
[07:50:40]    새로운 감시 ETF 이익분배금 공시 없음
[07:55:43] 🔍 DART 공시 확인 중... (조회기간: 20260629 ~ 20260630)
[07:55:43]    총 47건의 주요사항보고 조회됨
[07:55:43]    배당 결정 공시 없음
[07:55:44] 🔍 KIND ETF 공시 확인 중... (조회기간: 2026-06-29 ~ 2026-06-30)
[07:55:44]    새로운 감시 ETF 이익분배금 공시 없음
[08:00:46] 🔍 DART 공시 확인 중... (조회기간: 20260629 ~ 20260630)
[08:00:46]    총 47건의 주요사항보고 조회됨
[08:00:46]    배당 결정 공시 없음
[08:00:48] 🔍 KIND ETF 공시 확인 중... (조회기간: 2026-06-29 ~ 2026-06-30)
[08:00:48]    새로운 감시 ETF 이익분배금 공시 없음
[08:05:49] 🔍 DART 공시 확인 중... (조회기간: 20260629 ~ 20260630)
[08:05:49]    총 47건의 주요사항보고 조회됨
[08:05:49]    배당 결정 공시 없음
[08:05:51] 🔍 KIND ETF 공시 확인 중... (조회기간: 2026-06-29 ~ 2026-06-30)
[08:05:51]    새로운 감시 ETF 이익분배금 공시 없음
[08:10:53] 🔍 DART 공시 확인 중... (조회기간: 20260629 ~ 20260630)
[08:10:53]    총 47건의 주요사항보고 조회됨
[08:10:53]    배당 결정 공시 없음
[08:10:54] 🔍 KIND ETF 공시 확인 중... (조회기간: 2026-06-29 ~ 2026-06-30)
[08:10:54]    새로운 감시 ETF 이익분배금 공시 없음
[08:15:55] 🔍 DART 공시 확인 중... (조회기간: 20260629 ~ 20260630)
[08:15:55]    총 47건의 주요사항보고 조회됨
[08:15:55]    배당 결정 공시 없음
[08:15:56] 🔍 KIND ETF 공시 확인 중... (조회기간: 2026-06-29 ~ 2026-06-30)
[08:15:56]    새로운 감시 ETF 이익분배금 공시 없음
[08:20:56] 🔍 DART 공시 확인 중... (조회기간: 20260629 ~ 20260630)
[08:20:56]    총 47건의 주요사항보고 조회됨
[08:20:56]    배당 결정 공시 없음
[08:20:57] 🔍 KIND ETF 공시 확인 중... (조회기간: 2026-06-29 ~ 2026-06-30)
[08:20:57]    새로운 감시 ETF 이익분배금 공시 없음
[08:25:58] 🔍 DART 공시 확인 중... (조회기간: 20260629 ~ 20260630)
[08:25:58]    총 47건의 주요사항보고 조회됨
[08:25:58]    배당 결정 공시 없음
[08:25:59] 🔍 KIND ETF 공시 확인 중... (조회기간: 2026-06-29 ~ 2026-06-30)
[08:25:59]    새로운 감시 ETF 이익분배금 공시 없음
[08:30:59] 🔍 DART 공시 확인 중... (조회기간: 20260629 ~ 20260630)
[08:30:59]    총 47건의 주요사항보고 조회됨
[08:30:59]    배당 결정 공시 없음
[08:31:00] 🔍 KIND ETF 공시 확인 중... (조회기간: 2026-06-29 ~ 2026-06-30)
[08:31:00]    새로운 감시 ETF 이익분배금 공시 없음
[08:36:01] 🔍 DART 공시 확인 중... (조회기간: 20260629 ~ 20260630)
[08:36:01]    총 47건의 주요사항보고 조회됨
[08:36:01]    배당 결정 공시 없음
[08:36:03] 🔍 KIND ETF 공시 확인 중... (조회기간: 2026-06-29 ~ 2026-06-30)
[08:36:03]    새로운 감시 ETF 이익분배금 공시 없음
[08:41:03] 🔍 DART 공시 확인 중... (조회기간: 20260629 ~ 20260630)
[08:41:03]    총 47건의 주요사항보고 조회됨
[08:41:03]    배당 결정 공시 없음
[08:41:04] 🔍 KIND ETF 공시 확인 중... (조회기간: 2026-06-29 ~ 2026-06-30)
[08:41:04]    새로운 감시 ETF 이익분배금 공시 없음
[08:41:05] ⏰ 아침 배당기준일 리마인드 스케줄러 기동 중...
[08:41:05] ⏰ 리마인드 스케줄러 점검 완료.
[08:46:05] 🔍 DART 공시 확인 중... (조회기간: 20260629 ~ 20260630)
[08:46:05]    총 47건의 주요사항보고 조회됨
[08:46:05]    배당 결정 공시 없음
[08:46:06] 🔍 KIND ETF 공시 확인 중... (조회기간: 2026-06-29 ~ 2026-06-30)
[08:46:06]    새로운 감시 ETF 이익분배금 공시 없음
[08:51:07] 🔍 DART 공시 확인 중... (조회기간: 20260629 ~ 20260630)
[08:51:07]    총 47건의 주요사항보고 조회됨
[08:51:07]    배당 결정 공시 없음
[08:51:08] 🔍 KIND ETF 공시 확인 중... (조회기간: 2026-06-29 ~ 2026-06-30)
[08:51:08]    새로운 감시 ETF 이익분배금 공시 없음
[08:56:09] 🔍 DART 공시 확인 중... (조회기간: 20260629 ~ 20260630)
[08:56:09]    총 47건의 주요사항보고 조회됨
[08:56:09]    배당 결정 공시 없음
[08:56:09] 🔍 KIND ETF 공시 확인 중... (조회기간: 2026-06-29 ~ 2026-06-30)
[08:56:09]    새로운 감시 ETF 이익분배금 공시 없음
[09:01:10] 🔍 DART 공시 확인 중... (조회기간: 20260629 ~ 20260630)
[09:01:10]    총 47건의 주요사항보고 조회됨
[09:01:10]    배당 결정 공시 없음
[09:01:11] 🔍 KIND ETF 공시 확인 중... (조회기간: 2026-06-29 ~ 2026-06-30)
[09:01:11]    새로운 감시 ETF 이익분배금 공시 없음
[09:06:12] 🔍 DART 공시 확인 중... (조회기간: 20260629 ~ 20260630)
[09:06:12]    총 47건의 주요사항보고 조회됨
[09:06:12]    배당 결정 공시 없음
[09:06:13] 🔍 KIND ETF 공시 확인 중... (조회기간: 2026-06-29 ~ 2026-06-30)
[09:06:13]    새로운 감시 ETF 이익분배금 공시 없음
[09:11:13] 🔍 DART 공시 확인 중... (조회기간: 20260629 ~ 20260630)
[09:11:13]    총 47건의 주요사항보고 조회됨
[09:11:13]    배당 결정 공시 없음
[09:11:14] 🔍 KIND ETF 공시 확인 중... (조회기간: 2026-06-29 ~ 2026-06-30)
[09:11:14]    새로운 감시 ETF 이익분배금 공시 없음
[09:16:15] 🔍 DART 공시 확인 중... (조회기간: 20260629 ~ 20260630)
[09:16:15]    총 47건의 주요사항보고 조회됨
[09:16:15]    배당 결정 공시 없음
[09:16:16] 🔍 KIND ETF 공시 확인 중... (조회기간: 2026-06-29 ~ 2026-06-30)
[09:16:16]    새로운 감시 ETF 이익분배금 공시 없음
[09:21:17] 🔍 DART 공시 확인 중... (조회기간: 20260629 ~ 20260630)
[09:21:17]    총 47건의 주요사항보고 조회됨
[09:21:17]    배당 결정 공시 없음
[09:21:18] 🔍 KIND ETF 공시 확인 중... (조회기간: 2026-06-29 ~ 2026-06-30)
[09:21:18]    새로운 감시 ETF 이익분배금 공시 없음
[09:26:18] 🔍 DART 공시 확인 중... (조회기간: 20260629 ~ 20260630)
[09:26:18]    총 47건의 주요사항보고 조회됨
[09:26:18]    배당 결정 공시 없음
[09:26:19] 🔍 KIND ETF 공시 확인 중... (조회기간: 2026-06-29 ~ 2026-06-30)
[09:26:19]    새로운 감시 ETF 이익분배금 공시 없음
[09:31:20] 🔍 DART 공시 확인 중... (조회기간: 20260629 ~ 20260630)
[09:31:20]    총 47건의 주요사항보고 조회됨
[09:31:20]    배당 결정 공시 없음
[09:31:21] 🔍 KIND ETF 공시 확인 중... (조회기간: 2026-06-29 ~ 2026-06-30)
[09:31:21]    새로운 감시 ETF 이익분배금 공시 없음
[09:36:22] 🔍 DART 공시 확인 중... (조회기간: 20260629 ~ 20260630)
[09:36:22]    총 47건의 주요사항보고 조회됨
[09:36:22]    배당 결정 공시 없음
[09:36:23] 🔍 KIND ETF 공시 확인 중... (조회기간: 2026-06-29 ~ 2026-06-30)
[09:36:23]    새로운 감시 ETF 이익분배금 공시 없음
[09:41:24] 🔍 DART 공시 확인 중... (조회기간: 20260629 ~ 20260630)
[09:41:24]    총 47건의 주요사항보고 조회됨
[09:41:24]    배당 결정 공시 없음
[09:41:25] 🔍 KIND ETF 공시 확인 중... (조회기간: 2026-06-29 ~ 2026-06-30)
[09:41:25]    새로운 감시 ETF 이익분배금 공시 없음
[09:46:25] 🔍 DART 공시 확인 중... (조회기간: 20260629 ~ 20260630)
[09:46:25]    총 47건의 주요사항보고 조회됨
[09:46:25]    배당 결정 공시 없음
[09:46:26] 🔍 KIND ETF 공시 확인 중... (조회기간: 2026-06-29 ~ 2026-06-30)
[09:46:26]    새로운 감시 ETF 이익분배금 공시 없음
[09:51:27] 🔍 DART 공시 확인 중... (조회기간: 20260629 ~ 20260630)
[09:51:27]    총 47건의 주요사항보고 조회됨
[09:51:27]    배당 결정 공시 없음
[09:51:28] 🔍 KIND ETF 공시 확인 중... (조회기간: 2026-06-29 ~ 2026-06-30)
[09:51:28]    새로운 감시 ETF 이익분배금 공시 없음
[09:56:29] 🔍 DART 공시 확인 중... (조회기간: 20260629 ~ 20260630)
[09:56:29]    총 47건의 주요사항보고 조회됨
[09:56:29]    배당 결정 공시 없음
[09:56:30] 🔍 KIND ETF 공시 확인 중... (조회기간: 2026-06-29 ~ 2026-06-30)
[09:56:30]    새로운 감시 ETF 이익분배금 공시 없음
[10:01:30] 🔍 DART 공시 확인 중... (조회기간: 20260629 ~ 20260630)
[10:01:30]    총 47건의 주요사항보고 조회됨
[10:01:30]    배당 결정 공시 없음
[10:01:32] 🔍 KIND ETF 공시 확인 중... (조회기간: 2026-06-29 ~ 2026-06-30)
[10:01:32]    새로운 감시 ETF 이익분배금 공시 없음
[10:06:32] 🔍 DART 공시 확인 중... (조회기간: 20260629 ~ 20260630)
[10:06:32]    총 47건의 주요사항보고 조회됨
[10:06:32]    배당 결정 공시 없음
[10:06:33] 🔍 KIND ETF 공시 확인 중... (조회기간: 2026-06-29 ~ 2026-06-30)
[10:06:33]    새로운 감시 ETF 이익분배금 공시 없음
[10:11:34] 🔍 DART 공시 확인 중... (조회기간: 20260629 ~ 20260630)
[10:11:34]    총 47건의 주요사항보고 조회됨
[10:11:34]    배당 결정 공시 없음
[10:11:35] 🔍 KIND ETF 공시 확인 중... (조회기간: 2026-06-29 ~ 2026-06-30)
[10:11:35]    새로운 감시 ETF 이익분배금 공시 없음
[10:16:36] 🔍 DART 공시 확인 중... (조회기간: 20260629 ~ 20260630)
[10:16:36]    총 47건의 주요사항보고 조회됨
[10:16:36]    배당 결정 공시 없음
[10:16:37] 🔍 KIND ETF 공시 확인 중... (조회기간: 2026-06-29 ~ 2026-06-30)
[10:16:37]    새로운 감시 ETF 이익분배금 공시 없음
[10:21:37] 🔍 DART 공시 확인 중... (조회기간: 20260629 ~ 20260630)
[10:21:37]    총 47건의 주요사항보고 조회됨
[10:21:37]    배당 결정 공시 없음
[10:21:38] 🔍 KIND ETF 공시 확인 중... (조회기간: 2026-06-29 ~ 2026-06-30)
[10:21:38]    새로운 감시 ETF 이익분배금 공시 없음
[10:26:39] 🔍 DART 공시 확인 중... (조회기간: 20260629 ~ 20260630)
[10:26:39]    총 47건의 주요사항보고 조회됨
[10:26:39]    배당 결정 공시 없음
[10:26:40] 🔍 KIND ETF 공시 확인 중... (조회기간: 2026-06-29 ~ 2026-06-30)
[10:26:40]    새로운 감시 ETF 이익분배금 공시 없음
[10:31:41] 🔍 DART 공시 확인 중... (조회기간: 20260629 ~ 20260630)
[10:31:41]    총 47건의 주요사항보고 조회됨
[10:31:41]    배당 결정 공시 없음
[10:31:42] 🔍 KIND ETF 공시 확인 중... (조회기간: 2026-06-29 ~ 2026-06-30)
[10:31:42]    새로운 감시 ETF 이익분배금 공시 없음
[10:36:43] 🔍 DART 공시 확인 중... (조회기간: 20260629 ~ 20260630)
[10:36:43]    총 47건의 주요사항보고 조회됨
[10:36:43]    배당 결정 공시 없음
[10:36:44] 🔍 KIND ETF 공시 확인 중... (조회기간: 2026-06-29 ~ 2026-06-30)
[10:36:44]    새로운 감시 ETF 이익분배금 공시 없음
[10:41:44] 🔍 DART 공시 확인 중... (조회기간: 20260629 ~ 20260630)
[10:41:44]    총 47건의 주요사항보고 조회됨
[10:41:44]    배당 결정 공시 없음
[10:41:45] 🔍 KIND ETF 공시 확인 중... (조회기간: 2026-06-29 ~ 2026-06-30)
[10:41:45]    새로운 감시 ETF 이익분배금 공시 없음
[10:46:46] 🔍 DART 공시 확인 중... (조회기간: 20260629 ~ 20260630)
[10:46:46]    총 47건의 주요사항보고 조회됨
[10:46:46]    배당 결정 공시 없음
[10:46:47] 🔍 KIND ETF 공시 확인 중... (조회기간: 2026-06-29 ~ 2026-06-30)
[10:46:47]    새로운 감시 ETF 이익분배금 공시 없음
[10:51:48] 🔍 DART 공시 확인 중... (조회기간: 20260629 ~ 20260630)
[10:51:48]    총 47건의 주요사항보고 조회됨
[10:51:48]    배당 결정 공시 없음
[10:51:49] 🔍 KIND ETF 공시 확인 중... (조회기간: 2026-06-29 ~ 2026-06-30)
[10:51:49]    새로운 감시 ETF 이익분배금 공시 없음
[10:56:49] 🔍 DART 공시 확인 중... (조회기간: 20260629 ~ 20260630)
[10:56:49]    총 47건의 주요사항보고 조회됨
[10:56:49]    배당 결정 공시 없음
[10:56:50] 🔍 KIND ETF 공시 확인 중... (조회기간: 2026-06-29 ~ 2026-06-30)
[10:56:50]    새로운 감시 ETF 이익분배금 공시 없음
[11:01:51] 🔍 DART 공시 확인 중... (조회기간: 20260629 ~ 20260630)
[11:01:51]    총 47건의 주요사항보고 조회됨
[11:01:51]    배당 결정 공시 없음
[11:01:52] 🔍 KIND ETF 공시 확인 중... (조회기간: 2026-06-29 ~ 2026-06-30)
[11:01:52]    새로운 감시 ETF 이익분배금 공시 없음
[11:06:53] 🔍 DART 공시 확인 중... (조회기간: 20260629 ~ 20260630)
[11:06:53]    총 47건의 주요사항보고 조회됨
[11:06:53]    배당 결정 공시 없음
[11:06:54] 🔍 KIND ETF 공시 확인 중... (조회기간: 2026-06-29 ~ 2026-06-30)
[11:06:54]    새로운 감시 ETF 이익분배금 공시 없음
[11:11:54] 🔍 DART 공시 확인 중... (조회기간: 20260629 ~ 20260630)
[11:11:54]    총 48건의 주요사항보고 조회됨
[11:11:54]    배당 결정 공시 없음
[11:11:55] 🔍 KIND ETF 공시 확인 중... (조회기간: 2026-06-29 ~ 2026-06-30)
[11:11:55]    새로운 감시 ETF 이익분배금 공시 없음
[11:16:56] 🔍 DART 공시 확인 중... (조회기간: 20260629 ~ 20260630)
[11:16:56]    총 48건의 주요사항보고 조회됨
[11:16:56]    배당 결정 공시 없음
[11:16:57] 🔍 KIND ETF 공시 확인 중... (조회기간: 2026-06-29 ~ 2026-06-30)
[11:16:57]    새로운 감시 ETF 이익분배금 공시 없음
[11:21:58] 🔍 DART 공시 확인 중... (조회기간: 20260629 ~ 20260630)
[11:21:58]    총 48건의 주요사항보고 조회됨
[11:21:58]    배당 결정 공시 없음
[11:21:59] 🔍 KIND ETF 공시 확인 중... (조회기간: 2026-06-29 ~ 2026-06-30)
[11:21:59]    새로운 감시 ETF 이익분배금 공시 없음
[11:27:00] 🔍 DART 공시 확인 중... (조회기간: 20260629 ~ 20260630)
[11:27:00]    총 48건의 주요사항보고 조회됨
[11:27:00]    배당 결정 공시 없음
[11:27:00] 🔍 KIND ETF 공시 확인 중... (조회기간: 2026-06-29 ~ 2026-06-30)
[11:27:00]    새로운 감시 ETF 이익분배금 공시 없음
[11:32:01] 🔍 DART 공시 확인 중... (조회기간: 20260629 ~ 20260630)
[11:32:01]    총 48건의 주요사항보고 조회됨
[11:32:01]    배당 결정 공시 없음
[11:32:02] 🔍 KIND ETF 공시 확인 중... (조회기간: 2026-06-29 ~ 2026-06-30)
[11:32:02]    새로운 감시 ETF 이익분배금 공시 없음
[11:37:03] 🔍 DART 공시 확인 중... (조회기간: 20260629 ~ 20260630)
[11:37:03]    총 49건의 주요사항보고 조회됨
[11:37:03]    배당 결정 공시 없음
[11:37:04] 🔍 KIND ETF 공시 확인 중... (조회기간: 2026-06-29 ~ 2026-06-30)
[11:37:04]    새로운 감시 ETF 이익분배금 공시 없음
[11:42:05] 🔍 DART 공시 확인 중... (조회기간: 20260629 ~ 20260630)
[11:42:05]    총 49건의 주요사항보고 조회됨
[11:42:05]    배당 결정 공시 없음
[11:42:06] 🔍 KIND ETF 공시 확인 중... (조회기간: 2026-06-29 ~ 2026-06-30)
[11:42:06]    새로운 감시 ETF 이익분배금 공시 없음
[11:47:06] 🔍 DART 공시 확인 중... (조회기간: 20260629 ~ 20260630)
[11:47:06]    총 49건의 주요사항보고 조회됨
[11:47:06]    배당 결정 공시 없음
[11:47:07] 🔍 KIND ETF 공시 확인 중... (조회기간: 2026-06-29 ~ 2026-06-30)
[11:47:07]    새로운 감시 ETF 이익분배금 공시 없음
[11:52:08] 🔍 DART 공시 확인 중... (조회기간: 20260629 ~ 20260630)
[11:52:08]    총 49건의 주요사항보고 조회됨
[11:52:08]    배당 결정 공시 없음
[11:52:09] 🔍 KIND ETF 공시 확인 중... (조회기간: 2026-06-29 ~ 2026-06-30)
[11:52:09]    새로운 감시 ETF 이익분배금 공시 없음
[11:57:10] 🔍 DART 공시 확인 중... (조회기간: 20260629 ~ 20260630)
[11:57:10]    총 49건의 주요사항보고 조회됨
[11:57:10]    배당 결정 공시 없음
[11:57:10] 🔍 KIND ETF 공시 확인 중... (조회기간: 2026-06-29 ~ 2026-06-30)
[11:57:10]    새로운 감시 ETF 이익분배금 공시 없음
[12:02:11] 🔍 DART 공시 확인 중... (조회기간: 20260629 ~ 20260630)
[12:02:11]    총 49건의 주요사항보고 조회됨
[12:02:11]    배당 결정 공시 없음
[12:02:12] 🔍 KIND ETF 공시 확인 중... (조회기간: 2026-06-29 ~ 2026-06-30)
[12:02:12]    새로운 감시 ETF 이익분배금 공시 없음
[12:07:13] 🔍 DART 공시 확인 중... (조회기간: 20260629 ~ 20260630)
[12:07:13]    총 49건의 주요사항보고 조회됨
[12:07:13]    배당 결정 공시 없음
[12:07:14] 🔍 KIND ETF 공시 확인 중... (조회기간: 2026-06-29 ~ 2026-06-30)
[12:07:14]    새로운 감시 ETF 이익분배금 공시 없음
[12:12:14] 🔍 DART 공시 확인 중... (조회기간: 20260629 ~ 20260630)
[12:12:14]    총 49건의 주요사항보고 조회됨
[12:12:14]    배당 결정 공시 없음
[12:12:15] 🔍 KIND ETF 공시 확인 중... (조회기간: 2026-06-29 ~ 2026-06-30)
[12:12:15]    새로운 감시 ETF 이익분배금 공시 없음
[12:17:16] 🔍 DART 공시 확인 중... (조회기간: 20260629 ~ 20260630)
[12:17:16]    총 49건의 주요사항보고 조회됨
[12:17:16]    배당 결정 공시 없음
[12:17:17] 🔍 KIND ETF 공시 확인 중... (조회기간: 2026-06-29 ~ 2026-06-30)
[12:17:17]    새로운 감시 ETF 이익분배금 공시 없음
[12:22:18] 🔍 DART 공시 확인 중... (조회기간: 20260629 ~ 20260630)
[12:22:18]    총 49건의 주요사항보고 조회됨
[12:22:18]    배당 결정 공시 없음
[12:22:18] 🔍 KIND ETF 공시 확인 중... (조회기간: 2026-06-29 ~ 2026-06-30)
[12:22:18]    새로운 감시 ETF 이익분배금 공시 없음
[12:27:19] 🔍 DART 공시 확인 중... (조회기간: 20260629 ~ 20260630)
[12:27:19]    총 49건의 주요사항보고 조회됨
[12:27:19]    배당 결정 공시 없음
[12:27:20] 🔍 KIND ETF 공시 확인 중... (조회기간: 2026-06-29 ~ 2026-06-30)
[12:27:20]    새로운 감시 ETF 이익분배금 공시 없음
[12:32:21] 🔍 DART 공시 확인 중... (조회기간: 20260629 ~ 20260630)
[12:32:21]    총 51건의 주요사항보고 조회됨
[12:32:21]    배당 결정 공시 없음
[12:32:22] 🔍 KIND ETF 공시 확인 중... (조회기간: 2026-06-29 ~ 2026-06-30)
[12:32:22]    새로운 감시 ETF 이익분배금 공시 없음
[12:37:23] 🔍 DART 공시 확인 중... (조회기간: 20260629 ~ 20260630)
[12:37:23]    총 51건의 주요사항보고 조회됨
[12:37:23]    배당 결정 공시 없음
[12:37:23] 🔍 KIND ETF 공시 확인 중... (조회기간: 2026-06-29 ~ 2026-06-30)
[12:37:23]    새로운 감시 ETF 이익분배금 공시 없음
[12:42:24] 🔍 DART 공시 확인 중... (조회기간: 20260629 ~ 20260630)
[12:42:24]    총 51건의 주요사항보고 조회됨
[12:42:24]    배당 결정 공시 없음
[12:42:25] 🔍 KIND ETF 공시 확인 중... (조회기간: 2026-06-29 ~ 2026-06-30)
[12:42:25]    새로운 감시 ETF 이익분배금 공시 없음
[12:47:26] 🔍 DART 공시 확인 중... (조회기간: 20260629 ~ 20260630)
[12:47:26]    총 51건의 주요사항보고 조회됨
[12:47:26]    배당 결정 공시 없음
[12:47:27] 🔍 KIND ETF 공시 확인 중... (조회기간: 2026-06-29 ~ 2026-06-30)
[12:47:27]    새로운 감시 ETF 이익분배금 공시 없음
[12:52:28] 🔍 DART 공시 확인 중... (조회기간: 20260629 ~ 20260630)
[12:52:28]    총 51건의 주요사항보고 조회됨
[12:52:28]    배당 결정 공시 없음
[12:52:28] 🔍 KIND ETF 공시 확인 중... (조회기간: 2026-06-29 ~ 2026-06-30)
[12:52:28]    새로운 감시 ETF 이익분배금 공시 없음
[12:57:29] 🔍 DART 공시 확인 중... (조회기간: 20260629 ~ 20260630)
[12:57:29]    총 51건의 주요사항보고 조회됨
[12:57:29]    배당 결정 공시 없음
[12:57:30] 🔍 KIND ETF 공시 확인 중... (조회기간: 2026-06-29 ~ 2026-06-30)
[12:57:30]    새로운 감시 ETF 이익분배금 공시 없음
[13:02:31] 🔍 DART 공시 확인 중... (조회기간: 20260629 ~ 20260630)
[13:02:31]    총 51건의 주요사항보고 조회됨
[13:02:31]    배당 결정 공시 없음
[13:02:32] 🔍 KIND ETF 공시 확인 중... (조회기간: 2026-06-29 ~ 2026-06-30)
[13:02:32]    새로운 감시 ETF 이익분배금 공시 없음
[13:07:33] 🔍 DART 공시 확인 중... (조회기간: 20260629 ~ 20260630)
[13:07:33]    총 51건의 주요사항보고 조회됨
[13:07:33]    배당 결정 공시 없음
[13:07:34] 🔍 KIND ETF 공시 확인 중... (조회기간: 2026-06-29 ~ 2026-06-30)
[13:07:34]    새로운 감시 ETF 이익분배금 공시 없음
[13:12:35] 🔍 DART 공시 확인 중... (조회기간: 20260629 ~ 20260630)
[13:12:35]    총 51건의 주요사항보고 조회됨
[13:12:35]    배당 결정 공시 없음
[13:12:35] 🔍 KIND ETF 공시 확인 중... (조회기간: 2026-06-29 ~ 2026-06-30)
[13:12:35]    새로운 감시 ETF 이익분배금 공시 없음
[13:17:36] 🔍 DART 공시 확인 중... (조회기간: 20260629 ~ 20260630)
[13:17:36]    총 51건의 주요사항보고 조회됨
[13:17:36]    배당 결정 공시 없음
[13:17:37] 🔍 KIND ETF 공시 확인 중... (조회기간: 2026-06-29 ~ 2026-06-30)
[13:17:37]    새로운 감시 ETF 이익분배금 공시 없음
[13:22:38] 🔍 DART 공시 확인 중... (조회기간: 20260629 ~ 20260630)
[13:22:38]    총 51건의 주요사항보고 조회됨
[13:22:38]    배당 결정 공시 없음
[13:22:39] 🔍 KIND ETF 공시 확인 중... (조회기간: 2026-06-29 ~ 2026-06-30)
[13:22:39]    새로운 감시 ETF 이익분배금 공시 없음
[13:27:39] 🔍 DART 공시 확인 중... (조회기간: 20260629 ~ 20260630)
[13:27:39]    총 51건의 주요사항보고 조회됨
[13:27:39]    배당 결정 공시 없음
[13:27:40] 🔍 KIND ETF 공시 확인 중... (조회기간: 2026-06-29 ~ 2026-06-30)
[13:27:40]    새로운 감시 ETF 이익분배금 공시 없음
[13:32:41] 🔍 DART 공시 확인 중... (조회기간: 20260629 ~ 20260630)
[13:32:41]    총 51건의 주요사항보고 조회됨
[13:32:41]    배당 결정 공시 없음
[13:32:42] 🔍 KIND ETF 공시 확인 중... (조회기간: 2026-06-29 ~ 2026-06-30)
[13:32:42]    새로운 감시 ETF 이익분배금 공시 없음
[13:37:43] 🔍 DART 공시 확인 중... (조회기간: 20260629 ~ 20260630)
[13:37:43]    총 51건의 주요사항보고 조회됨
[13:37:43]    배당 결정 공시 없음
[13:37:44] 🔍 KIND ETF 공시 확인 중... (조회기간: 2026-06-29 ~ 2026-06-30)
[13:37:44]    새로운 감시 ETF 이익분배금 공시 없음
[13:42:45] 🔍 DART 공시 확인 중... (조회기간: 20260629 ~ 20260630)
[13:42:45]    총 51건의 주요사항보고 조회됨
[13:42:45]    배당 결정 공시 없음
[13:42:45] 🔍 KIND ETF 공시 확인 중... (조회기간: 2026-06-29 ~ 2026-06-30)
[13:42:45]    새로운 감시 ETF 이익분배금 공시 없음
[13:47:46] 🔍 DART 공시 확인 중... (조회기간: 20260629 ~ 20260630)
[13:47:46]    총 51건의 주요사항보고 조회됨
[13:47:46]    배당 결정 공시 없음
[13:47:47] 🔍 KIND ETF 공시 확인 중... (조회기간: 2026-06-29 ~ 2026-06-30)
[13:47:47]    새로운 감시 ETF 이익분배금 공시 없음
[13:52:48] 🔍 DART 공시 확인 중... (조회기간: 20260629 ~ 20260630)
[13:52:48]    총 51건의 주요사항보고 조회됨
[13:52:48]    배당 결정 공시 없음
[13:52:49] 🔍 KIND ETF 공시 확인 중... (조회기간: 2026-06-29 ~ 2026-06-30)
[13:52:49]    새로운 감시 ETF 이익분배금 공시 없음
[13:57:50] 🔍 DART 공시 확인 중... (조회기간: 20260629 ~ 20260630)
[13:57:50]    총 51건의 주요사항보고 조회됨
[13:57:50]    배당 결정 공시 없음
[13:57:50] 🔍 KIND ETF 공시 확인 중... (조회기간: 2026-06-29 ~ 2026-06-30)
[13:57:50]    새로운 감시 ETF 이익분배금 공시 없음
[14:02:51] 🔍 DART 공시 확인 중... (조회기간: 20260629 ~ 20260630)
[14:02:51]    총 52건의 주요사항보고 조회됨
[14:02:51]    배당 결정 공시 없음
[14:02:52] 🔍 KIND ETF 공시 확인 중... (조회기간: 2026-06-29 ~ 2026-06-30)
[14:02:52]    새로운 감시 ETF 이익분배금 공시 없음
[20:20:48] 🔍 DART 공시 확인 중... (조회기간: 20260629 ~ 20260630)
[20:20:48]    총 112건의 주요사항보고 조회됨
[20:20:48]    배당 결정 공시 없음
[20:20:51] 🔍 KIND ETF 공시 확인 중... (조회기간: 2026-06-29 ~ 2026-06-30)
[20:20:51]    새로운 감시 ETF 이익분배금 공시 없음
[20:25:52] 🔍 DART 공시 확인 중... (조회기간: 20260629 ~ 20260630)
[20:25:52]    총 112건의 주요사항보고 조회됨
[20:25:52]    배당 결정 공시 없음
[20:25:54] 🔍 KIND ETF 공시 확인 중... (조회기간: 2026-06-29 ~ 2026-06-30)
[20:25:54]    새로운 감시 ETF 이익분배금 공시 없음
[20:30:54] 🔍 DART 공시 확인 중... (조회기간: 20260629 ~ 20260630)
[20:30:54]    총 112건의 주요사항보고 조회됨
[20:30:54]    배당 결정 공시 없음
[20:30:56] 🔍 KIND ETF 공시 확인 중... (조회기간: 2026-06-29 ~ 2026-06-30)
[20:30:56]    새로운 감시 ETF 이익분배금 공시 없음
[20:35:57] 🔍 DART 공시 확인 중... (조회기간: 20260629 ~ 20260630)
[20:35:57]    총 112건의 주요사항보고 조회됨
[20:35:57]    배당 결정 공시 없음
[20:35:58] 🔍 KIND ETF 공시 확인 중... (조회기간: 2026-06-29 ~ 2026-06-30)
[20:35:58]    새로운 감시 ETF 이익분배금 공시 없음
[20:40:59] 🔍 DART 공시 확인 중... (조회기간: 20260629 ~ 20260630)
[20:40:59]    총 112건의 주요사항보고 조회됨
[20:40:59]    배당 결정 공시 없음
[20:41:00] 🔍 KIND ETF 공시 확인 중... (조회기간: 2026-06-29 ~ 2026-06-30)
[20:41:00]    새로운 감시 ETF 이익분배금 공시 없음
[20:46:01] 🔍 DART 공시 확인 중... (조회기간: 20260629 ~ 20260630)
[20:46:01]    총 112건의 주요사항보고 조회됨
[20:46:01]    배당 결정 공시 없음
[20:46:03] 🔍 KIND ETF 공시 확인 중... (조회기간: 2026-06-29 ~ 2026-06-30)
[20:46:03]    새로운 감시 ETF 이익분배금 공시 없음
[20:51:04] 🔍 DART 공시 확인 중... (조회기간: 20260629 ~ 20260630)
[20:51:04]    총 112건의 주요사항보고 조회됨
[20:51:04]    배당 결정 공시 없음
[20:51:05] 🔍 KIND ETF 공시 확인 중... (조회기간: 2026-06-29 ~ 2026-06-30)
[20:51:05]    새로운 감시 ETF 이익분배금 공시 없음
[20:56:06] 🔍 DART 공시 확인 중... (조회기간: 20260629 ~ 20260630)
[20:56:06]    총 112건의 주요사항보고 조회됨
[20:56:06]    배당 결정 공시 없음
[20:56:07] 🔍 KIND ETF 공시 확인 중... (조회기간: 2026-06-29 ~ 2026-06-30)
[20:56:07]    새로운 감시 ETF 이익분배금 공시 없음
[21:01:08] 🔍 DART 공시 확인 중... (조회기간: 20260629 ~ 20260630)
[21:01:08]    총 112건의 주요사항보고 조회됨
[21:01:08]    배당 결정 공시 없음
[21:01:09] 🔍 KIND ETF 공시 확인 중... (조회기간: 2026-06-29 ~ 2026-06-30)
[21:01:09]    새로운 감시 ETF 이익분배금 공시 없음
[21:06:10] 🔍 DART 공시 확인 중... (조회기간: 20260629 ~ 20260630)
[21:06:10]    총 112건의 주요사항보고 조회됨
[21:06:10]    배당 결정 공시 없음
[21:06:12] 🔍 KIND ETF 공시 확인 중... (조회기간: 2026-06-29 ~ 2026-06-30)
[21:06:12]    새로운 감시 ETF 이익분배금 공시 없음
[21:11:12] 🔍 DART 공시 확인 중... (조회기간: 20260629 ~ 20260630)
[21:11:12]    총 112건의 주요사항보고 조회됨
[21:11:12]    배당 결정 공시 없음
[21:11:14] 🔍 KIND ETF 공시 확인 중... (조회기간: 2026-06-29 ~ 2026-06-30)
[21:11:14]    새로운 감시 ETF 이익분배금 공시 없음
[21:16:14] 🔍 DART 공시 확인 중... (조회기간: 20260629 ~ 20260630)
[21:16:14]    총 112건의 주요사항보고 조회됨
[21:16:14]    배당 결정 공시 없음
[21:16:16] 🔍 KIND ETF 공시 확인 중... (조회기간: 2026-06-29 ~ 2026-06-30)
[21:16:16]    새로운 감시 ETF 이익분배금 공시 없음
[21:21:17] 🔍 DART 공시 확인 중... (조회기간: 20260629 ~ 20260630)
[21:21:17]    총 112건의 주요사항보고 조회됨
[21:21:17]    배당 결정 공시 없음
[21:21:18] 🔍 KIND ETF 공시 확인 중... (조회기간: 2026-06-29 ~ 2026-06-30)
[21:21:18]    새로운 감시 ETF 이익분배금 공시 없음
[21:26:19] 🔍 DART 공시 확인 중... (조회기간: 20260629 ~ 20260630)
[21:26:19]    총 112건의 주요사항보고 조회됨
[21:26:19]    배당 결정 공시 없음
[21:26:20] 🔍 KIND ETF 공시 확인 중... (조회기간: 2026-06-29 ~ 2026-06-30)
[21:26:20]    새로운 감시 ETF 이익분배금 공시 없음
[21:31:21] 🔍 DART 공시 확인 중... (조회기간: 20260629 ~ 20260630)
[21:31:21]    총 112건의 주요사항보고 조회됨
[21:31:21]    배당 결정 공시 없음
[21:31:22] 🔍 KIND ETF 공시 확인 중... (조회기간: 2026-06-29 ~ 2026-06-30)
[21:31:22]    새로운 감시 ETF 이익분배금 공시 없음
[21:36:23] 🔍 DART 공시 확인 중... (조회기간: 20260629 ~ 20260630)
[21:36:23]    총 112건의 주요사항보고 조회됨
[21:36:23]    배당 결정 공시 없음
[21:36:24] 🔍 KIND ETF 공시 확인 중... (조회기간: 2026-06-29 ~ 2026-06-30)
[21:36:24]    새로운 감시 ETF 이익분배금 공시 없음
[21:41:25] 🔍 DART 공시 확인 중... (조회기간: 20260629 ~ 20260630)
[21:41:25]    총 112건의 주요사항보고 조회됨
[21:41:25]    배당 결정 공시 없음
[21:41:27] 🔍 KIND ETF 공시 확인 중... (조회기간: 2026-06-29 ~ 2026-06-30)
[21:41:27]    새로운 감시 ETF 이익분배금 공시 없음
[21:46:27] 🔍 DART 공시 확인 중... (조회기간: 20260629 ~ 20260630)
[21:46:27]    총 112건의 주요사항보고 조회됨
[21:46:27]    배당 결정 공시 없음
[21:46:29] 🔍 KIND ETF 공시 확인 중... (조회기간: 2026-06-29 ~ 2026-06-30)
[21:46:29]    새로운 감시 ETF 이익분배금 공시 없음
[21:51:29] 🔍 DART 공시 확인 중... (조회기간: 20260629 ~ 20260630)
[21:51:29]    총 112건의 주요사항보고 조회됨
[21:51:29]    배당 결정 공시 없음
[21:51:31] 🔍 KIND ETF 공시 확인 중... (조회기간: 2026-06-29 ~ 2026-06-30)
[21:51:31]    새로운 감시 ETF 이익분배금 공시 없음
[21:56:32] 🔍 DART 공시 확인 중... (조회기간: 20260629 ~ 20260630)
[21:56:32]    총 112건의 주요사항보고 조회됨
[21:56:32]    배당 결정 공시 없음
[21:56:33] 🔍 KIND ETF 공시 확인 중... (조회기간: 2026-06-29 ~ 2026-06-30)
[21:56:33]    새로운 감시 ETF 이익분배금 공시 없음
[22:01:34] 🔍 DART 공시 확인 중... (조회기간: 20260629 ~ 20260630)
[22:01:34]    총 112건의 주요사항보고 조회됨
[22:01:34]    배당 결정 공시 없음
[22:01:36] 🔍 KIND ETF 공시 확인 중... (조회기간: 2026-06-29 ~ 2026-06-30)
[22:01:36]    새로운 감시 ETF 이익분배금 공시 없음
[22:06:37] 🔍 DART 공시 확인 중... (조회기간: 20260629 ~ 20260630)
[22:06:37]    총 112건의 주요사항보고 조회됨
[22:06:37]    배당 결정 공시 없음
[22:06:38] 🔍 KIND ETF 공시 확인 중... (조회기간: 2026-06-29 ~ 2026-06-30)
[22:06:38]    새로운 감시 ETF 이익분배금 공시 없음
[22:11:39] 🔍 DART 공시 확인 중... (조회기간: 20260629 ~ 20260630)
[22:11:39]    총 112건의 주요사항보고 조회됨
[22:11:39]    배당 결정 공시 없음
[22:11:40] 🔍 KIND ETF 공시 확인 중... (조회기간: 2026-06-29 ~ 2026-06-30)
[22:11:40]    새로운 감시 ETF 이익분배금 공시 없음
[22:16:41] 🔍 DART 공시 확인 중... (조회기간: 20260629 ~ 20260630)
[22:16:41]    총 112건의 주요사항보고 조회됨
[22:16:41]    배당 결정 공시 없음
[22:16:43] 🔍 KIND ETF 공시 확인 중... (조회기간: 2026-06-29 ~ 2026-06-30)
[22:16:43]    새로운 감시 ETF 이익분배금 공시 없음
[22:21:44] 🔍 DART 공시 확인 중... (조회기간: 20260629 ~ 20260630)
[22:21:44]    총 112건의 주요사항보고 조회됨
[22:21:44]    배당 결정 공시 없음
[22:21:45] 🔍 KIND ETF 공시 확인 중... (조회기간: 2026-06-29 ~ 2026-06-30)
[22:21:45]    새로운 감시 ETF 이익분배금 공시 없음
[22:26:46] 🔍 DART 공시 확인 중... (조회기간: 20260629 ~ 20260630)
[22:26:46]    총 112건의 주요사항보고 조회됨
[22:26:46]    배당 결정 공시 없음
[22:26:47] 🔍 KIND ETF 공시 확인 중... (조회기간: 2026-06-29 ~ 2026-06-30)
[22:26:47]    새로운 감시 ETF 이익분배금 공시 없음
[22:31:48] 🔍 DART 공시 확인 중... (조회기간: 20260629 ~ 20260630)
[22:31:48]    총 112건의 주요사항보고 조회됨
[22:31:48]    배당 결정 공시 없음
[22:31:50] 🔍 KIND ETF 공시 확인 중... (조회기간: 2026-06-29 ~ 2026-06-30)
[22:31:50]    새로운 감시 ETF 이익분배금 공시 없음
[22:36:50] 🔍 DART 공시 확인 중... (조회기간: 20260629 ~ 20260630)
[22:36:50]    총 112건의 주요사항보고 조회됨
[22:36:50]    배당 결정 공시 없음
[22:36:52] 🔍 KIND ETF 공시 확인 중... (조회기간: 2026-06-29 ~ 2026-06-30)
[22:36:52]    새로운 감시 ETF 이익분배금 공시 없음
[22:41:53] 🔍 DART 공시 확인 중... (조회기간: 20260629 ~ 20260630)
[22:41:53]    총 112건의 주요사항보고 조회됨
[22:41:53]    배당 결정 공시 없음
[22:41:54] 🔍 KIND ETF 공시 확인 중... (조회기간: 2026-06-29 ~ 2026-06-30)
[22:41:54]    새로운 감시 ETF 이익분배금 공시 없음
[22:46:55] 🔍 DART 공시 확인 중... (조회기간: 20260629 ~ 20260630)
[22:46:55]    총 112건의 주요사항보고 조회됨
[22:46:55]    배당 결정 공시 없음
[22:46:57] 🔍 KIND ETF 공시 확인 중... (조회기간: 2026-06-29 ~ 2026-06-30)
[22:46:57]    새로운 감시 ETF 이익분배금 공시 없음
[22:51:57] 🔍 DART 공시 확인 중... (조회기간: 20260629 ~ 20260630)
[22:51:57]    총 112건의 주요사항보고 조회됨
[22:51:57]    배당 결정 공시 없음
[22:51:59] 🔍 KIND ETF 공시 확인 중... (조회기간: 2026-06-29 ~ 2026-06-30)
[22:51:59]    새로운 감시 ETF 이익분배금 공시 없음
[22:57:00] 🔍 DART 공시 확인 중... (조회기간: 20260629 ~ 20260630)
[22:57:00]    총 112건의 주요사항보고 조회됨
[22:57:00]    배당 결정 공시 없음
[22:57:01] 🔍 KIND ETF 공시 확인 중... (조회기간: 2026-06-29 ~ 2026-06-30)
[22:57:01]    새로운 감시 ETF 이익분배금 공시 없음
[23:02:02] 🔍 DART 공시 확인 중... (조회기간: 20260629 ~ 20260630)
[23:02:02]    총 112건의 주요사항보고 조회됨
[23:02:02]    배당 결정 공시 없음
[23:02:04] 🔍 KIND ETF 공시 확인 중... (조회기간: 2026-06-29 ~ 2026-06-30)
[23:02:04]    새로운 감시 ETF 이익분배금 공시 없음
[23:07:04] 🔍 DART 공시 확인 중... (조회기간: 20260629 ~ 20260630)
[23:07:04]    총 112건의 주요사항보고 조회됨
[23:07:04]    배당 결정 공시 없음
[23:07:06] 🔍 KIND ETF 공시 확인 중... (조회기간: 2026-06-29 ~ 2026-06-30)
[23:07:06]    새로운 감시 ETF 이익분배금 공시 없음
[23:12:07] 🔍 DART 공시 확인 중... (조회기간: 20260629 ~ 20260630)
[23:12:07]    총 112건의 주요사항보고 조회됨
[23:12:07]    배당 결정 공시 없음
[23:12:09] 🔍 KIND ETF 공시 확인 중... (조회기간: 2026-06-29 ~ 2026-06-30)
[23:12:09]    새로운 감시 ETF 이익분배금 공시 없음
[23:17:10] 🔍 DART 공시 확인 중... (조회기간: 20260629 ~ 20260630)
[23:17:10]    총 112건의 주요사항보고 조회됨
[23:17:10]    배당 결정 공시 없음
[23:17:12] 🔍 KIND ETF 공시 확인 중... (조회기간: 2026-06-29 ~ 2026-06-30)
[23:17:12]    새로운 감시 ETF 이익분배금 공시 없음
[23:22:13] 🔍 DART 공시 확인 중... (조회기간: 20260629 ~ 20260630)
[23:22:13]    총 112건의 주요사항보고 조회됨
[23:22:13]    배당 결정 공시 없음
[23:22:15] 🔍 KIND ETF 공시 확인 중... (조회기간: 2026-06-29 ~ 2026-06-30)
[23:22:15]    새로운 감시 ETF 이익분배금 공시 없음
[23:27:20] 🔍 DART 공시 확인 중... (조회기간: 20260629 ~ 20260630)
[23:27:20]    총 112건의 주요사항보고 조회됨
[23:27:20]    배당 결정 공시 없음
[23:27:22] 🔍 KIND ETF 공시 확인 중... (조회기간: 2026-06-29 ~ 2026-06-30)
[23:27:22]    새로운 감시 ETF 이익분배금 공시 없음
[23:32:23] 🔍 DART 공시 확인 중... (조회기간: 20260629 ~ 20260630)
[23:32:23]    총 112건의 주요사항보고 조회됨
[23:32:23]    배당 결정 공시 없음
[23:32:25] 🔍 KIND ETF 공시 확인 중... (조회기간: 2026-06-29 ~ 2026-06-30)
[23:32:25]    새로운 감시 ETF 이익분배금 공시 없음
[23:37:25] 🔍 DART 공시 확인 중... (조회기간: 20260629 ~ 20260630)
[23:37:25]    총 112건의 주요사항보고 조회됨
[23:37:25]    배당 결정 공시 없음
[23:37:27] 🔍 KIND ETF 공시 확인 중... (조회기간: 2026-06-29 ~ 2026-06-30)
[23:37:27]    새로운 감시 ETF 이익분배금 공시 없음
[23:42:27] 🔍 DART 공시 확인 중... (조회기간: 20260629 ~ 20260630)
[23:42:27]    총 112건의 주요사항보고 조회됨
[23:42:27]    배당 결정 공시 없음
[23:42:29] 🔍 KIND ETF 공시 확인 중... (조회기간: 2026-06-29 ~ 2026-06-30)
[23:42:29]    새로운 감시 ETF 이익분배금 공시 없음
[23:47:30] 🔍 DART 공시 확인 중... (조회기간: 20260629 ~ 20260630)
[23:47:30]    총 112건의 주요사항보고 조회됨
[23:47:30]    배당 결정 공시 없음
[23:47:31] 🔍 KIND ETF 공시 확인 중... (조회기간: 2026-06-29 ~ 2026-06-30)
[23:47:31]    새로운 감시 ETF 이익분배금 공시 없음
[23:52:32] 🔍 DART 공시 확인 중... (조회기간: 20260629 ~ 20260630)
[23:52:32]    총 112건의 주요사항보고 조회됨
[23:52:32]    배당 결정 공시 없음
[23:52:33] 🔍 KIND ETF 공시 확인 중... (조회기간: 2026-06-29 ~ 2026-06-30)
[23:52:33]    새로운 감시 ETF 이익분배금 공시 없음
[23:57:34] 🔍 DART 공시 확인 중... (조회기간: 20260629 ~ 20260630)
[23:57:34]    총 112건의 주요사항보고 조회됨
[23:57:34]    배당 결정 공시 없음
[23:57:35] 🔍 KIND ETF 공시 확인 중... (조회기간: 2026-06-29 ~ 2026-06-30)
[23:57:35]    새로운 감시 ETF 이익분배금 공시 없음
[00:02:36] 🔍 DART 공시 확인 중... (조회기간: 20260630 ~ 20260701)
[00:02:36]    총 70건의 주요사항보고 조회됨
[00:02:36]    배당 결정 공시 없음
[00:02:37] 🔍 KIND ETF 공시 확인 중... (조회기간: 2026-06-30 ~ 2026-07-01)
[00:02:37]    새로운 감시 ETF 이익분배금 공시 없음
[00:07:37] 🔍 DART 공시 확인 중... (조회기간: 20260630 ~ 20260701)
[00:07:37]    총 70건의 주요사항보고 조회됨
[00:07:37]    배당 결정 공시 없음
[00:07:38] 🔍 KIND ETF 공시 확인 중... (조회기간: 2026-06-30 ~ 2026-07-01)
[00:07:38]    새로운 감시 ETF 이익분배금 공시 없음
[00:12:39] 🔍 DART 공시 확인 중... (조회기간: 20260630 ~ 20260701)
[00:12:39]    총 70건의 주요사항보고 조회됨
[00:12:39]    배당 결정 공시 없음
[00:12:41] 🔍 KIND ETF 공시 확인 중... (조회기간: 2026-06-30 ~ 2026-07-01)
[00:12:41]    새로운 감시 ETF 이익분배금 공시 없음
[00:17:44] 🔍 DART 공시 확인 중... (조회기간: 20260630 ~ 20260701)
[00:17:44]    총 70건의 주요사항보고 조회됨
[00:17:44]    배당 결정 공시 없음
[00:17:47] 🔍 KIND ETF 공시 확인 중... (조회기간: 2026-06-30 ~ 2026-07-01)
[00:17:47]    새로운 감시 ETF 이익분배금 공시 없음
[00:22:50] 🔍 DART 공시 확인 중... (조회기간: 20260630 ~ 20260701)
[00:22:50]    총 70건의 주요사항보고 조회됨
[00:22:50]    배당 결정 공시 없음
[00:22:52] 🔍 KIND ETF 공시 확인 중... (조회기간: 2026-06-30 ~ 2026-07-01)
[00:22:52]    새로운 감시 ETF 이익분배금 공시 없음
[00:27:59] 🔍 DART 공시 확인 중... (조회기간: 20260630 ~ 20260701)
[00:27:59]    총 70건의 주요사항보고 조회됨
[00:27:59]    배당 결정 공시 없음
[00:28:00] 🔍 KIND ETF 공시 확인 중... (조회기간: 2026-06-30 ~ 2026-07-01)
[00:28:00]    새로운 감시 ETF 이익분배금 공시 없음
[00:33:03] 🔍 DART 공시 확인 중... (조회기간: 20260630 ~ 20260701)
[00:33:03]    총 70건의 주요사항보고 조회됨
[00:33:03]    배당 결정 공시 없음
[00:33:04] 🔍 KIND ETF 공시 확인 중... (조회기간: 2026-06-30 ~ 2026-07-01)
[00:33:04]    새로운 감시 ETF 이익분배금 공시 없음
[00:38:07] 🔍 DART 공시 확인 중... (조회기간: 20260630 ~ 20260701)
[00:38:07]    총 70건의 주요사항보고 조회됨
[00:38:07]    배당 결정 공시 없음
[00:38:08] 🔍 KIND ETF 공시 확인 중... (조회기간: 2026-06-30 ~ 2026-07-01)
[00:38:08]    새로운 감시 ETF 이익분배금 공시 없음
[00:43:09] 🔍 DART 공시 확인 중... (조회기간: 20260630 ~ 20260701)
[00:43:09]    총 70건의 주요사항보고 조회됨
[00:43:09]    배당 결정 공시 없음
[00:43:11] 🔍 KIND ETF 공시 확인 중... (조회기간: 2026-06-30 ~ 2026-07-01)
[00:43:11]    새로운 감시 ETF 이익분배금 공시 없음
[00:48:14] 🔍 DART 공시 확인 중... (조회기간: 20260630 ~ 20260701)
[00:48:14]    총 70건의 주요사항보고 조회됨
[00:48:14]    배당 결정 공시 없음
[00:48:16] 🔍 KIND ETF 공시 확인 중... (조회기간: 2026-06-30 ~ 2026-07-01)
[00:48:16]    새로운 감시 ETF 이익분배금 공시 없음
[00:53:18] 🔍 DART 공시 확인 중... (조회기간: 20260630 ~ 20260701)
[00:53:18]    총 70건의 주요사항보고 조회됨
[00:53:18]    배당 결정 공시 없음
[00:53:19] 🔍 KIND ETF 공시 확인 중... (조회기간: 2026-06-30 ~ 2026-07-01)
[00:53:19]    새로운 감시 ETF 이익분배금 공시 없음
[00:58:20] 🔍 DART 공시 확인 중... (조회기간: 20260630 ~ 20260701)
[00:58:20]    총 70건의 주요사항보고 조회됨
[00:58:20]    배당 결정 공시 없음
[00:58:21] 🔍 KIND ETF 공시 확인 중... (조회기간: 2026-06-30 ~ 2026-07-01)
[00:58:21]    새로운 감시 ETF 이익분배금 공시 없음
[01:03:22] 🔍 DART 공시 확인 중... (조회기간: 20260630 ~ 20260701)
[01:03:22]    총 70건의 주요사항보고 조회됨
[01:03:22]    배당 결정 공시 없음
[01:03:23] 🔍 KIND ETF 공시 확인 중... (조회기간: 2026-06-30 ~ 2026-07-01)
[01:03:23]    새로운 감시 ETF 이익분배금 공시 없음
[01:08:24] 🔍 DART 공시 확인 중... (조회기간: 20260630 ~ 20260701)
[01:08:24]    총 70건의 주요사항보고 조회됨
[01:08:24]    배당 결정 공시 없음
[01:08:24] 🔍 KIND ETF 공시 확인 중... (조회기간: 2026-06-30 ~ 2026-07-01)
[01:08:24]    새로운 감시 ETF 이익분배금 공시 없음
[01:13:25] 🔍 DART 공시 확인 중... (조회기간: 20260630 ~ 20260701)
[01:13:25]    총 70건의 주요사항보고 조회됨
[01:13:25]    배당 결정 공시 없음
[01:13:26] 🔍 KIND ETF 공시 확인 중... (조회기간: 2026-06-30 ~ 2026-07-01)
[01:13:26]    새로운 감시 ETF 이익분배금 공시 없음
[01:18:27] 🔍 DART 공시 확인 중... (조회기간: 20260630 ~ 20260701)
[01:18:27]    총 70건의 주요사항보고 조회됨
[01:18:27]    배당 결정 공시 없음
[01:18:28] 🔍 KIND ETF 공시 확인 중... (조회기간: 2026-06-30 ~ 2026-07-01)
[01:18:28]    새로운 감시 ETF 이익분배금 공시 없음
[01:23:29] 🔍 DART 공시 확인 중... (조회기간: 20260630 ~ 20260701)
[01:23:29]    총 70건의 주요사항보고 조회됨
[01:23:29]    배당 결정 공시 없음
[01:23:30] 🔍 KIND ETF 공시 확인 중... (조회기간: 2026-06-30 ~ 2026-07-01)
[01:23:30]    새로운 감시 ETF 이익분배금 공시 없음
[01:28:30] 🔍 DART 공시 확인 중... (조회기간: 20260630 ~ 20260701)
[01:28:30]    총 70건의 주요사항보고 조회됨
[01:28:30]    배당 결정 공시 없음
[01:28:31] 🔍 KIND ETF 공시 확인 중... (조회기간: 2026-06-30 ~ 2026-07-01)
[01:28:31]    새로운 감시 ETF 이익분배금 공시 없음
[01:33:32] 🔍 DART 공시 확인 중... (조회기간: 20260630 ~ 20260701)
[01:33:32]    총 70건의 주요사항보고 조회됨
[01:33:32]    배당 결정 공시 없음
[01:33:33] 🔍 KIND ETF 공시 확인 중... (조회기간: 2026-06-30 ~ 2026-07-01)
[01:33:33]    새로운 감시 ETF 이익분배금 공시 없음
[01:38:33] 🔍 DART 공시 확인 중... (조회기간: 20260630 ~ 20260701)
[01:38:33]    총 70건의 주요사항보고 조회됨
[01:38:33]    배당 결정 공시 없음
[01:38:34] 🔍 KIND ETF 공시 확인 중... (조회기간: 2026-06-30 ~ 2026-07-01)
[01:38:34]    새로운 감시 ETF 이익분배금 공시 없음
[01:43:35] 🔍 DART 공시 확인 중... (조회기간: 20260630 ~ 20260701)
[01:43:35]    총 70건의 주요사항보고 조회됨
[01:43:35]    배당 결정 공시 없음
[01:43:36] 🔍 KIND ETF 공시 확인 중... (조회기간: 2026-06-30 ~ 2026-07-01)
[01:43:36]    새로운 감시 ETF 이익분배금 공시 없음
[01:48:36] 🔍 DART 공시 확인 중... (조회기간: 20260630 ~ 20260701)
[01:48:36]    총 70건의 주요사항보고 조회됨
[01:48:36]    배당 결정 공시 없음
[01:48:37] 🔍 KIND ETF 공시 확인 중... (조회기간: 2026-06-30 ~ 2026-07-01)
[01:48:37]    새로운 감시 ETF 이익분배금 공시 없음
[01:53:38] 🔍 DART 공시 확인 중... (조회기간: 20260630 ~ 20260701)
[01:53:38]    총 70건의 주요사항보고 조회됨
[01:53:38]    배당 결정 공시 없음
[01:53:38] 🔍 KIND ETF 공시 확인 중... (조회기간: 2026-06-30 ~ 2026-07-01)
[01:53:38]    새로운 감시 ETF 이익분배금 공시 없음
[01:58:39] 🔍 DART 공시 확인 중... (조회기간: 20260630 ~ 20260701)
[01:58:39]    총 70건의 주요사항보고 조회됨
[01:58:39]    배당 결정 공시 없음
[01:58:40] 🔍 KIND ETF 공시 확인 중... (조회기간: 2026-06-30 ~ 2026-07-01)
[01:58:40]    새로운 감시 ETF 이익분배금 공시 없음
[02:03:41] 🔍 DART 공시 확인 중... (조회기간: 20260630 ~ 20260701)
[02:03:41]    총 70건의 주요사항보고 조회됨
[02:03:41]    배당 결정 공시 없음
[02:03:42] 🔍 KIND ETF 공시 확인 중... (조회기간: 2026-06-30 ~ 2026-07-01)
[02:03:42]    새로운 감시 ETF 이익분배금 공시 없음
[02:08:42] 🔍 DART 공시 확인 중... (조회기간: 20260630 ~ 20260701)
[02:08:42]    총 70건의 주요사항보고 조회됨
[02:08:42]    배당 결정 공시 없음
[02:08:43] 🔍 KIND ETF 공시 확인 중... (조회기간: 2026-06-30 ~ 2026-07-01)
[02:08:43]    새로운 감시 ETF 이익분배금 공시 없음
[02:13:44] 🔍 DART 공시 확인 중... (조회기간: 20260630 ~ 20260701)
[02:13:44]    총 70건의 주요사항보고 조회됨
[02:13:44]    배당 결정 공시 없음
[02:13:45] 🔍 KIND ETF 공시 확인 중... (조회기간: 2026-06-30 ~ 2026-07-01)
[02:13:45]    새로운 감시 ETF 이익분배금 공시 없음
[02:18:46] 🔍 DART 공시 확인 중... (조회기간: 20260630 ~ 20260701)
[02:18:46]    총 70건의 주요사항보고 조회됨
[02:18:46]    배당 결정 공시 없음
[02:18:47] 🔍 KIND ETF 공시 확인 중... (조회기간: 2026-06-30 ~ 2026-07-01)
[02:18:47]    새로운 감시 ETF 이익분배금 공시 없음
[02:23:48] 🔍 DART 공시 확인 중... (조회기간: 20260630 ~ 20260701)
[02:23:48]    총 70건의 주요사항보고 조회됨
[02:23:48]    배당 결정 공시 없음
[02:23:49] 🔍 KIND ETF 공시 확인 중... (조회기간: 2026-06-30 ~ 2026-07-01)
[02:23:49]    새로운 감시 ETF 이익분배금 공시 없음
[02:28:49] 🔍 DART 공시 확인 중... (조회기간: 20260630 ~ 20260701)
[02:28:49]    총 70건의 주요사항보고 조회됨
[02:28:49]    배당 결정 공시 없음
[02:28:50] 🔍 KIND ETF 공시 확인 중... (조회기간: 2026-06-30 ~ 2026-07-01)
[02:28:50]    새로운 감시 ETF 이익분배금 공시 없음
[02:33:51] 🔍 DART 공시 확인 중... (조회기간: 20260630 ~ 20260701)
[02:33:51]    총 70건의 주요사항보고 조회됨
[02:33:51]    배당 결정 공시 없음
[02:33:52] 🔍 KIND ETF 공시 확인 중... (조회기간: 2026-06-30 ~ 2026-07-01)
[02:33:52]    새로운 감시 ETF 이익분배금 공시 없음
[02:38:53] 🔍 DART 공시 확인 중... (조회기간: 20260630 ~ 20260701)
[02:38:53]    총 70건의 주요사항보고 조회됨
[02:38:53]    배당 결정 공시 없음
[02:38:54] 🔍 KIND ETF 공시 확인 중... (조회기간: 2026-06-30 ~ 2026-07-01)
[02:38:54]    새로운 감시 ETF 이익분배금 공시 없음
[02:43:55] 🔍 DART 공시 확인 중... (조회기간: 20260630 ~ 20260701)
[02:43:55]    총 70건의 주요사항보고 조회됨
[02:43:55]    배당 결정 공시 없음
[02:43:56] 🔍 KIND ETF 공시 확인 중... (조회기간: 2026-06-30 ~ 2026-07-01)
[02:43:56]    새로운 감시 ETF 이익분배금 공시 없음
[02:48:57] 🔍 DART 공시 확인 중... (조회기간: 20260630 ~ 20260701)
[02:48:57]    총 70건의 주요사항보고 조회됨
[02:48:57]    배당 결정 공시 없음
[02:48:57] 🔍 KIND ETF 공시 확인 중... (조회기간: 2026-06-30 ~ 2026-07-01)
[02:48:57]    새로운 감시 ETF 이익분배금 공시 없음
[02:53:58] 🔍 DART 공시 확인 중... (조회기간: 20260630 ~ 20260701)
[02:53:58]    총 70건의 주요사항보고 조회됨
[02:53:58]    배당 결정 공시 없음
[02:53:59] 🔍 KIND ETF 공시 확인 중... (조회기간: 2026-06-30 ~ 2026-07-01)
[02:53:59]    새로운 감시 ETF 이익분배금 공시 없음
[02:59:00] 🔍 DART 공시 확인 중... (조회기간: 20260630 ~ 20260701)
[02:59:00]    총 70건의 주요사항보고 조회됨
[02:59:00]    배당 결정 공시 없음
[02:59:01] 🔍 KIND ETF 공시 확인 중... (조회기간: 2026-06-30 ~ 2026-07-01)
[02:59:01]    새로운 감시 ETF 이익분배금 공시 없음
[03:04:01] 🔍 DART 공시 확인 중... (조회기간: 20260630 ~ 20260701)
[03:04:01]    총 70건의 주요사항보고 조회됨
[03:04:01]    배당 결정 공시 없음
[03:04:02] 🔍 KIND ETF 공시 확인 중... (조회기간: 2026-06-30 ~ 2026-07-01)
[03:04:02]    새로운 감시 ETF 이익분배금 공시 없음
[03:09:03] 🔍 DART 공시 확인 중... (조회기간: 20260630 ~ 20260701)
[03:09:03]    총 70건의 주요사항보고 조회됨
[03:09:03]    배당 결정 공시 없음
[03:09:04] 🔍 KIND ETF 공시 확인 중... (조회기간: 2026-06-30 ~ 2026-07-01)
[03:09:04]    새로운 감시 ETF 이익분배금 공시 없음
[03:14:05] 🔍 DART 공시 확인 중... (조회기간: 20260630 ~ 20260701)
[03:14:05]    총 70건의 주요사항보고 조회됨
[03:14:05]    배당 결정 공시 없음
[03:14:06] 🔍 KIND ETF 공시 확인 중... (조회기간: 2026-06-30 ~ 2026-07-01)
[03:14:06]    새로운 감시 ETF 이익분배금 공시 없음
[03:19:07] 🔍 DART 공시 확인 중... (조회기간: 20260630 ~ 20260701)
[03:19:07]    총 70건의 주요사항보고 조회됨
[03:19:07]    배당 결정 공시 없음
[03:19:08] 🔍 KIND ETF 공시 확인 중... (조회기간: 2026-06-30 ~ 2026-07-01)
[03:19:08]    새로운 감시 ETF 이익분배금 공시 없음
[03:24:08] 🔍 DART 공시 확인 중... (조회기간: 20260630 ~ 20260701)
[03:24:08]    총 70건의 주요사항보고 조회됨
[03:24:08]    배당 결정 공시 없음
[03:24:09] 🔍 KIND ETF 공시 확인 중... (조회기간: 2026-06-30 ~ 2026-07-01)
[03:24:09]    새로운 감시 ETF 이익분배금 공시 없음
[03:29:10] 🔍 DART 공시 확인 중... (조회기간: 20260630 ~ 20260701)
[03:29:10]    총 70건의 주요사항보고 조회됨
[03:29:10]    배당 결정 공시 없음
[03:29:11] 🔍 KIND ETF 공시 확인 중... (조회기간: 2026-06-30 ~ 2026-07-01)
[03:29:11]    새로운 감시 ETF 이익분배금 공시 없음
[03:34:12] 🔍 DART 공시 확인 중... (조회기간: 20260630 ~ 20260701)
[03:34:12]    총 70건의 주요사항보고 조회됨
[03:34:12]    배당 결정 공시 없음
[03:34:13] 🔍 KIND ETF 공시 확인 중... (조회기간: 2026-06-30 ~ 2026-07-01)
[03:34:13]    새로운 감시 ETF 이익분배금 공시 없음
[03:39:14] 🔍 DART 공시 확인 중... (조회기간: 20260630 ~ 20260701)
[03:39:14]    총 70건의 주요사항보고 조회됨
[03:39:14]    배당 결정 공시 없음
[03:39:15] 🔍 KIND ETF 공시 확인 중... (조회기간: 2026-06-30 ~ 2026-07-01)
[03:39:15]    새로운 감시 ETF 이익분배금 공시 없음
[03:44:15] 🔍 DART 공시 확인 중... (조회기간: 20260630 ~ 20260701)
[03:44:15]    총 70건의 주요사항보고 조회됨
[03:44:15]    배당 결정 공시 없음
[03:44:16] 🔍 KIND ETF 공시 확인 중... (조회기간: 2026-06-30 ~ 2026-07-01)
[03:44:16]    새로운 감시 ETF 이익분배금 공시 없음
[03:49:17] 🔍 DART 공시 확인 중... (조회기간: 20260630 ~ 20260701)
[03:49:17]    총 70건의 주요사항보고 조회됨
[03:49:17]    배당 결정 공시 없음
[03:49:18] 🔍 KIND ETF 공시 확인 중... (조회기간: 2026-06-30 ~ 2026-07-01)
[03:49:18]    새로운 감시 ETF 이익분배금 공시 없음
[03:54:19] 🔍 DART 공시 확인 중... (조회기간: 20260630 ~ 20260701)
[03:54:19]    총 70건의 주요사항보고 조회됨
[03:54:19]    배당 결정 공시 없음
[03:54:20] 🔍 KIND ETF 공시 확인 중... (조회기간: 2026-06-30 ~ 2026-07-01)
[03:54:20]    새로운 감시 ETF 이익분배금 공시 없음
[03:59:20] 🔍 DART 공시 확인 중... (조회기간: 20260630 ~ 20260701)
[03:59:20]    총 70건의 주요사항보고 조회됨
[03:59:20]    배당 결정 공시 없음
[03:59:21] 🔍 KIND ETF 공시 확인 중... (조회기간: 2026-06-30 ~ 2026-07-01)
[03:59:21]    새로운 감시 ETF 이익분배금 공시 없음
[04:04:22] 🔍 DART 공시 확인 중... (조회기간: 20260630 ~ 20260701)
[04:04:22]    총 70건의 주요사항보고 조회됨
[04:04:22]    배당 결정 공시 없음
[04:04:23] 🔍 KIND ETF 공시 확인 중... (조회기간: 2026-06-30 ~ 2026-07-01)
[04:04:23]    새로운 감시 ETF 이익분배금 공시 없음
[04:09:24] 🔍 DART 공시 확인 중... (조회기간: 20260630 ~ 20260701)
[04:09:24]    총 70건의 주요사항보고 조회됨
[04:09:24]    배당 결정 공시 없음
[04:09:25] 🔍 KIND ETF 공시 확인 중... (조회기간: 2026-06-30 ~ 2026-07-01)
[04:09:25]    새로운 감시 ETF 이익분배금 공시 없음
[04:14:26] 🔍 DART 공시 확인 중... (조회기간: 20260630 ~ 20260701)
[04:14:26]    총 70건의 주요사항보고 조회됨
[04:14:26]    배당 결정 공시 없음
[04:14:26] 🔍 KIND ETF 공시 확인 중... (조회기간: 2026-06-30 ~ 2026-07-01)
[04:14:26]    새로운 감시 ETF 이익분배금 공시 없음
[04:19:27] 🔍 DART 공시 확인 중... (조회기간: 20260630 ~ 20260701)
[04:19:27]    총 70건의 주요사항보고 조회됨
[04:19:27]    배당 결정 공시 없음
[04:19:28] 🔍 KIND ETF 공시 확인 중... (조회기간: 2026-06-30 ~ 2026-07-01)
[04:19:28]    새로운 감시 ETF 이익분배금 공시 없음
[04:24:29] 🔍 DART 공시 확인 중... (조회기간: 20260630 ~ 20260701)
[04:24:29]    총 70건의 주요사항보고 조회됨
[04:24:29]    배당 결정 공시 없음
[04:24:30] 🔍 KIND ETF 공시 확인 중... (조회기간: 2026-06-30 ~ 2026-07-01)
[04:24:30]    새로운 감시 ETF 이익분배금 공시 없음
[04:29:30] 🔍 DART 공시 확인 중... (조회기간: 20260630 ~ 20260701)
[04:29:30]    총 70건의 주요사항보고 조회됨
[04:29:30]    배당 결정 공시 없음
[04:29:31] 🔍 KIND ETF 공시 확인 중... (조회기간: 2026-06-30 ~ 2026-07-01)
[04:29:31]    새로운 감시 ETF 이익분배금 공시 없음
[04:34:32] 🔍 DART 공시 확인 중... (조회기간: 20260630 ~ 20260701)
[04:34:32]    총 70건의 주요사항보고 조회됨
[04:34:32]    배당 결정 공시 없음
[04:34:33] 🔍 KIND ETF 공시 확인 중... (조회기간: 2026-06-30 ~ 2026-07-01)
[04:34:33]    새로운 감시 ETF 이익분배금 공시 없음
[04:39:34] 🔍 DART 공시 확인 중... (조회기간: 20260630 ~ 20260701)
[04:39:34]    총 70건의 주요사항보고 조회됨
[04:39:34]    배당 결정 공시 없음
[04:39:35] 🔍 KIND ETF 공시 확인 중... (조회기간: 2026-06-30 ~ 2026-07-01)
[04:39:35]    새로운 감시 ETF 이익분배금 공시 없음
[04:44:36] 🔍 DART 공시 확인 중... (조회기간: 20260630 ~ 20260701)
[04:44:36]    총 70건의 주요사항보고 조회됨
[04:44:36]    배당 결정 공시 없음
[04:44:36] 🔍 KIND ETF 공시 확인 중... (조회기간: 2026-06-30 ~ 2026-07-01)
[04:44:36]    새로운 감시 ETF 이익분배금 공시 없음
[04:49:37] 🔍 DART 공시 확인 중... (조회기간: 20260630 ~ 20260701)
[04:49:37]    총 70건의 주요사항보고 조회됨
[04:49:37]    배당 결정 공시 없음
[04:49:38] 🔍 KIND ETF 공시 확인 중... (조회기간: 2026-06-30 ~ 2026-07-01)
[04:49:38]    새로운 감시 ETF 이익분배금 공시 없음
[04:54:39] 🔍 DART 공시 확인 중... (조회기간: 20260630 ~ 20260701)
[04:54:39]    총 70건의 주요사항보고 조회됨
[04:54:39]    배당 결정 공시 없음
[04:54:40] 🔍 KIND ETF 공시 확인 중... (조회기간: 2026-06-30 ~ 2026-07-01)
[04:54:40]    새로운 감시 ETF 이익분배금 공시 없음
[04:59:40] 🔍 DART 공시 확인 중... (조회기간: 20260630 ~ 20260701)
[04:59:40]    총 70건의 주요사항보고 조회됨
[04:59:40]    배당 결정 공시 없음
[04:59:41] 🔍 KIND ETF 공시 확인 중... (조회기간: 2026-06-30 ~ 2026-07-01)
[04:59:41]    새로운 감시 ETF 이익분배금 공시 없음
[05:04:42] 🔍 DART 공시 확인 중... (조회기간: 20260630 ~ 20260701)
[05:04:42]    총 70건의 주요사항보고 조회됨
[05:04:42]    배당 결정 공시 없음
[05:04:43] 🔍 KIND ETF 공시 확인 중... (조회기간: 2026-06-30 ~ 2026-07-01)
[05:04:43]    새로운 감시 ETF 이익분배금 공시 없음
[05:09:44] 🔍 DART 공시 확인 중... (조회기간: 20260630 ~ 20260701)
[05:09:44]    총 70건의 주요사항보고 조회됨
[05:09:44]    배당 결정 공시 없음
[05:09:45] 🔍 KIND ETF 공시 확인 중... (조회기간: 2026-06-30 ~ 2026-07-01)
[05:09:45]    새로운 감시 ETF 이익분배금 공시 없음
[05:14:46] 🔍 DART 공시 확인 중... (조회기간: 20260630 ~ 20260701)
[05:14:46]    총 70건의 주요사항보고 조회됨
[05:14:46]    배당 결정 공시 없음
[05:14:47] 🔍 KIND ETF 공시 확인 중... (조회기간: 2026-06-30 ~ 2026-07-01)
[05:14:47]    새로운 감시 ETF 이익분배금 공시 없음
[05:19:47] 🔍 DART 공시 확인 중... (조회기간: 20260630 ~ 20260701)
[05:19:47]    총 70건의 주요사항보고 조회됨
[05:19:47]    배당 결정 공시 없음
[05:19:48] 🔍 KIND ETF 공시 확인 중... (조회기간: 2026-06-30 ~ 2026-07-01)
[05:19:48]    새로운 감시 ETF 이익분배금 공시 없음
[05:24:49] 🔍 DART 공시 확인 중... (조회기간: 20260630 ~ 20260701)
[05:24:49]    총 70건의 주요사항보고 조회됨
[05:24:49]    배당 결정 공시 없음
[05:24:50] 🔍 KIND ETF 공시 확인 중... (조회기간: 2026-06-30 ~ 2026-07-01)
[05:24:50]    새로운 감시 ETF 이익분배금 공시 없음
[05:29:50] 🔍 DART 공시 확인 중... (조회기간: 20260630 ~ 20260701)
[05:29:50]    총 70건의 주요사항보고 조회됨
[05:29:50]    배당 결정 공시 없음
[05:29:51] 🔍 KIND ETF 공시 확인 중... (조회기간: 2026-06-30 ~ 2026-07-01)
[05:29:51]    새로운 감시 ETF 이익분배금 공시 없음
[05:34:52] 🔍 DART 공시 확인 중... (조회기간: 20260630 ~ 20260701)
[05:34:52]    총 70건의 주요사항보고 조회됨
[05:34:52]    배당 결정 공시 없음
[05:34:53] 🔍 KIND ETF 공시 확인 중... (조회기간: 2026-06-30 ~ 2026-07-01)
[05:34:53]    새로운 감시 ETF 이익분배금 공시 없음
[05:39:54] 🔍 DART 공시 확인 중... (조회기간: 20260630 ~ 20260701)
[05:39:54]    총 70건의 주요사항보고 조회됨
[05:39:54]    배당 결정 공시 없음
[05:39:55] 🔍 KIND ETF 공시 확인 중... (조회기간: 2026-06-30 ~ 2026-07-01)
[05:39:55]    새로운 감시 ETF 이익분배금 공시 없음
[05:44:55] 🔍 DART 공시 확인 중... (조회기간: 20260630 ~ 20260701)
[05:44:55]    총 70건의 주요사항보고 조회됨
[05:44:55]    배당 결정 공시 없음
[05:44:56] 🔍 KIND ETF 공시 확인 중... (조회기간: 2026-06-30 ~ 2026-07-01)
[05:44:56]    새로운 감시 ETF 이익분배금 공시 없음
[05:49:57] 🔍 DART 공시 확인 중... (조회기간: 20260630 ~ 20260701)
[05:49:57]    총 70건의 주요사항보고 조회됨
[05:49:57]    배당 결정 공시 없음
[05:49:58] 🔍 KIND ETF 공시 확인 중... (조회기간: 2026-06-30 ~ 2026-07-01)
[05:49:58]    새로운 감시 ETF 이익분배금 공시 없음
[05:54:59] 🔍 DART 공시 확인 중... (조회기간: 20260630 ~ 20260701)
[05:54:59]    총 70건의 주요사항보고 조회됨
[05:54:59]    배당 결정 공시 없음
[05:55:00] 🔍 KIND ETF 공시 확인 중... (조회기간: 2026-06-30 ~ 2026-07-01)
[05:55:00]    새로운 감시 ETF 이익분배금 공시 없음
[06:00:01] 🔍 DART 공시 확인 중... (조회기간: 20260630 ~ 20260701)
[06:00:01]    총 70건의 주요사항보고 조회됨
[06:00:01]    배당 결정 공시 없음
[06:00:02] 🔍 KIND ETF 공시 확인 중... (조회기간: 2026-06-30 ~ 2026-07-01)
[06:00:02]    새로운 감시 ETF 이익분배금 공시 없음
[06:05:02] 🔍 DART 공시 확인 중... (조회기간: 20260630 ~ 20260701)
[06:05:02]    총 70건의 주요사항보고 조회됨
[06:05:02]    배당 결정 공시 없음
[06:05:03] 🔍 KIND ETF 공시 확인 중... (조회기간: 2026-06-30 ~ 2026-07-01)
[06:05:03]    새로운 감시 ETF 이익분배금 공시 없음
[06:10:04] 🔍 DART 공시 확인 중... (조회기간: 20260630 ~ 20260701)
[06:10:04]    총 70건의 주요사항보고 조회됨
[06:10:04]    배당 결정 공시 없음
[06:10:05] 🔍 KIND ETF 공시 확인 중... (조회기간: 2026-06-30 ~ 2026-07-01)
[06:10:05]    새로운 감시 ETF 이익분배금 공시 없음
[06:15:06] 🔍 DART 공시 확인 중... (조회기간: 20260630 ~ 20260701)
[06:15:06]    총 70건의 주요사항보고 조회됨
[06:15:06]    배당 결정 공시 없음
[06:15:07] 🔍 KIND ETF 공시 확인 중... (조회기간: 2026-06-30 ~ 2026-07-01)
[06:15:07]    새로운 감시 ETF 이익분배금 공시 없음
[06:20:08] 🔍 DART 공시 확인 중... (조회기간: 20260630 ~ 20260701)
[06:20:08]    총 70건의 주요사항보고 조회됨
[06:20:08]    배당 결정 공시 없음
[06:20:09] 🔍 KIND ETF 공시 확인 중... (조회기간: 2026-06-30 ~ 2026-07-01)
[06:20:09]    새로운 감시 ETF 이익분배금 공시 없음
[06:25:10] 🔍 DART 공시 확인 중... (조회기간: 20260630 ~ 20260701)
[06:25:10]    총 70건의 주요사항보고 조회됨
[06:25:10]    배당 결정 공시 없음
[06:25:11] 🔍 KIND ETF 공시 확인 중... (조회기간: 2026-06-30 ~ 2026-07-01)
[06:25:11]    새로운 감시 ETF 이익분배금 공시 없음
[06:30:12] 🔍 DART 공시 확인 중... (조회기간: 20260630 ~ 20260701)
[06:30:12]    총 70건의 주요사항보고 조회됨
[06:30:12]    배당 결정 공시 없음
[06:30:13] 🔍 KIND ETF 공시 확인 중... (조회기간: 2026-06-30 ~ 2026-07-01)
[06:30:13]    새로운 감시 ETF 이익분배금 공시 없음
[06:35:13] 🔍 DART 공시 확인 중... (조회기간: 20260630 ~ 20260701)
[06:35:13]    총 70건의 주요사항보고 조회됨
[06:35:13]    배당 결정 공시 없음
[06:35:14] 🔍 KIND ETF 공시 확인 중... (조회기간: 2026-06-30 ~ 2026-07-01)
[06:35:14]    새로운 감시 ETF 이익분배금 공시 없음
[06:40:15] 🔍 DART 공시 확인 중... (조회기간: 20260630 ~ 20260701)
[06:40:15]    총 70건의 주요사항보고 조회됨
[06:40:15]    배당 결정 공시 없음
[06:40:16] 🔍 KIND ETF 공시 확인 중... (조회기간: 2026-06-30 ~ 2026-07-01)
[06:40:16]    새로운 감시 ETF 이익분배금 공시 없음
[06:45:17] 🔍 DART 공시 확인 중... (조회기간: 20260630 ~ 20260701)
[06:45:17]    총 70건의 주요사항보고 조회됨
[06:45:17]    배당 결정 공시 없음
[06:45:18] 🔍 KIND ETF 공시 확인 중... (조회기간: 2026-06-30 ~ 2026-07-01)
[06:45:18]    새로운 감시 ETF 이익분배금 공시 없음
[06:50:19] 🔍 DART 공시 확인 중... (조회기간: 20260630 ~ 20260701)
[06:50:19]    총 70건의 주요사항보고 조회됨
[06:50:19]    배당 결정 공시 없음
[06:50:20] 🔍 KIND ETF 공시 확인 중... (조회기간: 2026-06-30 ~ 2026-07-01)
[06:50:20]    새로운 감시 ETF 이익분배금 공시 없음
[06:55:20] 🔍 DART 공시 확인 중... (조회기간: 20260630 ~ 20260701)
[06:55:20]    총 70건의 주요사항보고 조회됨
[06:55:20]    배당 결정 공시 없음
[06:55:21] 🔍 KIND ETF 공시 확인 중... (조회기간: 2026-06-30 ~ 2026-07-01)
[06:55:21]    새로운 감시 ETF 이익분배금 공시 없음
[07:00:22] 🔍 DART 공시 확인 중... (조회기간: 20260630 ~ 20260701)
[07:00:22]    총 70건의 주요사항보고 조회됨
[07:00:22]    배당 결정 공시 없음
[07:00:23] 🔍 KIND ETF 공시 확인 중... (조회기간: 2026-06-30 ~ 2026-07-01)
[07:00:23]    새로운 감시 ETF 이익분배금 공시 없음
[07:05:24] 🔍 DART 공시 확인 중... (조회기간: 20260630 ~ 20260701)
[07:05:24]    총 70건의 주요사항보고 조회됨
[07:05:24]    배당 결정 공시 없음
[07:05:25] 🔍 KIND ETF 공시 확인 중... (조회기간: 2026-06-30 ~ 2026-07-01)
[07:05:25]    새로운 감시 ETF 이익분배금 공시 없음
[07:10:26] 🔍 DART 공시 확인 중... (조회기간: 20260630 ~ 20260701)
[07:10:26]    총 70건의 주요사항보고 조회됨
[07:10:26]    배당 결정 공시 없음
[07:10:27] 🔍 KIND ETF 공시 확인 중... (조회기간: 2026-06-30 ~ 2026-07-01)
[07:10:27]    새로운 감시 ETF 이익분배금 공시 없음
[07:15:27] 🔍 DART 공시 확인 중... (조회기간: 20260630 ~ 20260701)
[07:15:27]    총 70건의 주요사항보고 조회됨
[07:15:27]    배당 결정 공시 없음
[07:15:28] 🔍 KIND ETF 공시 확인 중... (조회기간: 2026-06-30 ~ 2026-07-01)
[07:15:28]    새로운 감시 ETF 이익분배금 공시 없음
[07:20:29] 🔍 DART 공시 확인 중... (조회기간: 20260630 ~ 20260701)
[07:20:29]    총 70건의 주요사항보고 조회됨
[07:20:29]    배당 결정 공시 없음
[07:20:30] 🔍 KIND ETF 공시 확인 중... (조회기간: 2026-06-30 ~ 2026-07-01)
[07:20:30]    새로운 감시 ETF 이익분배금 공시 없음
[07:25:31] 🔍 DART 공시 확인 중... (조회기간: 20260630 ~ 20260701)
[07:25:31]    총 70건의 주요사항보고 조회됨
[07:25:31]    배당 결정 공시 없음
[07:25:31] 🔍 KIND ETF 공시 확인 중... (조회기간: 2026-06-30 ~ 2026-07-01)
[07:25:31]    새로운 감시 ETF 이익분배금 공시 없음
[07:30:32] 🔍 DART 공시 확인 중... (조회기간: 20260630 ~ 20260701)
[07:30:32]    총 70건의 주요사항보고 조회됨
[07:30:32]    배당 결정 공시 없음
[07:30:33] 🔍 KIND ETF 공시 확인 중... (조회기간: 2026-06-30 ~ 2026-07-01)
[07:30:33]    새로운 감시 ETF 이익분배금 공시 없음
[07:35:34] 🔍 DART 공시 확인 중... (조회기간: 20260630 ~ 20260701)
[07:35:34]    총 70건의 주요사항보고 조회됨
[07:35:34]    배당 결정 공시 없음
[07:35:35] 🔍 KIND ETF 공시 확인 중... (조회기간: 2026-06-30 ~ 2026-07-01)
[07:35:35]    새로운 감시 ETF 이익분배금 공시 없음
[07:40:36] 🔍 DART 공시 확인 중... (조회기간: 20260630 ~ 20260701)
[07:40:36]    총 70건의 주요사항보고 조회됨
[07:40:36]    배당 결정 공시 없음
[07:40:37] 🔍 KIND ETF 공시 확인 중... (조회기간: 2026-06-30 ~ 2026-07-01)
[07:40:37]    새로운 감시 ETF 이익분배금 공시 없음
[07:45:37] 🔍 DART 공시 확인 중... (조회기간: 20260630 ~ 20260701)
[07:45:37]    총 70건의 주요사항보고 조회됨
[07:45:37]    배당 결정 공시 없음
[07:45:38] 🔍 KIND ETF 공시 확인 중... (조회기간: 2026-06-30 ~ 2026-07-01)
[07:45:38]    새로운 감시 ETF 이익분배금 공시 없음
[07:50:39] 🔍 DART 공시 확인 중... (조회기간: 20260630 ~ 20260701)
[07:50:39]    총 70건의 주요사항보고 조회됨
[07:50:39]    배당 결정 공시 없음
[07:50:40] 🔍 KIND ETF 공시 확인 중... (조회기간: 2026-06-30 ~ 2026-07-01)
[07:50:40]    새로운 감시 ETF 이익분배금 공시 없음
[07:55:41] 🔍 DART 공시 확인 중... (조회기간: 20260630 ~ 20260701)
[07:55:41]    총 70건의 주요사항보고 조회됨
[07:55:41]    배당 결정 공시 없음
[07:55:42] 🔍 KIND ETF 공시 확인 중... (조회기간: 2026-06-30 ~ 2026-07-01)
[07:55:42]    새로운 감시 ETF 이익분배금 공시 없음
[08:00:42] 🔍 DART 공시 확인 중... (조회기간: 20260630 ~ 20260701)
[08:00:42]    총 70건의 주요사항보고 조회됨
[08:00:42]    배당 결정 공시 없음
[08:00:44] 🔍 KIND ETF 공시 확인 중... (조회기간: 2026-06-30 ~ 2026-07-01)
[08:00:44]    새로운 감시 ETF 이익분배금 공시 없음
[08:05:44] 🔍 DART 공시 확인 중... (조회기간: 20260630 ~ 20260701)
[08:05:44]    총 70건의 주요사항보고 조회됨
[08:05:44]    배당 결정 공시 없음
[08:05:45] 🔍 KIND ETF 공시 확인 중... (조회기간: 2026-06-30 ~ 2026-07-01)
[08:05:45]    새로운 감시 ETF 이익분배금 공시 없음
[08:10:46] 🔍 DART 공시 확인 중... (조회기간: 20260630 ~ 20260701)
[08:10:46]    총 70건의 주요사항보고 조회됨
[08:10:46]    배당 결정 공시 없음
[08:10:47] 🔍 KIND ETF 공시 확인 중... (조회기간: 2026-06-30 ~ 2026-07-01)
[08:10:47]    새로운 감시 ETF 이익분배금 공시 없음
[08:15:48] 🔍 DART 공시 확인 중... (조회기간: 20260630 ~ 20260701)
[08:15:48]    총 70건의 주요사항보고 조회됨
[08:15:48]    배당 결정 공시 없음
[08:15:49] 🔍 KIND ETF 공시 확인 중... (조회기간: 2026-06-30 ~ 2026-07-01)
[08:15:49]    새로운 감시 ETF 이익분배금 공시 없음
[08:20:49] 🔍 DART 공시 확인 중... (조회기간: 20260630 ~ 20260701)
[08:20:49]    총 70건의 주요사항보고 조회됨
[08:20:49]    배당 결정 공시 없음
[08:20:50] 🔍 KIND ETF 공시 확인 중... (조회기간: 2026-06-30 ~ 2026-07-01)
[08:20:50]    새로운 감시 ETF 이익분배금 공시 없음
[08:25:51] 🔍 DART 공시 확인 중... (조회기간: 20260630 ~ 20260701)
[08:25:51]    총 70건의 주요사항보고 조회됨
[08:25:51]    배당 결정 공시 없음
[08:25:52] 🔍 KIND ETF 공시 확인 중... (조회기간: 2026-06-30 ~ 2026-07-01)
[08:25:52]    새로운 감시 ETF 이익분배금 공시 없음
[08:30:52] 🔍 DART 공시 확인 중... (조회기간: 20260630 ~ 20260701)
[08:30:52]    총 70건의 주요사항보고 조회됨
[08:30:52]    배당 결정 공시 없음
[08:30:53] 🔍 KIND ETF 공시 확인 중... (조회기간: 2026-06-30 ~ 2026-07-01)
[08:30:53]    새로운 감시 ETF 이익분배금 공시 없음
[08:35:54] 🔍 DART 공시 확인 중... (조회기간: 20260630 ~ 20260701)
[08:35:54]    총 70건의 주요사항보고 조회됨
[08:35:54]    배당 결정 공시 없음
[08:35:55] 🔍 KIND ETF 공시 확인 중... (조회기간: 2026-06-30 ~ 2026-07-01)
[08:35:55]    새로운 감시 ETF 이익분배금 공시 없음
[08:40:56] 🔍 DART 공시 확인 중... (조회기간: 20260630 ~ 20260701)
[08:40:56]    총 70건의 주요사항보고 조회됨
[08:40:56]    배당 결정 공시 없음
[08:40:57] 🔍 KIND ETF 공시 확인 중... (조회기간: 2026-06-30 ~ 2026-07-01)
[08:40:57]    새로운 감시 ETF 이익분배금 공시 없음
[08:40:58] ⏰ 아침 배당기준일 리마인드 스케줄러 기동 중...
[08:40:58] ⏰ 리마인드 스케줄러 점검 완료.
[08:45:58] 🔍 DART 공시 확인 중... (조회기간: 20260630 ~ 20260701)
[08:45:58]    총 70건의 주요사항보고 조회됨
[08:45:58]    배당 결정 공시 없음
[08:45:59] 🔍 KIND ETF 공시 확인 중... (조회기간: 2026-06-30 ~ 2026-07-01)
[08:45:59]    새로운 감시 ETF 이익분배금 공시 없음
[08:51:05] 🔍 DART 공시 확인 중... (조회기간: 20260630 ~ 20260701)
[08:51:05]    총 70건의 주요사항보고 조회됨
[08:51:05]    배당 결정 공시 없음
[08:51:06] 🔍 KIND ETF 공시 확인 중... (조회기간: 2026-06-30 ~ 2026-07-01)
[08:51:06]    새로운 감시 ETF 이익분배금 공시 없음
[08:56:15] 🔍 DART 공시 확인 중... (조회기간: 20260630 ~ 20260701)
[08:56:15]    총 70건의 주요사항보고 조회됨
[08:56:15]    배당 결정 공시 없음
[08:56:16] 🔍 KIND ETF 공시 확인 중... (조회기간: 2026-06-30 ~ 2026-07-01)
[08:56:16]    ❌ ETF 공시 조회 중 오류: HTTPSConnectionPool(host='kind.krx.co.kr', port=443): Read timed out. (read timeout=10)
[09:01:27] 🔍 DART 공시 확인 중... (조회기간: 20260630 ~ 20260701)
[09:01:27]    총 70건의 주요사항보고 조회됨
[09:01:27]    배당 결정 공시 없음
[09:01:28] 🔍 KIND ETF 공시 확인 중... (조회기간: 2026-06-30 ~ 2026-07-01)
[09:01:28]    ❌ ETF 공시 조회 중 오류: HTTPSConnectionPool(host='kind.krx.co.kr', port=443): Read timed out. (read timeout=10)
[09:06:39] 🔍 DART 공시 확인 중... (조회기간: 20260630 ~ 20260701)
[09:06:39]    총 70건의 주요사항보고 조회됨
[09:06:39]    배당 결정 공시 없음
[09:06:40] 🔍 KIND ETF 공시 확인 중... (조회기간: 2026-06-30 ~ 2026-07-01)
[09:06:40]    ❌ ETF 공시 조회 중 오류: HTTPSConnectionPool(host='kind.krx.co.kr', port=443): Read timed out. (read timeout=10)
[09:11:50] 🔍 DART 공시 확인 중... (조회기간: 20260630 ~ 20260701)
[09:11:50]    총 70건의 주요사항보고 조회됨
[09:11:50]    배당 결정 공시 없음
[09:11:53] 🔍 KIND ETF 공시 확인 중... (조회기간: 2026-06-30 ~ 2026-07-01)
[09:11:53]    새로운 감시 ETF 이익분배금 공시 없음
[09:16:54] 🔍 DART 공시 확인 중... (조회기간: 20260630 ~ 20260701)
[09:16:54]    총 70건의 주요사항보고 조회됨
[09:16:54]    배당 결정 공시 없음
[09:16:55] 🔍 KIND ETF 공시 확인 중... (조회기간: 2026-06-30 ~ 2026-07-01)
[09:16:55]    새로운 감시 ETF 이익분배금 공시 없음
[09:21:55] 🔍 DART 공시 확인 중... (조회기간: 20260630 ~ 20260701)
[09:21:55]    총 70건의 주요사항보고 조회됨
[09:21:55]    배당 결정 공시 없음
[09:21:56] 🔍 KIND ETF 공시 확인 중... (조회기간: 2026-06-30 ~ 2026-07-01)
[09:21:56]    새로운 감시 ETF 이익분배금 공시 없음
[09:26:57] 🔍 DART 공시 확인 중... (조회기간: 20260630 ~ 20260701)
[09:26:57]    총 70건의 주요사항보고 조회됨
[09:26:57]    배당 결정 공시 없음
[09:26:58] 🔍 KIND ETF 공시 확인 중... (조회기간: 2026-06-30 ~ 2026-07-01)
[09:26:58]    새로운 감시 ETF 이익분배금 공시 없음
[09:31:59] 🔍 DART 공시 확인 중... (조회기간: 20260630 ~ 20260701)
[09:31:59]    총 70건의 주요사항보고 조회됨
[09:31:59]    배당 결정 공시 없음
[09:32:00] 🔍 KIND ETF 공시 확인 중... (조회기간: 2026-06-30 ~ 2026-07-01)
[09:32:00]    새로운 감시 ETF 이익분배금 공시 없음
[09:37:00] 🔍 DART 공시 확인 중... (조회기간: 20260630 ~ 20260701)
[09:37:00]    총 70건의 주요사항보고 조회됨
[09:37:00]    배당 결정 공시 없음
[09:37:02] 🔍 KIND ETF 공시 확인 중... (조회기간: 2026-06-30 ~ 2026-07-01)
[09:37:02]    새로운 감시 ETF 이익분배금 공시 없음
[09:42:02] 🔍 DART 공시 확인 중... (조회기간: 20260630 ~ 20260701)
[09:42:02]    총 71건의 주요사항보고 조회됨
[09:42:02]    배당 결정 공시 없음
[09:42:04] 🔍 KIND ETF 공시 확인 중... (조회기간: 2026-06-30 ~ 2026-07-01)
[09:42:04]    새로운 감시 ETF 이익분배금 공시 없음
[09:47:05] 🔍 DART 공시 확인 중... (조회기간: 20260630 ~ 20260701)
[09:47:05]    총 71건의 주요사항보고 조회됨
[09:47:05]    배당 결정 공시 없음
[09:47:05] 🔍 KIND ETF 공시 확인 중... (조회기간: 2026-06-30 ~ 2026-07-01)
[09:47:05]    새로운 감시 ETF 이익분배금 공시 없음
[09:52:06] 🔍 DART 공시 확인 중... (조회기간: 20260630 ~ 20260701)
[09:52:06]    총 71건의 주요사항보고 조회됨
[09:52:06]    배당 결정 공시 없음
[09:52:07] 🔍 KIND ETF 공시 확인 중... (조회기간: 2026-06-30 ~ 2026-07-01)
[09:52:07]    새로운 감시 ETF 이익분배금 공시 없음
[09:57:08] 🔍 DART 공시 확인 중... (조회기간: 20260630 ~ 20260701)
[09:57:08]    총 72건의 주요사항보고 조회됨
[09:57:08]    배당 결정 공시 없음
[09:57:09] 🔍 KIND ETF 공시 확인 중... (조회기간: 2026-06-30 ~ 2026-07-01)
[09:57:09]    새로운 감시 ETF 이익분배금 공시 없음
[10:02:10] 🔍 DART 공시 확인 중... (조회기간: 20260630 ~ 20260701)
[10:02:10]    총 72건의 주요사항보고 조회됨
[10:02:10]    배당 결정 공시 없음
[10:02:11] 🔍 KIND ETF 공시 확인 중... (조회기간: 2026-06-30 ~ 2026-07-01)
[10:02:11]    새로운 감시 ETF 이익분배금 공시 없음
[10:07:12] 🔍 DART 공시 확인 중... (조회기간: 20260630 ~ 20260701)
[10:07:12]    총 72건의 주요사항보고 조회됨
[10:07:12]    배당 결정 공시 없음
[10:07:13] 🔍 KIND ETF 공시 확인 중... (조회기간: 2026-06-30 ~ 2026-07-01)
[10:07:13]    새로운 감시 ETF 이익분배금 공시 없음
[10:12:14] 🔍 DART 공시 확인 중... (조회기간: 20260630 ~ 20260701)
[10:12:14]    총 72건의 주요사항보고 조회됨
[10:12:14]    배당 결정 공시 없음
[10:12:15] 🔍 KIND ETF 공시 확인 중... (조회기간: 2026-06-30 ~ 2026-07-01)
[10:12:15]    새로운 감시 ETF 이익분배금 공시 없음
[10:17:16] 🔍 DART 공시 확인 중... (조회기간: 20260630 ~ 20260701)
[10:17:16]    총 72건의 주요사항보고 조회됨
[10:17:16]    배당 결정 공시 없음
[10:17:17] 🔍 KIND ETF 공시 확인 중... (조회기간: 2026-06-30 ~ 2026-07-01)
[10:17:17]    새로운 감시 ETF 이익분배금 공시 없음
[10:22:18] 🔍 DART 공시 확인 중... (조회기간: 20260630 ~ 20260701)
[10:22:18]    총 72건의 주요사항보고 조회됨
[10:22:18]    배당 결정 공시 없음
[10:22:19] 🔍 KIND ETF 공시 확인 중... (조회기간: 2026-06-30 ~ 2026-07-01)
[10:22:19]    새로운 감시 ETF 이익분배금 공시 없음
[10:27:20] 🔍 DART 공시 확인 중... (조회기간: 20260630 ~ 20260701)
[10:27:20]    총 73건의 주요사항보고 조회됨
[10:27:20]    배당 결정 공시 없음
[10:27:21] 🔍 KIND ETF 공시 확인 중... (조회기간: 2026-06-30 ~ 2026-07-01)
[10:27:21]    새로운 감시 ETF 이익분배금 공시 없음
[10:32:22] 🔍 DART 공시 확인 중... (조회기간: 20260630 ~ 20260701)
[10:32:22]    총 73건의 주요사항보고 조회됨
[10:32:22]    배당 결정 공시 없음
[10:32:23] 🔍 KIND ETF 공시 확인 중... (조회기간: 2026-06-30 ~ 2026-07-01)
[10:32:23]    새로운 감시 ETF 이익분배금 공시 없음
[10:37:23] 🔍 DART 공시 확인 중... (조회기간: 20260630 ~ 20260701)
[10:37:23]    총 73건의 주요사항보고 조회됨
[10:37:23]    배당 결정 공시 없음
[10:37:24] 🔍 KIND ETF 공시 확인 중... (조회기간: 2026-06-30 ~ 2026-07-01)
[10:37:24]    새로운 감시 ETF 이익분배금 공시 없음
[10:42:25] 🔍 DART 공시 확인 중... (조회기간: 20260630 ~ 20260701)
[10:42:25]    총 73건의 주요사항보고 조회됨
[10:42:25]    배당 결정 공시 없음
[10:42:26] 🔍 KIND ETF 공시 확인 중... (조회기간: 2026-06-30 ~ 2026-07-01)
[10:42:26]    새로운 감시 ETF 이익분배금 공시 없음
[10:47:27] 🔍 DART 공시 확인 중... (조회기간: 20260630 ~ 20260701)
[10:47:27]    총 74건의 주요사항보고 조회됨
[10:47:27]    배당 결정 공시 없음
[10:47:28] 🔍 KIND ETF 공시 확인 중... (조회기간: 2026-06-30 ~ 2026-07-01)
[10:47:28]    새로운 감시 ETF 이익분배금 공시 없음
[10:52:29] 🔍 DART 공시 확인 중... (조회기간: 20260630 ~ 20260701)
[10:52:29]    총 74건의 주요사항보고 조회됨
[10:52:29]    배당 결정 공시 없음
[10:52:30] 🔍 KIND ETF 공시 확인 중... (조회기간: 2026-06-30 ~ 2026-07-01)
[10:52:30]    새로운 감시 ETF 이익분배금 공시 없음
[10:57:31] 🔍 DART 공시 확인 중... (조회기간: 20260630 ~ 20260701)
[10:57:31]    총 74건의 주요사항보고 조회됨
[10:57:31]    배당 결정 공시 없음
[10:57:32] 🔍 KIND ETF 공시 확인 중... (조회기간: 2026-06-30 ~ 2026-07-01)
[10:57:32]    새로운 감시 ETF 이익분배금 공시 없음
[11:02:33] 🔍 DART 공시 확인 중... (조회기간: 20260630 ~ 20260701)
[11:02:33]    총 74건의 주요사항보고 조회됨
[11:02:33]    배당 결정 공시 없음
[11:02:34] 🔍 KIND ETF 공시 확인 중... (조회기간: 2026-06-30 ~ 2026-07-01)
[11:02:34]    새로운 감시 ETF 이익분배금 공시 없음
[11:07:35] 🔍 DART 공시 확인 중... (조회기간: 20260630 ~ 20260701)
[11:07:35]    총 74건의 주요사항보고 조회됨
[11:07:35]    배당 결정 공시 없음
[11:07:36] 🔍 KIND ETF 공시 확인 중... (조회기간: 2026-06-30 ~ 2026-07-01)
[11:07:36]    새로운 감시 ETF 이익분배금 공시 없음
[11:12:37] 🔍 DART 공시 확인 중... (조회기간: 20260630 ~ 20260701)
[11:12:37]    총 74건의 주요사항보고 조회됨
[11:12:37]    배당 결정 공시 없음
[11:12:38] 🔍 KIND ETF 공시 확인 중... (조회기간: 2026-06-30 ~ 2026-07-01)
[11:12:38]    새로운 감시 ETF 이익분배금 공시 없음
[11:17:39] 🔍 DART 공시 확인 중... (조회기간: 20260630 ~ 20260701)
[11:17:39]    총 74건의 주요사항보고 조회됨
[11:17:39]    배당 결정 공시 없음
[11:17:40] 🔍 KIND ETF 공시 확인 중... (조회기간: 2026-06-30 ~ 2026-07-01)
[11:17:40]    새로운 감시 ETF 이익분배금 공시 없음
[11:22:41] 🔍 DART 공시 확인 중... (조회기간: 20260630 ~ 20260701)
[11:22:41]    총 74건의 주요사항보고 조회됨
[11:22:41]    배당 결정 공시 없음
[11:22:42] 🔍 KIND ETF 공시 확인 중... (조회기간: 2026-06-30 ~ 2026-07-01)
[11:22:42]    새로운 감시 ETF 이익분배금 공시 없음
[11:27:43] 🔍 DART 공시 확인 중... (조회기간: 20260630 ~ 20260701)
[11:27:43]    총 74건의 주요사항보고 조회됨
[11:27:43]    배당 결정 공시 없음
[11:27:44] 🔍 KIND ETF 공시 확인 중... (조회기간: 2026-06-30 ~ 2026-07-01)
[11:27:44]    새로운 감시 ETF 이익분배금 공시 없음
[11:32:45] 🔍 DART 공시 확인 중... (조회기간: 20260630 ~ 20260701)
[11:32:45]    총 74건의 주요사항보고 조회됨
[11:32:45]    배당 결정 공시 없음
[11:32:46] 🔍 KIND ETF 공시 확인 중... (조회기간: 2026-06-30 ~ 2026-07-01)
[11:32:46]    새로운 감시 ETF 이익분배금 공시 없음
[11:37:47] 🔍 DART 공시 확인 중... (조회기간: 20260630 ~ 20260701)
[11:37:47]    총 74건의 주요사항보고 조회됨
[11:37:47]    배당 결정 공시 없음
[11:37:48] 🔍 KIND ETF 공시 확인 중... (조회기간: 2026-06-30 ~ 2026-07-01)
[11:37:48]    새로운 감시 ETF 이익분배금 공시 없음
[11:42:49] 🔍 DART 공시 확인 중... (조회기간: 20260630 ~ 20260701)
[11:42:49]    총 74건의 주요사항보고 조회됨
[11:42:49]    배당 결정 공시 없음
[11:42:50] 🔍 KIND ETF 공시 확인 중... (조회기간: 2026-06-30 ~ 2026-07-01)
[11:42:50]    새로운 감시 ETF 이익분배금 공시 없음
[11:47:50] 🔍 DART 공시 확인 중... (조회기간: 20260630 ~ 20260701)
[11:47:50]    총 74건의 주요사항보고 조회됨
[11:47:50]    배당 결정 공시 없음
[11:47:51] 🔍 KIND ETF 공시 확인 중... (조회기간: 2026-06-30 ~ 2026-07-01)
[11:47:51]    새로운 감시 ETF 이익분배금 공시 없음
[11:52:52] 🔍 DART 공시 확인 중... (조회기간: 20260630 ~ 20260701)
[11:52:52]    총 75건의 주요사항보고 조회됨
[11:52:52]    배당 결정 공시 없음
[11:52:53] 🔍 KIND ETF 공시 확인 중... (조회기간: 2026-06-30 ~ 2026-07-01)
[11:52:53]    새로운 감시 ETF 이익분배금 공시 없음
[11:57:54] 🔍 DART 공시 확인 중... (조회기간: 20260630 ~ 20260701)
[11:57:54]    총 75건의 주요사항보고 조회됨
[11:57:54]    배당 결정 공시 없음
[11:57:55] 🔍 KIND ETF 공시 확인 중... (조회기간: 2026-06-30 ~ 2026-07-01)
[11:57:55]    새로운 감시 ETF 이익분배금 공시 없음
[12:02:56] 🔍 DART 공시 확인 중... (조회기간: 20260630 ~ 20260701)
[12:02:56]    총 75건의 주요사항보고 조회됨
[12:02:56]    배당 결정 공시 없음
[12:02:57] 🔍 KIND ETF 공시 확인 중... (조회기간: 2026-06-30 ~ 2026-07-01)
[12:02:57]    새로운 감시 ETF 이익분배금 공시 없음
[12:07:58] 🔍 DART 공시 확인 중... (조회기간: 20260630 ~ 20260701)
[12:07:58]    총 75건의 주요사항보고 조회됨
[12:07:58]    배당 결정 공시 없음
[12:07:59] 🔍 KIND ETF 공시 확인 중... (조회기간: 2026-06-30 ~ 2026-07-01)
[12:07:59]    새로운 감시 ETF 이익분배금 공시 없음
[12:13:00] 🔍 DART 공시 확인 중... (조회기간: 20260630 ~ 20260701)
[12:13:00]    총 75건의 주요사항보고 조회됨
[12:13:00]    배당 결정 공시 없음
[12:13:01] 🔍 KIND ETF 공시 확인 중... (조회기간: 2026-06-30 ~ 2026-07-01)
[12:13:01]    새로운 감시 ETF 이익분배금 공시 없음
[12:18:02] 🔍 DART 공시 확인 중... (조회기간: 20260630 ~ 20260701)
[12:18:02]    총 76건의 주요사항보고 조회됨
[12:18:02]    배당 결정 공시 없음
[12:18:03] 🔍 KIND ETF 공시 확인 중... (조회기간: 2026-06-30 ~ 2026-07-01)
[12:18:03]    새로운 감시 ETF 이익분배금 공시 없음
[12:23:04] 🔍 DART 공시 확인 중... (조회기간: 20260630 ~ 20260701)
[12:23:04]    총 76건의 주요사항보고 조회됨
[12:23:04]    배당 결정 공시 없음
[12:23:05] 🔍 KIND ETF 공시 확인 중... (조회기간: 2026-06-30 ~ 2026-07-01)
[12:23:05]    새로운 감시 ETF 이익분배금 공시 없음
[12:28:06] 🔍 DART 공시 확인 중... (조회기간: 20260630 ~ 20260701)
[12:28:06]    총 76건의 주요사항보고 조회됨
[12:28:06]    배당 결정 공시 없음
[12:28:07] 🔍 KIND ETF 공시 확인 중... (조회기간: 2026-06-30 ~ 2026-07-01)
[12:28:07]    새로운 감시 ETF 이익분배금 공시 없음
[12:33:07] 🔍 DART 공시 확인 중... (조회기간: 20260630 ~ 20260701)
[12:33:07]    총 76건의 주요사항보고 조회됨
[12:33:07]    배당 결정 공시 없음
[12:33:08] 🔍 KIND ETF 공시 확인 중... (조회기간: 2026-06-30 ~ 2026-07-01)
[12:33:08]    새로운 감시 ETF 이익분배금 공시 없음
[12:38:10] 🔍 DART 공시 확인 중... (조회기간: 20260630 ~ 20260701)
[12:38:10]    총 76건의 주요사항보고 조회됨
[12:38:10]    배당 결정 공시 없음
[12:38:11] 🔍 KIND ETF 공시 확인 중... (조회기간: 2026-06-30 ~ 2026-07-01)
[12:38:11]    새로운 감시 ETF 이익분배금 공시 없음
[12:43:12] 🔍 DART 공시 확인 중... (조회기간: 20260630 ~ 20260701)
[12:43:12]    총 76건의 주요사항보고 조회됨
[12:43:12]    배당 결정 공시 없음
[12:43:13] 🔍 KIND ETF 공시 확인 중... (조회기간: 2026-06-30 ~ 2026-07-01)
[12:43:13]    새로운 감시 ETF 이익분배금 공시 없음
[12:48:13] 🔍 DART 공시 확인 중... (조회기간: 20260630 ~ 20260701)
[12:48:13]    총 76건의 주요사항보고 조회됨
[12:48:13]    배당 결정 공시 없음
[12:48:14] 🔍 KIND ETF 공시 확인 중... (조회기간: 2026-06-30 ~ 2026-07-01)
[12:48:14]    새로운 감시 ETF 이익분배금 공시 없음
[12:53:15] 🔍 DART 공시 확인 중... (조회기간: 20260630 ~ 20260701)
[12:53:15]    총 76건의 주요사항보고 조회됨
[12:53:15]    배당 결정 공시 없음
[12:53:16] 🔍 KIND ETF 공시 확인 중... (조회기간: 2026-06-30 ~ 2026-07-01)
[12:53:16]    새로운 감시 ETF 이익분배금 공시 없음
[12:58:17] 🔍 DART 공시 확인 중... (조회기간: 20260630 ~ 20260701)
[12:58:17]    총 76건의 주요사항보고 조회됨
[12:58:17]    배당 결정 공시 없음
[12:58:18] 🔍 KIND ETF 공시 확인 중... (조회기간: 2026-06-30 ~ 2026-07-01)
[12:58:18]    새로운 감시 ETF 이익분배금 공시 없음
[13:03:19] 🔍 DART 공시 확인 중... (조회기간: 20260630 ~ 20260701)
[13:03:19]    총 76건의 주요사항보고 조회됨
[13:03:19]    배당 결정 공시 없음
[13:03:20] 🔍 KIND ETF 공시 확인 중... (조회기간: 2026-06-30 ~ 2026-07-01)
[13:03:20]    새로운 감시 ETF 이익분배금 공시 없음
[13:08:21] 🔍 DART 공시 확인 중... (조회기간: 20260630 ~ 20260701)
[13:08:21]    총 76건의 주요사항보고 조회됨
[13:08:21]    배당 결정 공시 없음
[13:08:22] 🔍 KIND ETF 공시 확인 중... (조회기간: 2026-06-30 ~ 2026-07-01)
[13:08:22]    새로운 감시 ETF 이익분배금 공시 없음
[13:13:23] 🔍 DART 공시 확인 중... (조회기간: 20260630 ~ 20260701)
[13:13:23]    총 77건의 주요사항보고 조회됨
[13:13:23]    배당 결정 공시 없음
[13:13:24] 🔍 KIND ETF 공시 확인 중... (조회기간: 2026-06-30 ~ 2026-07-01)
[13:13:24]    새로운 감시 ETF 이익분배금 공시 없음
[13:18:24] 🔍 DART 공시 확인 중... (조회기간: 20260630 ~ 20260701)
[13:18:24]    총 77건의 주요사항보고 조회됨
[13:18:24]    배당 결정 공시 없음
[13:18:25] 🔍 KIND ETF 공시 확인 중... (조회기간: 2026-06-30 ~ 2026-07-01)
[13:18:25]    새로운 감시 ETF 이익분배금 공시 없음
[13:23:26] 🔍 DART 공시 확인 중... (조회기간: 20260630 ~ 20260701)
[13:23:26]    총 77건의 주요사항보고 조회됨
[13:23:26]    배당 결정 공시 없음
[13:23:27] 🔍 KIND ETF 공시 확인 중... (조회기간: 2026-06-30 ~ 2026-07-01)
[13:23:27]    새로운 감시 ETF 이익분배금 공시 없음
[13:28:28] 🔍 DART 공시 확인 중... (조회기간: 20260630 ~ 20260701)
[13:28:28]    총 77건의 주요사항보고 조회됨
[13:28:28]    배당 결정 공시 없음
[13:28:29] 🔍 KIND ETF 공시 확인 중... (조회기간: 2026-06-30 ~ 2026-07-01)
[13:28:29]    새로운 감시 ETF 이익분배금 공시 없음
[13:33:30] 🔍 DART 공시 확인 중... (조회기간: 20260630 ~ 20260701)
[13:33:30]    총 77건의 주요사항보고 조회됨
[13:33:30]    배당 결정 공시 없음
[13:33:31] 🔍 KIND ETF 공시 확인 중... (조회기간: 2026-06-30 ~ 2026-07-01)
[13:33:31]    새로운 감시 ETF 이익분배금 공시 없음
[13:38:32] 🔍 DART 공시 확인 중... (조회기간: 20260630 ~ 20260701)
[13:38:32]    총 77건의 주요사항보고 조회됨
[13:38:32]    배당 결정 공시 없음
[13:38:33] 🔍 KIND ETF 공시 확인 중... (조회기간: 2026-06-30 ~ 2026-07-01)
[13:38:33]    새로운 감시 ETF 이익분배금 공시 없음
[13:43:34] 🔍 DART 공시 확인 중... (조회기간: 20260630 ~ 20260701)
[13:43:34]    총 77건의 주요사항보고 조회됨
[13:43:34]    배당 결정 공시 없음
[13:43:35] 🔍 KIND ETF 공시 확인 중... (조회기간: 2026-06-30 ~ 2026-07-01)
[13:43:35]    새로운 감시 ETF 이익분배금 공시 없음
[13:48:36] 🔍 DART 공시 확인 중... (조회기간: 20260630 ~ 20260701)
[13:48:36]    총 77건의 주요사항보고 조회됨
[13:48:36]    배당 결정 공시 없음
[13:48:37] 🔍 KIND ETF 공시 확인 중... (조회기간: 2026-06-30 ~ 2026-07-01)
[13:48:37]    새로운 감시 ETF 이익분배금 공시 없음
[13:53:38] 🔍 DART 공시 확인 중... (조회기간: 20260630 ~ 20260701)
[13:53:38]    총 77건의 주요사항보고 조회됨
[13:53:38]    배당 결정 공시 없음
[13:53:39] 🔍 KIND ETF 공시 확인 중... (조회기간: 2026-06-30 ~ 2026-07-01)
[13:53:39]    새로운 감시 ETF 이익분배금 공시 없음


  ╔═══════════════════════════════════════════════════════╗
  ║                                                       ║
  ║   📊  통합 모니터링 시스템  📊                       ║
  ║                                                       ║
  ║   DART 배당 공시 + TrendForce 뉴스                    ║
  ║   v2.1.0  (Python + DART + TrendForce + Gmail)        ║
  ║                                                       ║
  ╚═══════════════════════════════════════════════════════╝


🚀 [System] 단회 통합 모니터링(DART + TrendForce)을 시작합니다...
📂 설정을 로드합니다...

╔══════════════════════════════════════════════╗
║          📋 애플리케이션 설정 정보           ║
╠══════════════════════════════════════════════╣
║ DART API Key : 5d51********
║ 이메일 발송  : Selenium Gmail 자동화
║ 수신자       : meejin.an@samsung.com, songyee.lee@samsung.com, eg222.ko@samsung.com, jiwon99.kwon@samsung.com, bokyu.kim@samsung.com, jeonghwan.lim@samsung.com
║ 폴링 간격    : 5분
╚══════════════════════════════════════════════╝
📥 DART 기업 고유번호 데이터를 다운로드 중...
✅ 기업 고유번호 로드 완료: 총 118393개 기업, 3974개 상장사 매핑
💾 공시 처리 이력 로드 완료: 26개 로드됨 (C:\Users\infomax\OneDrive\dev\dart-mail-sender\processed_disclosures.txt)
🎯 감시 종목 필터 설정 완료: 14개 종목 매핑됨
   감시 대상 종목:
     ✅ LG유플러스 (032640)
     ✅ SK텔레콤 (017670)
     ✅ KT (030200)
     ✅ KB금융 (105560)
     ✅ 신한지주 (055550)
     ✅ 하나금융지주 (086790)
     ✅ 기업은행 (024110)
     ✅ 우리금융지주 (316140)
     ✅ 현대자동차 (005380)
     ✅ 기아 (000270)
     ✅ 맥쿼리인프라 (088980)
     ✅ 삼성전자 (005930)
     ✅ 삼성E&A (028050)
     ✅ 에스원 (012750)

🚀 단회 공시 모니터링을 시작합니다.
   수신자: ['meejin.an@samsung.com', 'songyee.lee@samsung.com', 'eg222.ko@samsung.com', 'jiwon99.kwon@samsung.com', 'bokyu.kim@samsung.com', 'jeonghwan.lim@samsung.com']
   감시 키워드: "현금ㆍ현물배당 결정"

[13:56:19] 🔍 DART 공시 확인 중... (조회기간: 20260630 ~ 20260701)
[13:56:19]    총 515건의 거래소공시(I) 조회됨
[13:56:19]    📋 배당 결정 공시 10건 발견
[13:56:19]    새로운 감시 종목 배당 공시 없음
[13:56:21] 🔍 KIND ETF 공시 확인 중... (조회기간: 2026-06-30 ~ 2026-07-01)
[13:56:21]    새로운 감시 ETF 이익분배금 공시 없음
🏁 단회 공시 모니터링 완료.
⏹️  프로그램이 종료되었습니다.
   [News] 현재 시각(13:56)은 뉴스 발송 시간(08:00~08:59)이 아니므로 뉴스는 스킵합니다.
[13:58:40] 🔍 DART 공시 확인 중... (조회기간: 20260630 ~ 20260701)
[13:58:40]    총 77건의 주요사항보고 조회됨
[13:58:40]    배당 결정 공시 없음
[13:58:41] 🔍 KIND ETF 공시 확인 중... (조회기간: 2026-06-30 ~ 2026-07-01)
[13:58:41]    새로운 감시 ETF 이익분배금 공시 없음
[14:03:42] 🔍 DART 공시 확인 중... (조회기간: 20260630 ~ 20260701)
[14:03:42]    총 78건의 주요사항보고 조회됨
[14:03:42]    배당 결정 공시 없음
[14:03:43] 🔍 KIND ETF 공시 확인 중... (조회기간: 2026-06-30 ~ 2026-07-01)
[14:03:43]    새로운 감시 ETF 이익분배금 공시 없음
[14:08:44] 🔍 DART 공시 확인 중... (조회기간: 20260630 ~ 20260701)
[14:08:44]    총 78건의 주요사항보고 조회됨
[14:08:44]    배당 결정 공시 없음
[14:08:45] 🔍 KIND ETF 공시 확인 중... (조회기간: 2026-06-30 ~ 2026-07-01)
[14:08:45]    새로운 감시 ETF 이익분배금 공시 없음
[14:13:46] 🔍 DART 공시 확인 중... (조회기간: 20260630 ~ 20260701)
[14:13:46]    총 80건의 주요사항보고 조회됨
[14:13:46]    배당 결정 공시 없음
[14:13:47] 🔍 KIND ETF 공시 확인 중... (조회기간: 2026-06-30 ~ 2026-07-01)
[14:13:47]    새로운 감시 ETF 이익분배금 공시 없음
[14:18:48] 🔍 DART 공시 확인 중... (조회기간: 20260630 ~ 20260701)
[14:18:48]    총 80건의 주요사항보고 조회됨
[14:18:48]    배당 결정 공시 없음
[14:18:49] 🔍 KIND ETF 공시 확인 중... (조회기간: 2026-06-30 ~ 2026-07-01)
[14:18:49]    새로운 감시 ETF 이익분배금 공시 없음
[14:23:50] 🔍 DART 공시 확인 중... (조회기간: 20260630 ~ 20260701)
[14:23:50]    총 82건의 주요사항보고 조회됨
[14:23:50]    배당 결정 공시 없음
[14:23:51] 🔍 KIND ETF 공시 확인 중... (조회기간: 2026-06-30 ~ 2026-07-01)
[14:23:51]    새로운 감시 ETF 이익분배금 공시 없음
[14:28:52] 🔍 DART 공시 확인 중... (조회기간: 20260630 ~ 20260701)
[14:28:52]    총 82건의 주요사항보고 조회됨
[14:28:52]    배당 결정 공시 없음
[14:28:53] 🔍 KIND ETF 공시 확인 중... (조회기간: 2026-06-30 ~ 2026-07-01)
[14:28:53]    새로운 감시 ETF 이익분배금 공시 없음
[14:33:54] 🔍 DART 공시 확인 중... (조회기간: 20260630 ~ 20260701)
[14:33:54]    총 82건의 주요사항보고 조회됨
[14:33:54]    배당 결정 공시 없음
[14:33:55] 🔍 KIND ETF 공시 확인 중... (조회기간: 2026-06-30 ~ 2026-07-01)
[14:33:55]    새로운 감시 ETF 이익분배금 공시 없음
[14:38:56] 🔍 DART 공시 확인 중... (조회기간: 20260630 ~ 20260701)
[14:38:56]    총 82건의 주요사항보고 조회됨
[14:38:56]    배당 결정 공시 없음
[14:38:57] 🔍 KIND ETF 공시 확인 중... (조회기간: 2026-06-30 ~ 2026-07-01)
[14:38:57]    새로운 감시 ETF 이익분배금 공시 없음
[14:43:58] 🔍 DART 공시 확인 중... (조회기간: 20260630 ~ 20260701)
[14:43:58]    총 82건의 주요사항보고 조회됨
[14:43:58]    배당 결정 공시 없음
[14:43:59] 🔍 KIND ETF 공시 확인 중... (조회기간: 2026-06-30 ~ 2026-07-01)
[14:43:59]    새로운 감시 ETF 이익분배금 공시 없음
[14:48:59] 🔍 DART 공시 확인 중... (조회기간: 20260630 ~ 20260701)
[14:48:59]    총 82건의 주요사항보고 조회됨
[14:48:59]    배당 결정 공시 없음
[14:49:00] 🔍 KIND ETF 공시 확인 중... (조회기간: 2026-06-30 ~ 2026-07-01)
[14:49:00]    새로운 감시 ETF 이익분배금 공시 없음
[14:54:01] 🔍 DART 공시 확인 중... (조회기간: 20260630 ~ 20260701)
[14:54:01]    총 82건의 주요사항보고 조회됨
[14:54:01]    배당 결정 공시 없음
[14:54:02] 🔍 KIND ETF 공시 확인 중... (조회기간: 2026-06-30 ~ 2026-07-01)
[14:54:02]    새로운 감시 ETF 이익분배금 공시 없음
[14:59:03] 🔍 DART 공시 확인 중... (조회기간: 20260630 ~ 20260701)
[14:59:03]    총 83건의 주요사항보고 조회됨
[14:59:03]    배당 결정 공시 없음
[14:59:04] 🔍 KIND ETF 공시 확인 중... (조회기간: 2026-06-30 ~ 2026-07-01)
[14:59:04]    새로운 감시 ETF 이익분배금 공시 없음
[15:04:05] 🔍 DART 공시 확인 중... (조회기간: 20260630 ~ 20260701)
[15:04:05]    총 83건의 주요사항보고 조회됨
[15:04:05]    배당 결정 공시 없음
[15:04:06] 🔍 KIND ETF 공시 확인 중... (조회기간: 2026-06-30 ~ 2026-07-01)
[15:04:06]    새로운 감시 ETF 이익분배금 공시 없음
[15:09:07] 🔍 DART 공시 확인 중... (조회기간: 20260630 ~ 20260701)
[15:09:07]    총 83건의 주요사항보고 조회됨
[15:09:07]    배당 결정 공시 없음
[15:09:08] 🔍 KIND ETF 공시 확인 중... (조회기간: 2026-06-30 ~ 2026-07-01)
[15:09:08]    새로운 감시 ETF 이익분배금 공시 없음
[15:14:09] 🔍 DART 공시 확인 중... (조회기간: 20260630 ~ 20260701)
[15:14:09]    총 83건의 주요사항보고 조회됨
[15:14:09]    배당 결정 공시 없음
[15:14:10] 🔍 KIND ETF 공시 확인 중... (조회기간: 2026-06-30 ~ 2026-07-01)
[15:14:10]    새로운 감시 ETF 이익분배금 공시 없음
[15:19:11] 🔍 DART 공시 확인 중... (조회기간: 20260630 ~ 20260701)
[15:19:11]    총 83건의 주요사항보고 조회됨
[15:19:11]    배당 결정 공시 없음
[15:19:12] 🔍 KIND ETF 공시 확인 중... (조회기간: 2026-06-30 ~ 2026-07-01)
[15:19:12]    새로운 감시 ETF 이익분배금 공시 없음
[15:24:14] 🔍 DART 공시 확인 중... (조회기간: 20260630 ~ 20260701)
[15:24:14]    총 84건의 주요사항보고 조회됨
[15:24:14]    배당 결정 공시 없음
[15:24:15] 🔍 KIND ETF 공시 확인 중... (조회기간: 2026-06-30 ~ 2026-07-01)
[15:24:15]    새로운 감시 ETF 이익분배금 공시 없음
[15:29:16] 🔍 DART 공시 확인 중... (조회기간: 20260630 ~ 20260701)
[15:29:16]    총 84건의 주요사항보고 조회됨
[15:29:16]    배당 결정 공시 없음
[15:29:17] 🔍 KIND ETF 공시 확인 중... (조회기간: 2026-06-30 ~ 2026-07-01)
[15:29:17]    새로운 감시 ETF 이익분배금 공시 없음
[15:34:18] 🔍 DART 공시 확인 중... (조회기간: 20260630 ~ 20260701)
[15:34:18]    총 84건의 주요사항보고 조회됨
[15:34:18]    배당 결정 공시 없음
[15:34:19] 🔍 KIND ETF 공시 확인 중... (조회기간: 2026-06-30 ~ 2026-07-01)
[15:34:19]    새로운 감시 ETF 이익분배금 공시 없음
[15:39:20] 🔍 DART 공시 확인 중... (조회기간: 20260630 ~ 20260701)
[15:39:20]    총 84건의 주요사항보고 조회됨
[15:39:20]    배당 결정 공시 없음
[15:39:21] 🔍 KIND ETF 공시 확인 중... (조회기간: 2026-06-30 ~ 2026-07-01)
[15:39:21]    새로운 감시 ETF 이익분배금 공시 없음
[15:44:21] 🔍 DART 공시 확인 중... (조회기간: 20260630 ~ 20260701)
[15:44:21]    총 84건의 주요사항보고 조회됨
[15:44:21]    배당 결정 공시 없음
[15:44:22] 🔍 KIND ETF 공시 확인 중... (조회기간: 2026-06-30 ~ 2026-07-01)
[15:44:22]    새로운 감시 ETF 이익분배금 공시 없음
[15:49:23] 🔍 DART 공시 확인 중... (조회기간: 20260630 ~ 20260701)
[15:49:23]    총 84건의 주요사항보고 조회됨
[15:49:23]    배당 결정 공시 없음
[15:49:24] 🔍 KIND ETF 공시 확인 중... (조회기간: 2026-06-30 ~ 2026-07-01)
[15:49:24]    새로운 감시 ETF 이익분배금 공시 없음
[15:54:25] 🔍 DART 공시 확인 중... (조회기간: 20260630 ~ 20260701)
[15:54:25]    총 85건의 주요사항보고 조회됨
[15:54:25]    배당 결정 공시 없음
[15:54:26] 🔍 KIND ETF 공시 확인 중... (조회기간: 2026-06-30 ~ 2026-07-01)
[15:54:26]    새로운 감시 ETF 이익분배금 공시 없음
[15:59:27] 🔍 DART 공시 확인 중... (조회기간: 20260630 ~ 20260701)
[15:59:27]    총 85건의 주요사항보고 조회됨
[15:59:27]    배당 결정 공시 없음
[15:59:28] 🔍 KIND ETF 공시 확인 중... (조회기간: 2026-06-30 ~ 2026-07-01)
[15:59:28]    새로운 감시 ETF 이익분배금 공시 없음
[16:04:29] 🔍 DART 공시 확인 중... (조회기간: 20260630 ~ 20260701)
[16:04:29]    총 85건의 주요사항보고 조회됨
[16:04:29]    배당 결정 공시 없음
[16:04:30] 🔍 KIND ETF 공시 확인 중... (조회기간: 2026-06-30 ~ 2026-07-01)
[16:04:30]    새로운 감시 ETF 이익분배금 공시 없음
[16:09:31] 🔍 DART 공시 확인 중... (조회기간: 20260630 ~ 20260701)
[16:09:31]    총 85건의 주요사항보고 조회됨
[16:09:31]    배당 결정 공시 없음
[16:09:32] 🔍 KIND ETF 공시 확인 중... (조회기간: 2026-06-30 ~ 2026-07-01)
[16:09:32]    새로운 감시 ETF 이익분배금 공시 없음
[16:14:32] 🔍 DART 공시 확인 중... (조회기간: 20260630 ~ 20260701)
[16:14:32]    총 85건의 주요사항보고 조회됨
[16:14:32]    배당 결정 공시 없음
[16:14:34] 🔍 KIND ETF 공시 확인 중... (조회기간: 2026-06-30 ~ 2026-07-01)
[16:14:34]    새로운 감시 ETF 이익분배금 공시 없음
[16:19:35] 🔍 DART 공시 확인 중... (조회기간: 20260630 ~ 20260701)
[16:19:35]    총 87건의 주요사항보고 조회됨
[16:19:35]    배당 결정 공시 없음
[16:19:36] 🔍 KIND ETF 공시 확인 중... (조회기간: 2026-06-30 ~ 2026-07-01)
[16:19:36]    새로운 감시 ETF 이익분배금 공시 없음
[16:24:37] 🔍 DART 공시 확인 중... (조회기간: 20260630 ~ 20260701)
[16:24:37]    총 88건의 주요사항보고 조회됨
[16:24:37]    배당 결정 공시 없음
[16:24:38] 🔍 KIND ETF 공시 확인 중... (조회기간: 2026-06-30 ~ 2026-07-01)
[16:24:38]    새로운 감시 ETF 이익분배금 공시 없음
[16:29:39] 🔍 DART 공시 확인 중... (조회기간: 20260630 ~ 20260701)
[16:29:39]    총 88건의 주요사항보고 조회됨
[16:29:39]    배당 결정 공시 없음
[16:29:40] 🔍 KIND ETF 공시 확인 중... (조회기간: 2026-06-30 ~ 2026-07-01)
[16:29:40]    새로운 감시 ETF 이익분배금 공시 없음
[16:34:41] 🔍 DART 공시 확인 중... (조회기간: 20260630 ~ 20260701)
[16:34:41]    총 88건의 주요사항보고 조회됨
[16:34:41]    배당 결정 공시 없음
[16:34:42] 🔍 KIND ETF 공시 확인 중... (조회기간: 2026-06-30 ~ 2026-07-01)
[16:34:42]    새로운 감시 ETF 이익분배금 공시 없음
[16:39:43] 🔍 DART 공시 확인 중... (조회기간: 20260630 ~ 20260701)
[16:39:43]    총 88건의 주요사항보고 조회됨
[16:39:43]    배당 결정 공시 없음
[16:39:44] 🔍 KIND ETF 공시 확인 중... (조회기간: 2026-06-30 ~ 2026-07-01)
[16:39:44]    새로운 감시 ETF 이익분배금 공시 없음
[16:44:45] 🔍 DART 공시 확인 중... (조회기간: 20260630 ~ 20260701)
[16:44:45]    총 88건의 주요사항보고 조회됨
[16:44:45]    배당 결정 공시 없음
[16:44:46] 🔍 KIND ETF 공시 확인 중... (조회기간: 2026-06-30 ~ 2026-07-01)
[16:44:46]    새로운 감시 ETF 이익분배금 공시 없음
[16:49:47] 🔍 DART 공시 확인 중... (조회기간: 20260630 ~ 20260701)
[16:49:47]    총 89건의 주요사항보고 조회됨
[16:49:47]    배당 결정 공시 없음
[16:49:48] 🔍 KIND ETF 공시 확인 중... (조회기간: 2026-06-30 ~ 2026-07-01)
[16:49:48]    새로운 감시 ETF 이익분배금 공시 없음
[16:54:49] 🔍 DART 공시 확인 중... (조회기간: 20260630 ~ 20260701)
[16:54:49]    총 89건의 주요사항보고 조회됨
[16:54:49]    배당 결정 공시 없음
[16:54:50] 🔍 KIND ETF 공시 확인 중... (조회기간: 2026-06-30 ~ 2026-07-01)
[16:54:50]    새로운 감시 ETF 이익분배금 공시 없음
[16:59:51] 🔍 DART 공시 확인 중... (조회기간: 20260630 ~ 20260701)
[16:59:51]    총 89건의 주요사항보고 조회됨
[16:59:51]    배당 결정 공시 없음
[16:59:53] 🔍 KIND ETF 공시 확인 중... (조회기간: 2026-06-30 ~ 2026-07-01)
[16:59:53]    새로운 감시 ETF 이익분배금 공시 없음
[17:04:53] 🔍 DART 공시 확인 중... (조회기간: 20260630 ~ 20260701)
[17:04:53]    총 89건의 주요사항보고 조회됨
[17:04:53]    배당 결정 공시 없음
[17:04:55] 🔍 KIND ETF 공시 확인 중... (조회기간: 2026-06-30 ~ 2026-07-01)
[17:04:55]    새로운 감시 ETF 이익분배금 공시 없음
[17:09:55] 🔍 DART 공시 확인 중... (조회기간: 20260630 ~ 20260701)
[17:09:55]    총 89건의 주요사항보고 조회됨
[17:09:55]    배당 결정 공시 없음
[17:09:56] 🔍 KIND ETF 공시 확인 중... (조회기간: 2026-06-30 ~ 2026-07-01)
[17:09:56]    새로운 감시 ETF 이익분배금 공시 없음
[17:14:57] 🔍 DART 공시 확인 중... (조회기간: 20260630 ~ 20260701)
[17:14:57]    총 89건의 주요사항보고 조회됨
[17:14:57]    배당 결정 공시 없음
[17:14:58] 🔍 KIND ETF 공시 확인 중... (조회기간: 2026-06-30 ~ 2026-07-01)
[17:14:58]    새로운 감시 ETF 이익분배금 공시 없음
[17:19:59] 🔍 DART 공시 확인 중... (조회기간: 20260630 ~ 20260701)
[17:19:59]    총 89건의 주요사항보고 조회됨
[17:19:59]    배당 결정 공시 없음
[17:20:01] 🔍 KIND ETF 공시 확인 중... (조회기간: 2026-06-30 ~ 2026-07-01)
[17:20:01]    새로운 감시 ETF 이익분배금 공시 없음
[17:25:01] 🔍 DART 공시 확인 중... (조회기간: 20260630 ~ 20260701)
[17:25:01]    총 89건의 주요사항보고 조회됨
[17:25:01]    배당 결정 공시 없음
[17:25:03] 🔍 KIND ETF 공시 확인 중... (조회기간: 2026-06-30 ~ 2026-07-01)
[17:25:03]    새로운 감시 ETF 이익분배금 공시 없음
[17:30:04] 🔍 DART 공시 확인 중... (조회기간: 20260630 ~ 20260701)
[17:30:04]    총 91건의 주요사항보고 조회됨
[17:30:04]    배당 결정 공시 없음
[17:30:06] 🔍 KIND ETF 공시 확인 중... (조회기간: 2026-06-30 ~ 2026-07-01)
[17:30:06]    새로운 감시 ETF 이익분배금 공시 없음
[17:35:07] 🔍 DART 공시 확인 중... (조회기간: 20260630 ~ 20260701)
[17:35:07]    총 94건의 주요사항보고 조회됨
[17:35:07]    배당 결정 공시 없음
[17:35:08] 🔍 KIND ETF 공시 확인 중... (조회기간: 2026-06-30 ~ 2026-07-01)
[17:35:08]    새로운 감시 ETF 이익분배금 공시 없음
[17:40:09] 🔍 DART 공시 확인 중... (조회기간: 20260630 ~ 20260701)
[17:40:09]    총 95건의 주요사항보고 조회됨
[17:40:09]    배당 결정 공시 없음
[17:40:10] 🔍 KIND ETF 공시 확인 중... (조회기간: 2026-06-30 ~ 2026-07-01)
[17:40:10]    새로운 감시 ETF 이익분배금 공시 없음
[17:45:11] 🔍 DART 공시 확인 중... (조회기간: 20260630 ~ 20260701)
[17:45:11]    총 95건의 주요사항보고 조회됨
[17:45:11]    배당 결정 공시 없음
[17:45:12] 🔍 KIND ETF 공시 확인 중... (조회기간: 2026-06-30 ~ 2026-07-01)
[17:45:12]    새로운 감시 ETF 이익분배금 공시 없음
[17:50:13] 🔍 DART 공시 확인 중... (조회기간: 20260630 ~ 20260701)
[17:50:13]    총 96건의 주요사항보고 조회됨
[17:50:13]    배당 결정 공시 없음
[17:50:15] 🔍 KIND ETF 공시 확인 중... (조회기간: 2026-06-30 ~ 2026-07-01)
[17:50:15]    새로운 감시 ETF 이익분배금 공시 없음
[17:55:15] 🔍 DART 공시 확인 중... (조회기간: 20260630 ~ 20260701)
[17:55:15]    총 96건의 주요사항보고 조회됨
[17:55:15]    배당 결정 공시 없음
[17:55:16] 🔍 KIND ETF 공시 확인 중... (조회기간: 2026-06-30 ~ 2026-07-01)
[17:55:16]    새로운 감시 ETF 이익분배금 공시 없음
[18:00:17] 🔍 DART 공시 확인 중... (조회기간: 20260630 ~ 20260701)
[18:00:17]    총 98건의 주요사항보고 조회됨
[18:00:17]    배당 결정 공시 없음
[18:00:19] 🔍 KIND ETF 공시 확인 중... (조회기간: 2026-06-30 ~ 2026-07-01)
[18:00:19]    새로운 감시 ETF 이익분배금 공시 없음
[18:05:20] 🔍 DART 공시 확인 중... (조회기간: 20260630 ~ 20260701)
[18:05:20]    총 98건의 주요사항보고 조회됨
[18:05:20]    배당 결정 공시 없음
[18:05:21] 🔍 KIND ETF 공시 확인 중... (조회기간: 2026-06-30 ~ 2026-07-01)
[18:05:21]    새로운 감시 ETF 이익분배금 공시 없음
[18:10:22] 🔍 DART 공시 확인 중... (조회기간: 20260630 ~ 20260701)
[18:10:22]    총 98건의 주요사항보고 조회됨
[18:10:22]    배당 결정 공시 없음
[18:10:23] 🔍 KIND ETF 공시 확인 중... (조회기간: 2026-06-30 ~ 2026-07-01)
[18:10:23]    새로운 감시 ETF 이익분배금 공시 없음
[18:15:24] 🔍 DART 공시 확인 중... (조회기간: 20260630 ~ 20260701)
[18:15:24]    총 98건의 주요사항보고 조회됨
[18:15:24]    배당 결정 공시 없음
[18:15:25] 🔍 KIND ETF 공시 확인 중... (조회기간: 2026-06-30 ~ 2026-07-01)
[18:15:25]    새로운 감시 ETF 이익분배금 공시 없음
[18:20:26] 🔍 DART 공시 확인 중... (조회기간: 20260630 ~ 20260701)
[18:20:26]    총 98건의 주요사항보고 조회됨
[18:20:26]    배당 결정 공시 없음
[18:20:27] 🔍 KIND ETF 공시 확인 중... (조회기간: 2026-06-30 ~ 2026-07-01)
[18:20:27]    새로운 감시 ETF 이익분배금 공시 없음
[18:25:28] 🔍 DART 공시 확인 중... (조회기간: 20260630 ~ 20260701)
[18:25:28]    총 98건의 주요사항보고 조회됨
[18:25:28]    배당 결정 공시 없음
[18:25:29] 🔍 KIND ETF 공시 확인 중... (조회기간: 2026-06-30 ~ 2026-07-01)
[18:25:29]    새로운 감시 ETF 이익분배금 공시 없음
[18:30:30] 🔍 DART 공시 확인 중... (조회기간: 20260630 ~ 20260701)
[18:30:30]    총 98건의 주요사항보고 조회됨
[18:30:30]    배당 결정 공시 없음
[18:30:31] 🔍 KIND ETF 공시 확인 중... (조회기간: 2026-06-30 ~ 2026-07-01)
[18:30:31]    새로운 감시 ETF 이익분배금 공시 없음
[18:35:32] 🔍 DART 공시 확인 중... (조회기간: 20260630 ~ 20260701)
[18:35:32]    총 98건의 주요사항보고 조회됨
[18:35:32]    배당 결정 공시 없음
[18:35:33] 🔍 KIND ETF 공시 확인 중... (조회기간: 2026-06-30 ~ 2026-07-01)
[18:35:33]    새로운 감시 ETF 이익분배금 공시 없음
[18:40:34] 🔍 DART 공시 확인 중... (조회기간: 20260630 ~ 20260701)
[18:40:34]    총 98건의 주요사항보고 조회됨
[18:40:34]    배당 결정 공시 없음
[18:40:35] 🔍 KIND ETF 공시 확인 중... (조회기간: 2026-06-30 ~ 2026-07-01)
[18:40:35]    새로운 감시 ETF 이익분배금 공시 없음
[18:45:36] 🔍 DART 공시 확인 중... (조회기간: 20260630 ~ 20260701)
[18:45:36]    총 98건의 주요사항보고 조회됨
[18:45:36]    배당 결정 공시 없음
[18:45:37] 🔍 KIND ETF 공시 확인 중... (조회기간: 2026-06-30 ~ 2026-07-01)
[18:45:37]    새로운 감시 ETF 이익분배금 공시 없음
[18:50:38] 🔍 DART 공시 확인 중... (조회기간: 20260630 ~ 20260701)
[18:50:38]    총 98건의 주요사항보고 조회됨
[18:50:38]    배당 결정 공시 없음
[18:50:39] 🔍 KIND ETF 공시 확인 중... (조회기간: 2026-06-30 ~ 2026-07-01)
[18:50:39]    새로운 감시 ETF 이익분배금 공시 없음
[18:55:39] 🔍 DART 공시 확인 중... (조회기간: 20260630 ~ 20260701)
[18:55:39]    총 98건의 주요사항보고 조회됨
[18:55:39]    배당 결정 공시 없음
[18:55:40] 🔍 KIND ETF 공시 확인 중... (조회기간: 2026-06-30 ~ 2026-07-01)
[18:55:40]    새로운 감시 ETF 이익분배금 공시 없음
[19:00:41] 🔍 DART 공시 확인 중... (조회기간: 20260630 ~ 20260701)
[19:00:41]    총 98건의 주요사항보고 조회됨
[19:00:41]    배당 결정 공시 없음
[19:00:43] 🔍 KIND ETF 공시 확인 중... (조회기간: 2026-06-30 ~ 2026-07-01)
[19:00:43]    새로운 감시 ETF 이익분배금 공시 없음
[19:05:44] 🔍 DART 공시 확인 중... (조회기간: 20260630 ~ 20260701)
[19:05:44]    총 98건의 주요사항보고 조회됨
[19:05:44]    배당 결정 공시 없음
[19:05:45] 🔍 KIND ETF 공시 확인 중... (조회기간: 2026-06-30 ~ 2026-07-01)
[19:05:45]    새로운 감시 ETF 이익분배금 공시 없음
[19:10:45] 🔍 DART 공시 확인 중... (조회기간: 20260630 ~ 20260701)
[19:10:45]    총 98건의 주요사항보고 조회됨
[19:10:45]    배당 결정 공시 없음
[19:10:47] 🔍 KIND ETF 공시 확인 중... (조회기간: 2026-06-30 ~ 2026-07-01)
[19:10:47]    새로운 감시 ETF 이익분배금 공시 없음
[19:15:48] 🔍 DART 공시 확인 중... (조회기간: 20260630 ~ 20260701)
[19:15:48]    총 98건의 주요사항보고 조회됨
[19:15:48]    배당 결정 공시 없음
[19:15:49] 🔍 KIND ETF 공시 확인 중... (조회기간: 2026-06-30 ~ 2026-07-01)
[19:15:49]    새로운 감시 ETF 이익분배금 공시 없음
[19:20:50] 🔍 DART 공시 확인 중... (조회기간: 20260630 ~ 20260701)
[19:20:50]    총 98건의 주요사항보고 조회됨
[19:20:50]    배당 결정 공시 없음
[19:20:51] 🔍 KIND ETF 공시 확인 중... (조회기간: 2026-06-30 ~ 2026-07-01)
[19:20:51]    새로운 감시 ETF 이익분배금 공시 없음
[19:25:51] 🔍 DART 공시 확인 중... (조회기간: 20260630 ~ 20260701)
[19:25:51]    총 98건의 주요사항보고 조회됨
[19:25:51]    배당 결정 공시 없음
[19:25:52] 🔍 KIND ETF 공시 확인 중... (조회기간: 2026-06-30 ~ 2026-07-01)
[19:25:52]    새로운 감시 ETF 이익분배금 공시 없음
[19:30:53] 🔍 DART 공시 확인 중... (조회기간: 20260630 ~ 20260701)
[19:30:53]    총 98건의 주요사항보고 조회됨
[19:30:53]    배당 결정 공시 없음
[19:30:54] 🔍 KIND ETF 공시 확인 중... (조회기간: 2026-06-30 ~ 2026-07-01)
[19:30:54]    새로운 감시 ETF 이익분배금 공시 없음
[19:35:55] 🔍 DART 공시 확인 중... (조회기간: 20260630 ~ 20260701)
[19:35:55]    총 98건의 주요사항보고 조회됨
[19:35:55]    배당 결정 공시 없음
[19:35:56] 🔍 KIND ETF 공시 확인 중... (조회기간: 2026-06-30 ~ 2026-07-01)
[19:35:56]    새로운 감시 ETF 이익분배금 공시 없음
[19:40:57] 🔍 DART 공시 확인 중... (조회기간: 20260630 ~ 20260701)
[19:40:57]    총 98건의 주요사항보고 조회됨
[19:40:57]    배당 결정 공시 없음
[19:40:58] 🔍 KIND ETF 공시 확인 중... (조회기간: 2026-06-30 ~ 2026-07-01)
[19:40:58]    새로운 감시 ETF 이익분배금 공시 없음
[19:45:58] 🔍 DART 공시 확인 중... (조회기간: 20260630 ~ 20260701)
[19:45:58]    총 98건의 주요사항보고 조회됨
[19:45:58]    배당 결정 공시 없음
[19:45:59] 🔍 KIND ETF 공시 확인 중... (조회기간: 2026-06-30 ~ 2026-07-01)
[19:45:59]    새로운 감시 ETF 이익분배금 공시 없음
[19:51:00] 🔍 DART 공시 확인 중... (조회기간: 20260630 ~ 20260701)
[19:51:00]    총 98건의 주요사항보고 조회됨
[19:51:00]    배당 결정 공시 없음
[19:51:01] 🔍 KIND ETF 공시 확인 중... (조회기간: 2026-06-30 ~ 2026-07-01)
[19:51:01]    새로운 감시 ETF 이익분배금 공시 없음
[19:56:02] 🔍 DART 공시 확인 중... (조회기간: 20260630 ~ 20260701)
[19:56:02]    총 98건의 주요사항보고 조회됨
[19:56:02]    배당 결정 공시 없음
[19:56:03] 🔍 KIND ETF 공시 확인 중... (조회기간: 2026-06-30 ~ 2026-07-01)
[19:56:03]    새로운 감시 ETF 이익분배금 공시 없음
[20:01:04] 🔍 DART 공시 확인 중... (조회기간: 20260630 ~ 20260701)
[20:01:04]    총 98건의 주요사항보고 조회됨
[20:01:04]    배당 결정 공시 없음
[20:01:05] 🔍 KIND ETF 공시 확인 중... (조회기간: 2026-06-30 ~ 2026-07-01)
[20:01:05]    새로운 감시 ETF 이익분배금 공시 없음
[20:06:06] 🔍 DART 공시 확인 중... (조회기간: 20260630 ~ 20260701)
[20:06:06]    총 98건의 주요사항보고 조회됨
[20:06:06]    배당 결정 공시 없음
[20:06:07] 🔍 KIND ETF 공시 확인 중... (조회기간: 2026-06-30 ~ 2026-07-01)
[20:06:07]    새로운 감시 ETF 이익분배금 공시 없음
[20:11:08] 🔍 DART 공시 확인 중... (조회기간: 20260630 ~ 20260701)
[20:11:08]    총 98건의 주요사항보고 조회됨
[20:11:08]    배당 결정 공시 없음
[20:11:09] 🔍 KIND ETF 공시 확인 중... (조회기간: 2026-06-30 ~ 2026-07-01)
[20:11:09]    새로운 감시 ETF 이익분배금 공시 없음
[20:16:10] 🔍 DART 공시 확인 중... (조회기간: 20260630 ~ 20260701)
[20:16:10]    총 98건의 주요사항보고 조회됨
[20:16:10]    배당 결정 공시 없음
[20:16:11] 🔍 KIND ETF 공시 확인 중... (조회기간: 2026-06-30 ~ 2026-07-01)
[20:16:11]    새로운 감시 ETF 이익분배금 공시 없음
[20:21:12] 🔍 DART 공시 확인 중... (조회기간: 20260630 ~ 20260701)
[20:21:12]    총 98건의 주요사항보고 조회됨
[20:21:12]    배당 결정 공시 없음
[20:21:13] 🔍 KIND ETF 공시 확인 중... (조회기간: 2026-06-30 ~ 2026-07-01)
[20:21:13]    새로운 감시 ETF 이익분배금 공시 없음
[20:26:14] 🔍 DART 공시 확인 중... (조회기간: 20260630 ~ 20260701)
[20:26:14]    총 98건의 주요사항보고 조회됨
[20:26:14]    배당 결정 공시 없음
[20:26:15] 🔍 KIND ETF 공시 확인 중... (조회기간: 2026-06-30 ~ 2026-07-01)
[20:26:15]    새로운 감시 ETF 이익분배금 공시 없음
[20:31:16] 🔍 DART 공시 확인 중... (조회기간: 20260630 ~ 20260701)
[20:31:16]    총 98건의 주요사항보고 조회됨
[20:31:16]    배당 결정 공시 없음
[20:31:17] 🔍 KIND ETF 공시 확인 중... (조회기간: 2026-06-30 ~ 2026-07-01)
[20:31:17]    새로운 감시 ETF 이익분배금 공시 없음
[20:36:17] 🔍 DART 공시 확인 중... (조회기간: 20260630 ~ 20260701)
[20:36:17]    총 98건의 주요사항보고 조회됨
[20:36:17]    배당 결정 공시 없음
[20:36:18] 🔍 KIND ETF 공시 확인 중... (조회기간: 2026-06-30 ~ 2026-07-01)
[20:36:18]    새로운 감시 ETF 이익분배금 공시 없음
[20:41:19] 🔍 DART 공시 확인 중... (조회기간: 20260630 ~ 20260701)
[20:41:19]    총 98건의 주요사항보고 조회됨
[20:41:19]    배당 결정 공시 없음
[20:41:20] 🔍 KIND ETF 공시 확인 중... (조회기간: 2026-06-30 ~ 2026-07-01)
[20:41:20]    새로운 감시 ETF 이익분배금 공시 없음
[20:46:21] 🔍 DART 공시 확인 중... (조회기간: 20260630 ~ 20260701)
[20:46:21]    총 98건의 주요사항보고 조회됨
[20:46:21]    배당 결정 공시 없음
[20:46:22] 🔍 KIND ETF 공시 확인 중... (조회기간: 2026-06-30 ~ 2026-07-01)
[20:46:22]    새로운 감시 ETF 이익분배금 공시 없음
[20:51:23] 🔍 DART 공시 확인 중... (조회기간: 20260630 ~ 20260701)
[20:51:23]    총 98건의 주요사항보고 조회됨
[20:51:23]    배당 결정 공시 없음
[20:51:24] 🔍 KIND ETF 공시 확인 중... (조회기간: 2026-06-30 ~ 2026-07-01)
[20:51:24]    새로운 감시 ETF 이익분배금 공시 없음
[20:56:25] 🔍 DART 공시 확인 중... (조회기간: 20260630 ~ 20260701)
[20:56:25]    총 98건의 주요사항보고 조회됨
[20:56:25]    배당 결정 공시 없음
[20:56:26] 🔍 KIND ETF 공시 확인 중... (조회기간: 2026-06-30 ~ 2026-07-01)
[20:56:26]    새로운 감시 ETF 이익분배금 공시 없음
[21:01:26] 🔍 DART 공시 확인 중... (조회기간: 20260630 ~ 20260701)
[21:01:26]    총 98건의 주요사항보고 조회됨
[21:01:26]    배당 결정 공시 없음
[21:01:27] 🔍 KIND ETF 공시 확인 중... (조회기간: 2026-06-30 ~ 2026-07-01)
[21:01:27]    새로운 감시 ETF 이익분배금 공시 없음
[21:06:28] 🔍 DART 공시 확인 중... (조회기간: 20260630 ~ 20260701)
[21:06:28]    총 98건의 주요사항보고 조회됨
[21:06:28]    배당 결정 공시 없음
[21:06:29] 🔍 KIND ETF 공시 확인 중... (조회기간: 2026-06-30 ~ 2026-07-01)
[21:06:29]    새로운 감시 ETF 이익분배금 공시 없음
[21:11:30] 🔍 DART 공시 확인 중... (조회기간: 20260630 ~ 20260701)
[21:11:30]    총 98건의 주요사항보고 조회됨
[21:11:30]    배당 결정 공시 없음
[21:11:31] 🔍 KIND ETF 공시 확인 중... (조회기간: 2026-06-30 ~ 2026-07-01)
[21:11:31]    새로운 감시 ETF 이익분배금 공시 없음
[21:16:32] 🔍 DART 공시 확인 중... (조회기간: 20260630 ~ 20260701)
[21:16:32]    총 98건의 주요사항보고 조회됨
[21:16:32]    배당 결정 공시 없음
[21:16:33] 🔍 KIND ETF 공시 확인 중... (조회기간: 2026-06-30 ~ 2026-07-01)
[21:16:33]    새로운 감시 ETF 이익분배금 공시 없음
[21:21:33] 🔍 DART 공시 확인 중... (조회기간: 20260630 ~ 20260701)
[21:21:33]    총 98건의 주요사항보고 조회됨
[21:21:33]    배당 결정 공시 없음
[21:21:35] 🔍 KIND ETF 공시 확인 중... (조회기간: 2026-06-30 ~ 2026-07-01)
[21:21:35]    새로운 감시 ETF 이익분배금 공시 없음
[21:26:35] 🔍 DART 공시 확인 중... (조회기간: 20260630 ~ 20260701)
[21:26:35]    총 98건의 주요사항보고 조회됨
[21:26:35]    배당 결정 공시 없음
[21:26:36] 🔍 KIND ETF 공시 확인 중... (조회기간: 2026-06-30 ~ 2026-07-01)
[21:26:36]    새로운 감시 ETF 이익분배금 공시 없음
[21:31:37] 🔍 DART 공시 확인 중... (조회기간: 20260630 ~ 20260701)
[21:31:37]    총 98건의 주요사항보고 조회됨
[21:31:37]    배당 결정 공시 없음
[21:31:38] 🔍 KIND ETF 공시 확인 중... (조회기간: 2026-06-30 ~ 2026-07-01)
[21:31:38]    새로운 감시 ETF 이익분배금 공시 없음
[21:36:39] 🔍 DART 공시 확인 중... (조회기간: 20260630 ~ 20260701)
[21:36:39]    총 98건의 주요사항보고 조회됨
[21:36:39]    배당 결정 공시 없음
[21:36:40] 🔍 KIND ETF 공시 확인 중... (조회기간: 2026-06-30 ~ 2026-07-01)
[21:36:40]    새로운 감시 ETF 이익분배금 공시 없음
[21:41:41] 🔍 DART 공시 확인 중... (조회기간: 20260630 ~ 20260701)
[21:41:41]    총 98건의 주요사항보고 조회됨
[21:41:41]    배당 결정 공시 없음
[21:41:42] 🔍 KIND ETF 공시 확인 중... (조회기간: 2026-06-30 ~ 2026-07-01)
[21:41:42]    새로운 감시 ETF 이익분배금 공시 없음
[21:46:43] 🔍 DART 공시 확인 중... (조회기간: 20260630 ~ 20260701)
[21:46:43]    총 98건의 주요사항보고 조회됨
[21:46:43]    배당 결정 공시 없음
[21:46:44] 🔍 KIND ETF 공시 확인 중... (조회기간: 2026-06-30 ~ 2026-07-01)
[21:46:44]    새로운 감시 ETF 이익분배금 공시 없음
[21:51:44] 🔍 DART 공시 확인 중... (조회기간: 20260630 ~ 20260701)
[21:51:44]    총 98건의 주요사항보고 조회됨
[21:51:44]    배당 결정 공시 없음
[21:51:45] 🔍 KIND ETF 공시 확인 중... (조회기간: 2026-06-30 ~ 2026-07-01)
[21:51:45]    새로운 감시 ETF 이익분배금 공시 없음
[21:56:46] 🔍 DART 공시 확인 중... (조회기간: 20260630 ~ 20260701)
[21:56:46]    총 98건의 주요사항보고 조회됨
[21:56:46]    배당 결정 공시 없음
[21:56:47] 🔍 KIND ETF 공시 확인 중... (조회기간: 2026-06-30 ~ 2026-07-01)
[21:56:47]    새로운 감시 ETF 이익분배금 공시 없음
[22:01:48] 🔍 DART 공시 확인 중... (조회기간: 20260630 ~ 20260701)
[22:01:48]    총 98건의 주요사항보고 조회됨
[22:01:48]    배당 결정 공시 없음
[22:01:49] 🔍 KIND ETF 공시 확인 중... (조회기간: 2026-06-30 ~ 2026-07-01)
[22:01:49]    새로운 감시 ETF 이익분배금 공시 없음
[22:06:50] 🔍 DART 공시 확인 중... (조회기간: 20260630 ~ 20260701)
[22:06:50]    총 98건의 주요사항보고 조회됨
[22:06:50]    배당 결정 공시 없음
[22:06:51] 🔍 KIND ETF 공시 확인 중... (조회기간: 2026-06-30 ~ 2026-07-01)
[22:06:51]    새로운 감시 ETF 이익분배금 공시 없음
[22:11:52] 🔍 DART 공시 확인 중... (조회기간: 20260630 ~ 20260701)
[22:11:52]    총 98건의 주요사항보고 조회됨
[22:11:52]    배당 결정 공시 없음
[22:11:53] 🔍 KIND ETF 공시 확인 중... (조회기간: 2026-06-30 ~ 2026-07-01)
[22:11:53]    새로운 감시 ETF 이익분배금 공시 없음
[22:16:54] 🔍 DART 공시 확인 중... (조회기간: 20260630 ~ 20260701)
[22:16:54]    총 98건의 주요사항보고 조회됨
[22:16:54]    배당 결정 공시 없음
[22:16:55] 🔍 KIND ETF 공시 확인 중... (조회기간: 2026-06-30 ~ 2026-07-01)
[22:16:55]    새로운 감시 ETF 이익분배금 공시 없음
[22:21:55] 🔍 DART 공시 확인 중... (조회기간: 20260630 ~ 20260701)
[22:21:55]    총 98건의 주요사항보고 조회됨
[22:21:55]    배당 결정 공시 없음
[22:21:56] 🔍 KIND ETF 공시 확인 중... (조회기간: 2026-06-30 ~ 2026-07-01)
[22:21:56]    새로운 감시 ETF 이익분배금 공시 없음
[22:26:57] 🔍 DART 공시 확인 중... (조회기간: 20260630 ~ 20260701)
[22:26:57]    총 98건의 주요사항보고 조회됨
[22:26:57]    배당 결정 공시 없음
[22:26:58] 🔍 KIND ETF 공시 확인 중... (조회기간: 2026-06-30 ~ 2026-07-01)
[22:26:58]    새로운 감시 ETF 이익분배금 공시 없음
[22:31:59] 🔍 DART 공시 확인 중... (조회기간: 20260630 ~ 20260701)
[22:31:59]    총 98건의 주요사항보고 조회됨
[22:31:59]    배당 결정 공시 없음
[22:32:00] 🔍 KIND ETF 공시 확인 중... (조회기간: 2026-06-30 ~ 2026-07-01)
[22:32:00]    새로운 감시 ETF 이익분배금 공시 없음
[22:37:01] 🔍 DART 공시 확인 중... (조회기간: 20260630 ~ 20260701)
[22:37:01]    총 98건의 주요사항보고 조회됨
[22:37:01]    배당 결정 공시 없음
[22:37:02] 🔍 KIND ETF 공시 확인 중... (조회기간: 2026-06-30 ~ 2026-07-01)
[22:37:02]    새로운 감시 ETF 이익분배금 공시 없음
[22:42:02] 🔍 DART 공시 확인 중... (조회기간: 20260630 ~ 20260701)
[22:42:02]    총 98건의 주요사항보고 조회됨
[22:42:02]    배당 결정 공시 없음
[22:42:04] 🔍 KIND ETF 공시 확인 중... (조회기간: 2026-06-30 ~ 2026-07-01)
[22:42:04]    새로운 감시 ETF 이익분배금 공시 없음
[22:47:04] 🔍 DART 공시 확인 중... (조회기간: 20260630 ~ 20260701)
[22:47:04]    총 98건의 주요사항보고 조회됨
[22:47:04]    배당 결정 공시 없음
[22:47:05] 🔍 KIND ETF 공시 확인 중... (조회기간: 2026-06-30 ~ 2026-07-01)
[22:47:05]    새로운 감시 ETF 이익분배금 공시 없음
[22:52:06] 🔍 DART 공시 확인 중... (조회기간: 20260630 ~ 20260701)
[22:52:06]    총 98건의 주요사항보고 조회됨
[22:52:06]    배당 결정 공시 없음
[22:52:07] 🔍 KIND ETF 공시 확인 중... (조회기간: 2026-06-30 ~ 2026-07-01)
[22:52:07]    새로운 감시 ETF 이익분배금 공시 없음
[22:57:08] 🔍 DART 공시 확인 중... (조회기간: 20260630 ~ 20260701)
[22:57:08]    총 98건의 주요사항보고 조회됨
[22:57:08]    배당 결정 공시 없음
[22:57:09] 🔍 KIND ETF 공시 확인 중... (조회기간: 2026-06-30 ~ 2026-07-01)
[22:57:09]    새로운 감시 ETF 이익분배금 공시 없음
[23:02:10] 🔍 DART 공시 확인 중... (조회기간: 20260630 ~ 20260701)
[23:02:10]    총 98건의 주요사항보고 조회됨
[23:02:10]    배당 결정 공시 없음
[23:02:11] 🔍 KIND ETF 공시 확인 중... (조회기간: 2026-06-30 ~ 2026-07-01)
[23:02:11]    새로운 감시 ETF 이익분배금 공시 없음
[23:07:12] 🔍 DART 공시 확인 중... (조회기간: 20260630 ~ 20260701)
[23:07:12]    총 98건의 주요사항보고 조회됨
[23:07:12]    배당 결정 공시 없음
[23:07:13] 🔍 KIND ETF 공시 확인 중... (조회기간: 2026-06-30 ~ 2026-07-01)
[23:07:13]    새로운 감시 ETF 이익분배금 공시 없음
[23:12:14] 🔍 DART 공시 확인 중... (조회기간: 20260630 ~ 20260701)
[23:12:14]    총 98건의 주요사항보고 조회됨
[23:12:14]    배당 결정 공시 없음
[23:12:15] 🔍 KIND ETF 공시 확인 중... (조회기간: 2026-06-30 ~ 2026-07-01)
[23:12:15]    새로운 감시 ETF 이익분배금 공시 없음
[23:17:16] 🔍 DART 공시 확인 중... (조회기간: 20260630 ~ 20260701)
[23:17:16]    총 98건의 주요사항보고 조회됨
[23:17:16]    배당 결정 공시 없음
[23:17:17] 🔍 KIND ETF 공시 확인 중... (조회기간: 2026-06-30 ~ 2026-07-01)
[23:17:17]    새로운 감시 ETF 이익분배금 공시 없음
[23:22:18] 🔍 DART 공시 확인 중... (조회기간: 20260630 ~ 20260701)
[23:22:18]    총 98건의 주요사항보고 조회됨
[23:22:18]    배당 결정 공시 없음
[23:22:19] 🔍 KIND ETF 공시 확인 중... (조회기간: 2026-06-30 ~ 2026-07-01)
[23:22:19]    새로운 감시 ETF 이익분배금 공시 없음
[23:27:20] 🔍 DART 공시 확인 중... (조회기간: 20260630 ~ 20260701)
[23:27:20]    총 98건의 주요사항보고 조회됨
[23:27:20]    배당 결정 공시 없음
[23:27:21] 🔍 KIND ETF 공시 확인 중... (조회기간: 2026-06-30 ~ 2026-07-01)
[23:27:21]    새로운 감시 ETF 이익분배금 공시 없음
[23:32:22] 🔍 DART 공시 확인 중... (조회기간: 20260630 ~ 20260701)
[23:32:22]    총 98건의 주요사항보고 조회됨
[23:32:22]    배당 결정 공시 없음
[23:32:23] 🔍 KIND ETF 공시 확인 중... (조회기간: 2026-06-30 ~ 2026-07-01)
[23:32:23]    새로운 감시 ETF 이익분배금 공시 없음
[23:37:24] 🔍 DART 공시 확인 중... (조회기간: 20260630 ~ 20260701)
[23:37:24]    총 98건의 주요사항보고 조회됨
[23:37:24]    배당 결정 공시 없음
[23:37:25] 🔍 KIND ETF 공시 확인 중... (조회기간: 2026-06-30 ~ 2026-07-01)
[23:37:25]    새로운 감시 ETF 이익분배금 공시 없음
[23:42:25] 🔍 DART 공시 확인 중... (조회기간: 20260630 ~ 20260701)
[23:42:25]    총 98건의 주요사항보고 조회됨
[23:42:25]    배당 결정 공시 없음
[23:42:26] 🔍 KIND ETF 공시 확인 중... (조회기간: 2026-06-30 ~ 2026-07-01)
[23:42:26]    새로운 감시 ETF 이익분배금 공시 없음
[23:47:27] 🔍 DART 공시 확인 중... (조회기간: 20260630 ~ 20260701)
[23:47:27]    총 98건의 주요사항보고 조회됨
[23:47:27]    배당 결정 공시 없음
[23:47:28] 🔍 KIND ETF 공시 확인 중... (조회기간: 2026-06-30 ~ 2026-07-01)
[23:47:28]    새로운 감시 ETF 이익분배금 공시 없음
[23:52:29] 🔍 DART 공시 확인 중... (조회기간: 20260630 ~ 20260701)
[23:52:29]    총 98건의 주요사항보고 조회됨
[23:52:29]    배당 결정 공시 없음
[23:52:30] 🔍 KIND ETF 공시 확인 중... (조회기간: 2026-06-30 ~ 2026-07-01)
[23:52:30]    새로운 감시 ETF 이익분배금 공시 없음
[23:57:31] 🔍 DART 공시 확인 중... (조회기간: 20260630 ~ 20260701)
[23:57:31]    총 98건의 주요사항보고 조회됨
[23:57:31]    배당 결정 공시 없음
[23:57:32] 🔍 KIND ETF 공시 확인 중... (조회기간: 2026-06-30 ~ 2026-07-01)
[23:57:32]    새로운 감시 ETF 이익분배금 공시 없음
[00:02:32] 🔍 DART 공시 확인 중... (조회기간: 20260701 ~ 20260702)
[00:02:32]    총 30건의 주요사항보고 조회됨
[00:02:32]    배당 결정 공시 없음
[00:02:33] 🔍 KIND ETF 공시 확인 중... (조회기간: 2026-07-01 ~ 2026-07-02)
[00:02:33]    새로운 감시 ETF 이익분배금 공시 없음
[00:07:34] 🔍 DART 공시 확인 중... (조회기간: 20260701 ~ 20260702)
[00:07:34]    총 30건의 주요사항보고 조회됨
[00:07:34]    배당 결정 공시 없음
[00:07:35] 🔍 KIND ETF 공시 확인 중... (조회기간: 2026-07-01 ~ 2026-07-02)
[00:07:35]    새로운 감시 ETF 이익분배금 공시 없음
[00:12:35] 🔍 DART 공시 확인 중... (조회기간: 20260701 ~ 20260702)
[00:12:35]    총 30건의 주요사항보고 조회됨
[00:12:35]    배당 결정 공시 없음
[00:12:36] 🔍 KIND ETF 공시 확인 중... (조회기간: 2026-07-01 ~ 2026-07-02)
[00:12:36]    새로운 감시 ETF 이익분배금 공시 없음
[00:17:37] 🔍 DART 공시 확인 중... (조회기간: 20260701 ~ 20260702)
[00:17:37]    총 30건의 주요사항보고 조회됨
[00:17:37]    배당 결정 공시 없음
[00:17:38] 🔍 KIND ETF 공시 확인 중... (조회기간: 2026-07-01 ~ 2026-07-02)
[00:17:38]    새로운 감시 ETF 이익분배금 공시 없음
[00:22:39] 🔍 DART 공시 확인 중... (조회기간: 20260701 ~ 20260702)
[00:22:39]    총 30건의 주요사항보고 조회됨
[00:22:39]    배당 결정 공시 없음
[00:22:40] 🔍 KIND ETF 공시 확인 중... (조회기간: 2026-07-01 ~ 2026-07-02)
[00:22:40]    새로운 감시 ETF 이익분배금 공시 없음
[00:27:40] 🔍 DART 공시 확인 중... (조회기간: 20260701 ~ 20260702)
[00:27:40]    총 30건의 주요사항보고 조회됨
[00:27:40]    배당 결정 공시 없음
[00:27:41] 🔍 KIND ETF 공시 확인 중... (조회기간: 2026-07-01 ~ 2026-07-02)
[00:27:41]    새로운 감시 ETF 이익분배금 공시 없음
[00:32:42] 🔍 DART 공시 확인 중... (조회기간: 20260701 ~ 20260702)
[00:32:42]    총 30건의 주요사항보고 조회됨
[00:32:42]    배당 결정 공시 없음
[00:32:43] 🔍 KIND ETF 공시 확인 중... (조회기간: 2026-07-01 ~ 2026-07-02)
[00:32:43]    새로운 감시 ETF 이익분배금 공시 없음
[00:37:44] 🔍 DART 공시 확인 중... (조회기간: 20260701 ~ 20260702)
[00:37:44]    총 30건의 주요사항보고 조회됨
[00:37:44]    배당 결정 공시 없음
[00:37:45] 🔍 KIND ETF 공시 확인 중... (조회기간: 2026-07-01 ~ 2026-07-02)
[00:37:45]    새로운 감시 ETF 이익분배금 공시 없음
[00:42:46] 🔍 DART 공시 확인 중... (조회기간: 20260701 ~ 20260702)
[00:42:46]    총 30건의 주요사항보고 조회됨
[00:42:46]    배당 결정 공시 없음
[00:42:46] 🔍 KIND ETF 공시 확인 중... (조회기간: 2026-07-01 ~ 2026-07-02)
[00:42:46]    새로운 감시 ETF 이익분배금 공시 없음
[00:47:47] 🔍 DART 공시 확인 중... (조회기간: 20260701 ~ 20260702)
[00:47:47]    총 30건의 주요사항보고 조회됨
[00:47:47]    배당 결정 공시 없음
[00:47:48] 🔍 KIND ETF 공시 확인 중... (조회기간: 2026-07-01 ~ 2026-07-02)
[00:47:48]    새로운 감시 ETF 이익분배금 공시 없음
[00:52:49] 🔍 DART 공시 확인 중... (조회기간: 20260701 ~ 20260702)
[00:52:49]    총 30건의 주요사항보고 조회됨
[00:52:49]    배당 결정 공시 없음
[00:52:50] 🔍 KIND ETF 공시 확인 중... (조회기간: 2026-07-01 ~ 2026-07-02)
[00:52:50]    새로운 감시 ETF 이익분배금 공시 없음
[00:57:51] 🔍 DART 공시 확인 중... (조회기간: 20260701 ~ 20260702)
[00:57:51]    총 30건의 주요사항보고 조회됨
[00:57:51]    배당 결정 공시 없음
[00:57:52] 🔍 KIND ETF 공시 확인 중... (조회기간: 2026-07-01 ~ 2026-07-02)
[00:57:52]    새로운 감시 ETF 이익분배금 공시 없음
[01:02:52] 🔍 DART 공시 확인 중... (조회기간: 20260701 ~ 20260702)
[01:02:52]    총 30건의 주요사항보고 조회됨
[01:02:52]    배당 결정 공시 없음
[01:02:53] 🔍 KIND ETF 공시 확인 중... (조회기간: 2026-07-01 ~ 2026-07-02)
[01:02:53]    새로운 감시 ETF 이익분배금 공시 없음
[01:07:54] 🔍 DART 공시 확인 중... (조회기간: 20260701 ~ 20260702)
[01:07:54]    총 30건의 주요사항보고 조회됨
[01:07:54]    배당 결정 공시 없음
[01:07:55] 🔍 KIND ETF 공시 확인 중... (조회기간: 2026-07-01 ~ 2026-07-02)
[01:07:55]    새로운 감시 ETF 이익분배금 공시 없음
[01:12:55] 🔍 DART 공시 확인 중... (조회기간: 20260701 ~ 20260702)
[01:12:55]    총 30건의 주요사항보고 조회됨
[01:12:55]    배당 결정 공시 없음
[01:12:56] 🔍 KIND ETF 공시 확인 중... (조회기간: 2026-07-01 ~ 2026-07-02)
[01:12:56]    새로운 감시 ETF 이익분배금 공시 없음
[01:17:57] 🔍 DART 공시 확인 중... (조회기간: 20260701 ~ 20260702)
[01:17:57]    총 30건의 주요사항보고 조회됨
[01:17:57]    배당 결정 공시 없음
[01:17:58] 🔍 KIND ETF 공시 확인 중... (조회기간: 2026-07-01 ~ 2026-07-02)
[01:17:58]    새로운 감시 ETF 이익분배금 공시 없음
[01:22:58] 🔍 DART 공시 확인 중... (조회기간: 20260701 ~ 20260702)
[01:22:58]    총 30건의 주요사항보고 조회됨
[01:22:58]    배당 결정 공시 없음
[01:22:59] 🔍 KIND ETF 공시 확인 중... (조회기간: 2026-07-01 ~ 2026-07-02)
[01:22:59]    새로운 감시 ETF 이익분배금 공시 없음
[01:28:00] 🔍 DART 공시 확인 중... (조회기간: 20260701 ~ 20260702)
[01:28:00]    총 30건의 주요사항보고 조회됨
[01:28:00]    배당 결정 공시 없음
[01:28:01] 🔍 KIND ETF 공시 확인 중... (조회기간: 2026-07-01 ~ 2026-07-02)
[01:28:01]    새로운 감시 ETF 이익분배금 공시 없음
[01:33:02] 🔍 DART 공시 확인 중... (조회기간: 20260701 ~ 20260702)
[01:33:02]    총 30건의 주요사항보고 조회됨
[01:33:02]    배당 결정 공시 없음
[01:33:03] 🔍 KIND ETF 공시 확인 중... (조회기간: 2026-07-01 ~ 2026-07-02)
[01:33:03]    새로운 감시 ETF 이익분배금 공시 없음
[01:38:03] 🔍 DART 공시 확인 중... (조회기간: 20260701 ~ 20260702)
[01:38:03]    총 30건의 주요사항보고 조회됨
[01:38:03]    배당 결정 공시 없음
[01:38:04] 🔍 KIND ETF 공시 확인 중... (조회기간: 2026-07-01 ~ 2026-07-02)
[01:38:04]    새로운 감시 ETF 이익분배금 공시 없음
[01:43:05] 🔍 DART 공시 확인 중... (조회기간: 20260701 ~ 20260702)
[01:43:05]    총 30건의 주요사항보고 조회됨
[01:43:05]    배당 결정 공시 없음
[01:43:06] 🔍 KIND ETF 공시 확인 중... (조회기간: 2026-07-01 ~ 2026-07-02)
[01:43:06]    새로운 감시 ETF 이익분배금 공시 없음
[01:48:07] 🔍 DART 공시 확인 중... (조회기간: 20260701 ~ 20260702)
[01:48:07]    총 30건의 주요사항보고 조회됨
[01:48:07]    배당 결정 공시 없음
[01:48:08] 🔍 KIND ETF 공시 확인 중... (조회기간: 2026-07-01 ~ 2026-07-02)
[01:48:08]    새로운 감시 ETF 이익분배금 공시 없음
[01:53:08] 🔍 DART 공시 확인 중... (조회기간: 20260701 ~ 20260702)
[01:53:08]    총 30건의 주요사항보고 조회됨
[01:53:08]    배당 결정 공시 없음
[01:53:09] 🔍 KIND ETF 공시 확인 중... (조회기간: 2026-07-01 ~ 2026-07-02)
[01:53:09]    새로운 감시 ETF 이익분배금 공시 없음
[01:58:10] 🔍 DART 공시 확인 중... (조회기간: 20260701 ~ 20260702)
[01:58:10]    총 30건의 주요사항보고 조회됨
[01:58:10]    배당 결정 공시 없음
[01:58:11] 🔍 KIND ETF 공시 확인 중... (조회기간: 2026-07-01 ~ 2026-07-02)
[01:58:11]    새로운 감시 ETF 이익분배금 공시 없음
[02:03:11] 🔍 DART 공시 확인 중... (조회기간: 20260701 ~ 20260702)
[02:03:11]    총 30건의 주요사항보고 조회됨
[02:03:11]    배당 결정 공시 없음
[02:03:12] 🔍 KIND ETF 공시 확인 중... (조회기간: 2026-07-01 ~ 2026-07-02)
[02:03:12]    새로운 감시 ETF 이익분배금 공시 없음
[02:08:13] 🔍 DART 공시 확인 중... (조회기간: 20260701 ~ 20260702)
[02:08:13]    총 30건의 주요사항보고 조회됨
[02:08:13]    배당 결정 공시 없음
[02:08:14] 🔍 KIND ETF 공시 확인 중... (조회기간: 2026-07-01 ~ 2026-07-02)
[02:08:14]    새로운 감시 ETF 이익분배금 공시 없음
[02:13:14] 🔍 DART 공시 확인 중... (조회기간: 20260701 ~ 20260702)
[02:13:14]    총 30건의 주요사항보고 조회됨
[02:13:14]    배당 결정 공시 없음
[02:13:15] 🔍 KIND ETF 공시 확인 중... (조회기간: 2026-07-01 ~ 2026-07-02)
[02:13:15]    새로운 감시 ETF 이익분배금 공시 없음
[02:18:16] 🔍 DART 공시 확인 중... (조회기간: 20260701 ~ 20260702)
[02:18:16]    총 30건의 주요사항보고 조회됨
[02:18:16]    배당 결정 공시 없음
[02:18:16] 🔍 KIND ETF 공시 확인 중... (조회기간: 2026-07-01 ~ 2026-07-02)
[02:18:16]    새로운 감시 ETF 이익분배금 공시 없음
[02:23:17] 🔍 DART 공시 확인 중... (조회기간: 20260701 ~ 20260702)
[02:23:17]    총 30건의 주요사항보고 조회됨
[02:23:17]    배당 결정 공시 없음
[02:23:18] 🔍 KIND ETF 공시 확인 중... (조회기간: 2026-07-01 ~ 2026-07-02)
[02:23:18]    새로운 감시 ETF 이익분배금 공시 없음
[02:28:19] 🔍 DART 공시 확인 중... (조회기간: 20260701 ~ 20260702)
[02:28:19]    총 30건의 주요사항보고 조회됨
[02:28:19]    배당 결정 공시 없음
[02:28:19] 🔍 KIND ETF 공시 확인 중... (조회기간: 2026-07-01 ~ 2026-07-02)
[02:28:19]    새로운 감시 ETF 이익분배금 공시 없음
[02:33:20] 🔍 DART 공시 확인 중... (조회기간: 20260701 ~ 20260702)
[02:33:20]    총 30건의 주요사항보고 조회됨
[02:33:20]    배당 결정 공시 없음
[02:33:21] 🔍 KIND ETF 공시 확인 중... (조회기간: 2026-07-01 ~ 2026-07-02)
[02:33:21]    새로운 감시 ETF 이익분배금 공시 없음
[02:38:22] 🔍 DART 공시 확인 중... (조회기간: 20260701 ~ 20260702)
[02:38:22]    총 30건의 주요사항보고 조회됨
[02:38:22]    배당 결정 공시 없음
[02:38:23] 🔍 KIND ETF 공시 확인 중... (조회기간: 2026-07-01 ~ 2026-07-02)
[02:38:23]    새로운 감시 ETF 이익분배금 공시 없음
[02:43:24] 🔍 DART 공시 확인 중... (조회기간: 20260701 ~ 20260702)
[02:43:24]    총 30건의 주요사항보고 조회됨
[02:43:24]    배당 결정 공시 없음
[02:43:24] 🔍 KIND ETF 공시 확인 중... (조회기간: 2026-07-01 ~ 2026-07-02)
[02:43:24]    새로운 감시 ETF 이익분배금 공시 없음
[02:48:25] 🔍 DART 공시 확인 중... (조회기간: 20260701 ~ 20260702)
[02:48:25]    총 30건의 주요사항보고 조회됨
[02:48:25]    배당 결정 공시 없음
[02:48:26] 🔍 KIND ETF 공시 확인 중... (조회기간: 2026-07-01 ~ 2026-07-02)
[02:48:26]    새로운 감시 ETF 이익분배금 공시 없음
[02:53:27] 🔍 DART 공시 확인 중... (조회기간: 20260701 ~ 20260702)
[02:53:27]    총 30건의 주요사항보고 조회됨
[02:53:27]    배당 결정 공시 없음
[02:53:27] 🔍 KIND ETF 공시 확인 중... (조회기간: 2026-07-01 ~ 2026-07-02)
[02:53:27]    새로운 감시 ETF 이익분배금 공시 없음
[02:58:28] 🔍 DART 공시 확인 중... (조회기간: 20260701 ~ 20260702)
[02:58:28]    총 30건의 주요사항보고 조회됨
[02:58:28]    배당 결정 공시 없음
[02:58:29] 🔍 KIND ETF 공시 확인 중... (조회기간: 2026-07-01 ~ 2026-07-02)
[02:58:29]    새로운 감시 ETF 이익분배금 공시 없음
[03:03:30] 🔍 DART 공시 확인 중... (조회기간: 20260701 ~ 20260702)
[03:03:30]    총 30건의 주요사항보고 조회됨
[03:03:30]    배당 결정 공시 없음
[03:03:30] 🔍 KIND ETF 공시 확인 중... (조회기간: 2026-07-01 ~ 2026-07-02)
[03:03:30]    새로운 감시 ETF 이익분배금 공시 없음
[03:08:31] 🔍 DART 공시 확인 중... (조회기간: 20260701 ~ 20260702)
[03:08:31]    총 30건의 주요사항보고 조회됨
[03:08:31]    배당 결정 공시 없음
[03:08:32] 🔍 KIND ETF 공시 확인 중... (조회기간: 2026-07-01 ~ 2026-07-02)
[03:08:32]    새로운 감시 ETF 이익분배금 공시 없음
[03:13:33] 🔍 DART 공시 확인 중... (조회기간: 20260701 ~ 20260702)
[03:13:33]    총 30건의 주요사항보고 조회됨
[03:13:33]    배당 결정 공시 없음
[03:13:33] 🔍 KIND ETF 공시 확인 중... (조회기간: 2026-07-01 ~ 2026-07-02)
[03:13:33]    새로운 감시 ETF 이익분배금 공시 없음
[03:18:34] 🔍 DART 공시 확인 중... (조회기간: 20260701 ~ 20260702)
[03:18:34]    총 30건의 주요사항보고 조회됨
[03:18:34]    배당 결정 공시 없음
[03:18:35] 🔍 KIND ETF 공시 확인 중... (조회기간: 2026-07-01 ~ 2026-07-02)
[03:18:35]    새로운 감시 ETF 이익분배금 공시 없음
[03:23:36] 🔍 DART 공시 확인 중... (조회기간: 20260701 ~ 20260702)
[03:23:36]    총 30건의 주요사항보고 조회됨
[03:23:36]    배당 결정 공시 없음
[03:23:37] 🔍 KIND ETF 공시 확인 중... (조회기간: 2026-07-01 ~ 2026-07-02)
[03:23:37]    새로운 감시 ETF 이익분배금 공시 없음
[03:28:37] 🔍 DART 공시 확인 중... (조회기간: 20260701 ~ 20260702)
[03:28:37]    총 30건의 주요사항보고 조회됨
[03:28:37]    배당 결정 공시 없음
[03:28:38] 🔍 KIND ETF 공시 확인 중... (조회기간: 2026-07-01 ~ 2026-07-02)
[03:28:38]    새로운 감시 ETF 이익분배금 공시 없음
[03:33:39] 🔍 DART 공시 확인 중... (조회기간: 20260701 ~ 20260702)
[03:33:39]    총 30건의 주요사항보고 조회됨
[03:33:39]    배당 결정 공시 없음
[03:33:40] 🔍 KIND ETF 공시 확인 중... (조회기간: 2026-07-01 ~ 2026-07-02)
[03:33:40]    새로운 감시 ETF 이익분배금 공시 없음
[03:38:41] 🔍 DART 공시 확인 중... (조회기간: 20260701 ~ 20260702)
[03:38:41]    총 30건의 주요사항보고 조회됨
[03:38:41]    배당 결정 공시 없음
[03:38:41] 🔍 KIND ETF 공시 확인 중... (조회기간: 2026-07-01 ~ 2026-07-02)
[03:38:41]    새로운 감시 ETF 이익분배금 공시 없음
[03:43:42] 🔍 DART 공시 확인 중... (조회기간: 20260701 ~ 20260702)
[03:43:42]    총 30건의 주요사항보고 조회됨
[03:43:42]    배당 결정 공시 없음
[03:43:43] 🔍 KIND ETF 공시 확인 중... (조회기간: 2026-07-01 ~ 2026-07-02)
[03:43:43]    새로운 감시 ETF 이익분배금 공시 없음
[03:48:44] 🔍 DART 공시 확인 중... (조회기간: 20260701 ~ 20260702)
[03:48:44]    총 30건의 주요사항보고 조회됨
[03:48:44]    배당 결정 공시 없음
[03:48:45] 🔍 KIND ETF 공시 확인 중... (조회기간: 2026-07-01 ~ 2026-07-02)
[03:48:45]    새로운 감시 ETF 이익분배금 공시 없음
[03:53:45] 🔍 DART 공시 확인 중... (조회기간: 20260701 ~ 20260702)
[03:53:45]    총 30건의 주요사항보고 조회됨
[03:53:45]    배당 결정 공시 없음
[03:53:46] 🔍 KIND ETF 공시 확인 중... (조회기간: 2026-07-01 ~ 2026-07-02)
[03:53:46]    새로운 감시 ETF 이익분배금 공시 없음
[03:58:47] 🔍 DART 공시 확인 중... (조회기간: 20260701 ~ 20260702)
[03:58:47]    총 30건의 주요사항보고 조회됨
[03:58:47]    배당 결정 공시 없음
[03:58:48] 🔍 KIND ETF 공시 확인 중... (조회기간: 2026-07-01 ~ 2026-07-02)
[03:58:48]    새로운 감시 ETF 이익분배금 공시 없음
[04:03:48] 🔍 DART 공시 확인 중... (조회기간: 20260701 ~ 20260702)
[04:03:48]    총 30건의 주요사항보고 조회됨
[04:03:48]    배당 결정 공시 없음
[04:03:49] 🔍 KIND ETF 공시 확인 중... (조회기간: 2026-07-01 ~ 2026-07-02)
[04:03:49]    새로운 감시 ETF 이익분배금 공시 없음
[04:08:50] 🔍 DART 공시 확인 중... (조회기간: 20260701 ~ 20260702)
[04:08:50]    총 30건의 주요사항보고 조회됨
[04:08:50]    배당 결정 공시 없음
[04:08:51] 🔍 KIND ETF 공시 확인 중... (조회기간: 2026-07-01 ~ 2026-07-02)
[04:08:51]    새로운 감시 ETF 이익분배금 공시 없음
[04:13:51] 🔍 DART 공시 확인 중... (조회기간: 20260701 ~ 20260702)
[04:13:51]    총 30건의 주요사항보고 조회됨
[04:13:51]    배당 결정 공시 없음
[04:13:52] 🔍 KIND ETF 공시 확인 중... (조회기간: 2026-07-01 ~ 2026-07-02)
[04:13:52]    새로운 감시 ETF 이익분배금 공시 없음
[04:18:53] 🔍 DART 공시 확인 중... (조회기간: 20260701 ~ 20260702)
[04:18:53]    총 30건의 주요사항보고 조회됨
[04:18:53]    배당 결정 공시 없음
[04:18:54] 🔍 KIND ETF 공시 확인 중... (조회기간: 2026-07-01 ~ 2026-07-02)
[04:18:54]    새로운 감시 ETF 이익분배금 공시 없음
[04:23:55] 🔍 DART 공시 확인 중... (조회기간: 20260701 ~ 20260702)
[04:23:55]    총 30건의 주요사항보고 조회됨
[04:23:55]    배당 결정 공시 없음
[04:23:55] 🔍 KIND ETF 공시 확인 중... (조회기간: 2026-07-01 ~ 2026-07-02)
[04:23:55]    새로운 감시 ETF 이익분배금 공시 없음
[04:28:56] 🔍 DART 공시 확인 중... (조회기간: 20260701 ~ 20260702)
[04:28:56]    총 30건의 주요사항보고 조회됨
[04:28:56]    배당 결정 공시 없음
[04:28:57] 🔍 KIND ETF 공시 확인 중... (조회기간: 2026-07-01 ~ 2026-07-02)
[04:28:57]    새로운 감시 ETF 이익분배금 공시 없음
[04:33:57] 🔍 DART 공시 확인 중... (조회기간: 20260701 ~ 20260702)
[04:33:57]    총 30건의 주요사항보고 조회됨
[04:33:57]    배당 결정 공시 없음
[04:33:58] 🔍 KIND ETF 공시 확인 중... (조회기간: 2026-07-01 ~ 2026-07-02)
[04:33:58]    새로운 감시 ETF 이익분배금 공시 없음
[04:38:59] 🔍 DART 공시 확인 중... (조회기간: 20260701 ~ 20260702)
[04:38:59]    총 30건의 주요사항보고 조회됨
[04:38:59]    배당 결정 공시 없음
[04:39:00] 🔍 KIND ETF 공시 확인 중... (조회기간: 2026-07-01 ~ 2026-07-02)
[04:39:00]    새로운 감시 ETF 이익분배금 공시 없음
[04:44:00] 🔍 DART 공시 확인 중... (조회기간: 20260701 ~ 20260702)
[04:44:00]    총 30건의 주요사항보고 조회됨
[04:44:00]    배당 결정 공시 없음
[04:44:01] 🔍 KIND ETF 공시 확인 중... (조회기간: 2026-07-01 ~ 2026-07-02)
[04:44:01]    새로운 감시 ETF 이익분배금 공시 없음
[04:49:02] 🔍 DART 공시 확인 중... (조회기간: 20260701 ~ 20260702)
[04:49:02]    총 30건의 주요사항보고 조회됨
[04:49:02]    배당 결정 공시 없음
[04:49:03] 🔍 KIND ETF 공시 확인 중... (조회기간: 2026-07-01 ~ 2026-07-02)
[04:49:03]    새로운 감시 ETF 이익분배금 공시 없음
[04:54:03] 🔍 DART 공시 확인 중... (조회기간: 20260701 ~ 20260702)
[04:54:03]    총 30건의 주요사항보고 조회됨
[04:54:03]    배당 결정 공시 없음
[04:54:04] 🔍 KIND ETF 공시 확인 중... (조회기간: 2026-07-01 ~ 2026-07-02)
[04:54:04]    새로운 감시 ETF 이익분배금 공시 없음
[04:59:05] 🔍 DART 공시 확인 중... (조회기간: 20260701 ~ 20260702)
[04:59:05]    총 30건의 주요사항보고 조회됨
[04:59:05]    배당 결정 공시 없음
[04:59:06] 🔍 KIND ETF 공시 확인 중... (조회기간: 2026-07-01 ~ 2026-07-02)
[04:59:06]    새로운 감시 ETF 이익분배금 공시 없음
[05:04:07] 🔍 DART 공시 확인 중... (조회기간: 20260701 ~ 20260702)
[05:04:07]    총 30건의 주요사항보고 조회됨
[05:04:07]    배당 결정 공시 없음
[05:04:07] 🔍 KIND ETF 공시 확인 중... (조회기간: 2026-07-01 ~ 2026-07-02)
[05:04:07]    새로운 감시 ETF 이익분배금 공시 없음
[05:09:08] 🔍 DART 공시 확인 중... (조회기간: 20260701 ~ 20260702)
[05:09:08]    총 30건의 주요사항보고 조회됨
[05:09:08]    배당 결정 공시 없음
[05:09:09] 🔍 KIND ETF 공시 확인 중... (조회기간: 2026-07-01 ~ 2026-07-02)
[05:09:09]    새로운 감시 ETF 이익분배금 공시 없음
[05:14:10] 🔍 DART 공시 확인 중... (조회기간: 20260701 ~ 20260702)
[05:14:10]    총 30건의 주요사항보고 조회됨
[05:14:10]    배당 결정 공시 없음
[05:14:11] 🔍 KIND ETF 공시 확인 중... (조회기간: 2026-07-01 ~ 2026-07-02)
[05:14:11]    새로운 감시 ETF 이익분배금 공시 없음
[05:19:11] 🔍 DART 공시 확인 중... (조회기간: 20260701 ~ 20260702)
[05:19:11]    총 30건의 주요사항보고 조회됨
[05:19:11]    배당 결정 공시 없음
[05:19:12] 🔍 KIND ETF 공시 확인 중... (조회기간: 2026-07-01 ~ 2026-07-02)
[05:19:12]    새로운 감시 ETF 이익분배금 공시 없음
[05:24:13] 🔍 DART 공시 확인 중... (조회기간: 20260701 ~ 20260702)
[05:24:13]    총 30건의 주요사항보고 조회됨
[05:24:13]    배당 결정 공시 없음
[05:24:14] 🔍 KIND ETF 공시 확인 중... (조회기간: 2026-07-01 ~ 2026-07-02)
[05:24:14]    새로운 감시 ETF 이익분배금 공시 없음
[05:29:14] 🔍 DART 공시 확인 중... (조회기간: 20260701 ~ 20260702)
[05:29:14]    총 30건의 주요사항보고 조회됨
[05:29:14]    배당 결정 공시 없음
[05:29:15] 🔍 KIND ETF 공시 확인 중... (조회기간: 2026-07-01 ~ 2026-07-02)
[05:29:15]    새로운 감시 ETF 이익분배금 공시 없음
[05:34:16] 🔍 DART 공시 확인 중... (조회기간: 20260701 ~ 20260702)
[05:34:16]    총 30건의 주요사항보고 조회됨
[05:34:16]    배당 결정 공시 없음
[05:34:17] 🔍 KIND ETF 공시 확인 중... (조회기간: 2026-07-01 ~ 2026-07-02)
[05:34:17]    새로운 감시 ETF 이익분배금 공시 없음
[05:39:17] 🔍 DART 공시 확인 중... (조회기간: 20260701 ~ 20260702)
[05:39:17]    총 30건의 주요사항보고 조회됨
[05:39:17]    배당 결정 공시 없음
[05:39:18] 🔍 KIND ETF 공시 확인 중... (조회기간: 2026-07-01 ~ 2026-07-02)
[05:39:18]    새로운 감시 ETF 이익분배금 공시 없음
[05:44:19] 🔍 DART 공시 확인 중... (조회기간: 20260701 ~ 20260702)
[05:44:19]    총 30건의 주요사항보고 조회됨
[05:44:19]    배당 결정 공시 없음
[05:44:20] 🔍 KIND ETF 공시 확인 중... (조회기간: 2026-07-01 ~ 2026-07-02)
[05:44:20]    새로운 감시 ETF 이익분배금 공시 없음
[05:49:20] 🔍 DART 공시 확인 중... (조회기간: 20260701 ~ 20260702)
[05:49:20]    총 30건의 주요사항보고 조회됨
[05:49:20]    배당 결정 공시 없음
[05:49:21] 🔍 KIND ETF 공시 확인 중... (조회기간: 2026-07-01 ~ 2026-07-02)
[05:49:21]    새로운 감시 ETF 이익분배금 공시 없음
[05:54:22] 🔍 DART 공시 확인 중... (조회기간: 20260701 ~ 20260702)
[05:54:22]    총 30건의 주요사항보고 조회됨
[05:54:22]    배당 결정 공시 없음
[05:54:23] 🔍 KIND ETF 공시 확인 중... (조회기간: 2026-07-01 ~ 2026-07-02)
[05:54:23]    새로운 감시 ETF 이익분배금 공시 없음
[05:59:23] 🔍 DART 공시 확인 중... (조회기간: 20260701 ~ 20260702)
[05:59:23]    총 30건의 주요사항보고 조회됨
[05:59:23]    배당 결정 공시 없음
[05:59:24] 🔍 KIND ETF 공시 확인 중... (조회기간: 2026-07-01 ~ 2026-07-02)
[05:59:24]    새로운 감시 ETF 이익분배금 공시 없음
[06:04:25] 🔍 DART 공시 확인 중... (조회기간: 20260701 ~ 20260702)
[06:04:25]    총 30건의 주요사항보고 조회됨
[06:04:25]    배당 결정 공시 없음
[06:04:26] 🔍 KIND ETF 공시 확인 중... (조회기간: 2026-07-01 ~ 2026-07-02)
[06:04:26]    새로운 감시 ETF 이익분배금 공시 없음
[06:09:26] 🔍 DART 공시 확인 중... (조회기간: 20260701 ~ 20260702)
[06:09:26]    총 30건의 주요사항보고 조회됨
[06:09:26]    배당 결정 공시 없음
[06:09:27] 🔍 KIND ETF 공시 확인 중... (조회기간: 2026-07-01 ~ 2026-07-02)
[06:09:27]    새로운 감시 ETF 이익분배금 공시 없음
[06:14:28] 🔍 DART 공시 확인 중... (조회기간: 20260701 ~ 20260702)
[06:14:28]    총 30건의 주요사항보고 조회됨
[06:14:28]    배당 결정 공시 없음
[06:14:29] 🔍 KIND ETF 공시 확인 중... (조회기간: 2026-07-01 ~ 2026-07-02)
[06:14:29]    새로운 감시 ETF 이익분배금 공시 없음
[06:19:30] 🔍 DART 공시 확인 중... (조회기간: 20260701 ~ 20260702)
[06:19:30]    총 30건의 주요사항보고 조회됨
[06:19:30]    배당 결정 공시 없음
[06:19:30] 🔍 KIND ETF 공시 확인 중... (조회기간: 2026-07-01 ~ 2026-07-02)
[06:19:30]    새로운 감시 ETF 이익분배금 공시 없음
[06:24:31] 🔍 DART 공시 확인 중... (조회기간: 20260701 ~ 20260702)
[06:24:31]    총 30건의 주요사항보고 조회됨
[06:24:31]    배당 결정 공시 없음
[06:24:32] 🔍 KIND ETF 공시 확인 중... (조회기간: 2026-07-01 ~ 2026-07-02)
[06:24:32]    새로운 감시 ETF 이익분배금 공시 없음
[06:29:33] 🔍 DART 공시 확인 중... (조회기간: 20260701 ~ 20260702)
[06:29:33]    총 30건의 주요사항보고 조회됨
[06:29:33]    배당 결정 공시 없음
[06:29:33] 🔍 KIND ETF 공시 확인 중... (조회기간: 2026-07-01 ~ 2026-07-02)
[06:29:33]    새로운 감시 ETF 이익분배금 공시 없음
[06:34:34] 🔍 DART 공시 확인 중... (조회기간: 20260701 ~ 20260702)
[06:34:34]    총 30건의 주요사항보고 조회됨
[06:34:34]    배당 결정 공시 없음
[06:34:35] 🔍 KIND ETF 공시 확인 중... (조회기간: 2026-07-01 ~ 2026-07-02)
[06:34:35]    새로운 감시 ETF 이익분배금 공시 없음
[06:39:36] 🔍 DART 공시 확인 중... (조회기간: 20260701 ~ 20260702)
[06:39:36]    총 30건의 주요사항보고 조회됨
[06:39:36]    배당 결정 공시 없음
[06:39:37] 🔍 KIND ETF 공시 확인 중... (조회기간: 2026-07-01 ~ 2026-07-02)
[06:39:37]    새로운 감시 ETF 이익분배금 공시 없음
[06:44:37] 🔍 DART 공시 확인 중... (조회기간: 20260701 ~ 20260702)
[06:44:37]    총 30건의 주요사항보고 조회됨
[06:44:37]    배당 결정 공시 없음
[06:44:38] 🔍 KIND ETF 공시 확인 중... (조회기간: 2026-07-01 ~ 2026-07-02)
[06:44:38]    새로운 감시 ETF 이익분배금 공시 없음
[06:49:39] 🔍 DART 공시 확인 중... (조회기간: 20260701 ~ 20260702)
[06:49:39]    총 30건의 주요사항보고 조회됨
[06:49:39]    배당 결정 공시 없음
[06:49:39] 🔍 KIND ETF 공시 확인 중... (조회기간: 2026-07-01 ~ 2026-07-02)
[06:49:39]    새로운 감시 ETF 이익분배금 공시 없음
[06:54:40] 🔍 DART 공시 확인 중... (조회기간: 20260701 ~ 20260702)
[06:54:40]    총 30건의 주요사항보고 조회됨
[06:54:40]    배당 결정 공시 없음
[06:54:41] 🔍 KIND ETF 공시 확인 중... (조회기간: 2026-07-01 ~ 2026-07-02)
[06:54:41]    새로운 감시 ETF 이익분배금 공시 없음
[06:59:42] 🔍 DART 공시 확인 중... (조회기간: 20260701 ~ 20260702)
[06:59:42]    총 30건의 주요사항보고 조회됨
[06:59:42]    배당 결정 공시 없음
[06:59:43] 🔍 KIND ETF 공시 확인 중... (조회기간: 2026-07-01 ~ 2026-07-02)
[06:59:43]    새로운 감시 ETF 이익분배금 공시 없음
[07:04:43] 🔍 DART 공시 확인 중... (조회기간: 20260701 ~ 20260702)
[07:04:43]    총 30건의 주요사항보고 조회됨
[07:04:43]    배당 결정 공시 없음
[07:04:44] 🔍 KIND ETF 공시 확인 중... (조회기간: 2026-07-01 ~ 2026-07-02)
[07:04:44]    새로운 감시 ETF 이익분배금 공시 없음
[07:09:45] 🔍 DART 공시 확인 중... (조회기간: 20260701 ~ 20260702)
[07:09:45]    총 30건의 주요사항보고 조회됨
[07:09:45]    배당 결정 공시 없음
[07:09:46] 🔍 KIND ETF 공시 확인 중... (조회기간: 2026-07-01 ~ 2026-07-02)
[07:09:46]    새로운 감시 ETF 이익분배금 공시 없음
[07:14:47] 🔍 DART 공시 확인 중... (조회기간: 20260701 ~ 20260702)
[07:14:47]    총 30건의 주요사항보고 조회됨
[07:14:47]    배당 결정 공시 없음
[07:14:47] 🔍 KIND ETF 공시 확인 중... (조회기간: 2026-07-01 ~ 2026-07-02)
[07:14:47]    새로운 감시 ETF 이익분배금 공시 없음
[07:19:48] 🔍 DART 공시 확인 중... (조회기간: 20260701 ~ 20260702)
[07:19:48]    총 30건의 주요사항보고 조회됨
[07:19:48]    배당 결정 공시 없음
[07:19:49] 🔍 KIND ETF 공시 확인 중... (조회기간: 2026-07-01 ~ 2026-07-02)
[07:19:49]    새로운 감시 ETF 이익분배금 공시 없음
[07:24:50] 🔍 DART 공시 확인 중... (조회기간: 20260701 ~ 20260702)
[07:24:50]    총 30건의 주요사항보고 조회됨
[07:24:50]    배당 결정 공시 없음
[07:24:50] 🔍 KIND ETF 공시 확인 중... (조회기간: 2026-07-01 ~ 2026-07-02)
[07:24:50]    새로운 감시 ETF 이익분배금 공시 없음
[07:29:51] 🔍 DART 공시 확인 중... (조회기간: 20260701 ~ 20260702)
[07:29:51]    총 30건의 주요사항보고 조회됨
[07:29:51]    배당 결정 공시 없음
[07:29:52] 🔍 KIND ETF 공시 확인 중... (조회기간: 2026-07-01 ~ 2026-07-02)
[07:29:52]    새로운 감시 ETF 이익분배금 공시 없음
[07:34:53] 🔍 DART 공시 확인 중... (조회기간: 20260701 ~ 20260702)
[07:34:53]    총 30건의 주요사항보고 조회됨
[07:34:53]    배당 결정 공시 없음
[07:34:53] 🔍 KIND ETF 공시 확인 중... (조회기간: 2026-07-01 ~ 2026-07-02)
[07:34:53]    새로운 감시 ETF 이익분배금 공시 없음
[07:39:54] 🔍 DART 공시 확인 중... (조회기간: 20260701 ~ 20260702)
[07:39:54]    총 30건의 주요사항보고 조회됨
[07:39:54]    배당 결정 공시 없음
[07:39:55] 🔍 KIND ETF 공시 확인 중... (조회기간: 2026-07-01 ~ 2026-07-02)
[07:39:55]    새로운 감시 ETF 이익분배금 공시 없음
[07:44:56] 🔍 DART 공시 확인 중... (조회기간: 20260701 ~ 20260702)
[07:44:56]    총 30건의 주요사항보고 조회됨
[07:44:56]    배당 결정 공시 없음
[07:44:57] 🔍 KIND ETF 공시 확인 중... (조회기간: 2026-07-01 ~ 2026-07-02)
[07:44:57]    새로운 감시 ETF 이익분배금 공시 없음
[07:49:57] 🔍 DART 공시 확인 중... (조회기간: 20260701 ~ 20260702)
[07:49:57]    총 30건의 주요사항보고 조회됨
[07:49:57]    배당 결정 공시 없음
[07:49:58] 🔍 KIND ETF 공시 확인 중... (조회기간: 2026-07-01 ~ 2026-07-02)
[07:49:58]    새로운 감시 ETF 이익분배금 공시 없음
[07:54:59] 🔍 DART 공시 확인 중... (조회기간: 20260701 ~ 20260702)
[07:54:59]    총 30건의 주요사항보고 조회됨
[07:54:59]    배당 결정 공시 없음
[07:55:00] 🔍 KIND ETF 공시 확인 중... (조회기간: 2026-07-01 ~ 2026-07-02)
[07:55:00]    새로운 감시 ETF 이익분배금 공시 없음
[08:00:01] 🔍 DART 공시 확인 중... (조회기간: 20260701 ~ 20260702)
[08:00:01]    총 30건의 주요사항보고 조회됨
[08:00:01]    배당 결정 공시 없음
[08:00:01] 🔍 KIND ETF 공시 확인 중... (조회기간: 2026-07-01 ~ 2026-07-02)
[08:00:01]    새로운 감시 ETF 이익분배금 공시 없음
[08:05:02] 🔍 DART 공시 확인 중... (조회기간: 20260701 ~ 20260702)
[08:05:02]    총 30건의 주요사항보고 조회됨
[08:05:02]    배당 결정 공시 없음
[08:05:03] 🔍 KIND ETF 공시 확인 중... (조회기간: 2026-07-01 ~ 2026-07-02)
[08:05:03]    새로운 감시 ETF 이익분배금 공시 없음
[08:10:05] 🔍 DART 공시 확인 중... (조회기간: 20260701 ~ 20260702)
[08:10:05]    총 30건의 주요사항보고 조회됨
[08:10:05]    배당 결정 공시 없음
[08:10:05] 🔍 KIND ETF 공시 확인 중... (조회기간: 2026-07-01 ~ 2026-07-02)
[08:10:05]    새로운 감시 ETF 이익분배금 공시 없음
[08:15:06] 🔍 DART 공시 확인 중... (조회기간: 20260701 ~ 20260702)
[08:15:06]    총 30건의 주요사항보고 조회됨
[08:15:06]    배당 결정 공시 없음
[08:15:07] 🔍 KIND ETF 공시 확인 중... (조회기간: 2026-07-01 ~ 2026-07-02)
[08:15:07]    새로운 감시 ETF 이익분배금 공시 없음
[08:20:08] 🔍 DART 공시 확인 중... (조회기간: 20260701 ~ 20260702)
[08:20:08]    총 30건의 주요사항보고 조회됨
[08:20:08]    배당 결정 공시 없음
[08:20:08] 🔍 KIND ETF 공시 확인 중... (조회기간: 2026-07-01 ~ 2026-07-02)
[08:20:08]    새로운 감시 ETF 이익분배금 공시 없음
[08:25:09] 🔍 DART 공시 확인 중... (조회기간: 20260701 ~ 20260702)
[08:25:09]    총 30건의 주요사항보고 조회됨
[08:25:09]    배당 결정 공시 없음
[08:25:10] 🔍 KIND ETF 공시 확인 중... (조회기간: 2026-07-01 ~ 2026-07-02)
[08:25:10]    새로운 감시 ETF 이익분배금 공시 없음
[08:30:11] 🔍 DART 공시 확인 중... (조회기간: 20260701 ~ 20260702)
[08:30:11]    총 30건의 주요사항보고 조회됨
[08:30:11]    배당 결정 공시 없음
[08:30:12] 🔍 KIND ETF 공시 확인 중... (조회기간: 2026-07-01 ~ 2026-07-02)
[08:30:12]    새로운 감시 ETF 이익분배금 공시 없음
[08:35:13] 🔍 DART 공시 확인 중... (조회기간: 20260701 ~ 20260702)
[08:35:13]    총 30건의 주요사항보고 조회됨
[08:35:13]    배당 결정 공시 없음
[08:35:13] 🔍 KIND ETF 공시 확인 중... (조회기간: 2026-07-01 ~ 2026-07-02)
[08:35:13]    새로운 감시 ETF 이익분배금 공시 없음
[08:40:14] 🔍 DART 공시 확인 중... (조회기간: 20260701 ~ 20260702)
[08:40:14]    총 30건의 주요사항보고 조회됨
[08:40:14]    배당 결정 공시 없음
[08:40:15] 🔍 KIND ETF 공시 확인 중... (조회기간: 2026-07-01 ~ 2026-07-02)
[08:40:15]    새로운 감시 ETF 이익분배금 공시 없음
[08:40:16] ⏰ 아침 배당기준일 리마인드 스케줄러 기동 중...
[08:40:16] ⏰ 리마인드 스케줄러 점검 완료.
[08:45:16] 🔍 DART 공시 확인 중... (조회기간: 20260701 ~ 20260702)
[08:45:16]    총 30건의 주요사항보고 조회됨
[08:45:16]    배당 결정 공시 없음
[08:45:17] 🔍 KIND ETF 공시 확인 중... (조회기간: 2026-07-01 ~ 2026-07-02)
[08:45:17]    새로운 감시 ETF 이익분배금 공시 없음
[08:50:17] 🔍 DART 공시 확인 중... (조회기간: 20260701 ~ 20260702)
[08:50:17]    총 30건의 주요사항보고 조회됨
[08:50:17]    배당 결정 공시 없음
[08:50:18] 🔍 KIND ETF 공시 확인 중... (조회기간: 2026-07-01 ~ 2026-07-02)
[08:50:18]    새로운 감시 ETF 이익분배금 공시 없음
[08:55:19] 🔍 DART 공시 확인 중... (조회기간: 20260701 ~ 20260702)
[08:55:19]    총 30건의 주요사항보고 조회됨
[08:55:19]    배당 결정 공시 없음
[08:55:20] 🔍 KIND ETF 공시 확인 중... (조회기간: 2026-07-01 ~ 2026-07-02)
[08:55:20]    새로운 감시 ETF 이익분배금 공시 없음
[09:00:21] 🔍 DART 공시 확인 중... (조회기간: 20260701 ~ 20260702)
[09:00:21]    총 30건의 주요사항보고 조회됨
[09:00:21]    배당 결정 공시 없음
[09:00:21] 🔍 KIND ETF 공시 확인 중... (조회기간: 2026-07-01 ~ 2026-07-02)
[09:00:21]    새로운 감시 ETF 이익분배금 공시 없음
[09:05:22] 🔍 DART 공시 확인 중... (조회기간: 20260701 ~ 20260702)
[09:05:22]    총 30건의 주요사항보고 조회됨
[09:05:22]    배당 결정 공시 없음
[09:05:23] 🔍 KIND ETF 공시 확인 중... (조회기간: 2026-07-01 ~ 2026-07-02)
[09:05:23]    새로운 감시 ETF 이익분배금 공시 없음
[09:10:24] 🔍 DART 공시 확인 중... (조회기간: 20260701 ~ 20260702)
[09:10:24]    총 30건의 주요사항보고 조회됨
[09:10:24]    배당 결정 공시 없음
[09:10:25] 🔍 KIND ETF 공시 확인 중... (조회기간: 2026-07-01 ~ 2026-07-02)
[09:10:25]    새로운 감시 ETF 이익분배금 공시 없음
[09:15:26] 🔍 DART 공시 확인 중... (조회기간: 20260701 ~ 20260702)
[09:15:26]    총 30건의 주요사항보고 조회됨
[09:15:26]    배당 결정 공시 없음
[09:15:27] 🔍 KIND ETF 공시 확인 중... (조회기간: 2026-07-01 ~ 2026-07-02)
[09:15:27]    새로운 감시 ETF 이익분배금 공시 없음
[09:20:28] 🔍 DART 공시 확인 중... (조회기간: 20260701 ~ 20260702)
[09:20:28]    총 30건의 주요사항보고 조회됨
[09:20:28]    배당 결정 공시 없음
[09:20:28] 🔍 KIND ETF 공시 확인 중... (조회기간: 2026-07-01 ~ 2026-07-02)
[09:20:28]    새로운 감시 ETF 이익분배금 공시 없음
[09:25:29] 🔍 DART 공시 확인 중... (조회기간: 20260701 ~ 20260702)
[09:25:29]    총 30건의 주요사항보고 조회됨
[09:25:29]    배당 결정 공시 없음
[09:25:30] 🔍 KIND ETF 공시 확인 중... (조회기간: 2026-07-01 ~ 2026-07-02)
[09:25:30]    새로운 감시 ETF 이익분배금 공시 없음
[09:30:33] 🔍 DART 공시 확인 중... (조회기간: 20260701 ~ 20260702)
[09:30:33]    총 30건의 주요사항보고 조회됨
[09:30:33]    배당 결정 공시 없음
[09:30:34] 🔍 KIND ETF 공시 확인 중... (조회기간: 2026-07-01 ~ 2026-07-02)
[09:30:34]    새로운 감시 ETF 이익분배금 공시 없음
[09:35:35] 🔍 DART 공시 확인 중... (조회기간: 20260701 ~ 20260702)
[09:35:35]    총 30건의 주요사항보고 조회됨
[09:35:35]    배당 결정 공시 없음
[09:35:37] 🔍 KIND ETF 공시 확인 중... (조회기간: 2026-07-01 ~ 2026-07-02)
[09:35:37]    새로운 감시 ETF 이익분배금 공시 없음
[09:40:38] 🔍 DART 공시 확인 중... (조회기간: 20260701 ~ 20260702)
[09:40:38]    총 30건의 주요사항보고 조회됨
[09:40:38]    배당 결정 공시 없음
[09:40:38] 🔍 KIND ETF 공시 확인 중... (조회기간: 2026-07-01 ~ 2026-07-02)
[09:40:38]    새로운 감시 ETF 이익분배금 공시 없음
[09:45:39] 🔍 DART 공시 확인 중... (조회기간: 20260701 ~ 20260702)
[09:45:39]    총 30건의 주요사항보고 조회됨
[09:45:39]    배당 결정 공시 없음
[09:45:40] 🔍 KIND ETF 공시 확인 중... (조회기간: 2026-07-01 ~ 2026-07-02)
[09:45:40]    새로운 감시 ETF 이익분배금 공시 없음
[09:50:41] 🔍 DART 공시 확인 중... (조회기간: 20260701 ~ 20260702)
[09:50:41]    총 30건의 주요사항보고 조회됨
[09:50:41]    배당 결정 공시 없음
[09:50:42] 🔍 KIND ETF 공시 확인 중... (조회기간: 2026-07-01 ~ 2026-07-02)
[09:50:42]    새로운 감시 ETF 이익분배금 공시 없음
[09:55:43] 🔍 DART 공시 확인 중... (조회기간: 20260701 ~ 20260702)
[09:55:43]    총 30건의 주요사항보고 조회됨
[09:55:43]    배당 결정 공시 없음
[09:55:44] 🔍 KIND ETF 공시 확인 중... (조회기간: 2026-07-01 ~ 2026-07-02)
[09:55:44]    새로운 감시 ETF 이익분배금 공시 없음
[10:00:45] 🔍 DART 공시 확인 중... (조회기간: 20260701 ~ 20260702)
[10:00:45]    총 30건의 주요사항보고 조회됨
[10:00:45]    배당 결정 공시 없음
[10:00:46] 🔍 KIND ETF 공시 확인 중... (조회기간: 2026-07-01 ~ 2026-07-02)
[10:00:46]    새로운 감시 ETF 이익분배금 공시 없음
[10:05:47] 🔍 DART 공시 확인 중... (조회기간: 20260701 ~ 20260702)
[10:05:47]    총 30건의 주요사항보고 조회됨
[10:05:47]    배당 결정 공시 없음
[10:05:47] 🔍 KIND ETF 공시 확인 중... (조회기간: 2026-07-01 ~ 2026-07-02)
[10:05:47]    새로운 감시 ETF 이익분배금 공시 없음
[10:10:48] 🔍 DART 공시 확인 중... (조회기간: 20260701 ~ 20260702)
[10:10:48]    총 30건의 주요사항보고 조회됨
[10:10:48]    배당 결정 공시 없음
[10:10:49] 🔍 KIND ETF 공시 확인 중... (조회기간: 2026-07-01 ~ 2026-07-02)
[10:10:49]    새로운 감시 ETF 이익분배금 공시 없음
[10:15:50] 🔍 DART 공시 확인 중... (조회기간: 20260701 ~ 20260702)
[10:15:50]    총 30건의 주요사항보고 조회됨
[10:15:50]    배당 결정 공시 없음
[10:15:51] 🔍 KIND ETF 공시 확인 중... (조회기간: 2026-07-01 ~ 2026-07-02)
[10:15:51]    새로운 감시 ETF 이익분배금 공시 없음
[10:20:52] 🔍 DART 공시 확인 중... (조회기간: 20260701 ~ 20260702)
[10:20:52]    총 30건의 주요사항보고 조회됨
[10:20:52]    배당 결정 공시 없음
[10:20:52] 🔍 KIND ETF 공시 확인 중... (조회기간: 2026-07-01 ~ 2026-07-02)
[10:20:52]    새로운 감시 ETF 이익분배금 공시 없음
[10:25:53] 🔍 DART 공시 확인 중... (조회기간: 20260701 ~ 20260702)
[10:25:53]    총 30건의 주요사항보고 조회됨
[10:25:53]    배당 결정 공시 없음
[10:25:54] 🔍 KIND ETF 공시 확인 중... (조회기간: 2026-07-01 ~ 2026-07-02)
[10:25:54]    새로운 감시 ETF 이익분배금 공시 없음
[10:30:55] 🔍 DART 공시 확인 중... (조회기간: 20260701 ~ 20260702)
[10:30:55]    총 30건의 주요사항보고 조회됨
[10:30:55]    배당 결정 공시 없음
[10:30:56] 🔍 KIND ETF 공시 확인 중... (조회기간: 2026-07-01 ~ 2026-07-02)
[10:30:56]    새로운 감시 ETF 이익분배금 공시 없음
[10:35:57] 🔍 DART 공시 확인 중... (조회기간: 20260701 ~ 20260702)
[10:35:57]    총 30건의 주요사항보고 조회됨
[10:35:57]    배당 결정 공시 없음
[10:35:57] 🔍 KIND ETF 공시 확인 중... (조회기간: 2026-07-01 ~ 2026-07-02)
[10:35:57]    새로운 감시 ETF 이익분배금 공시 없음
[10:40:58] 🔍 DART 공시 확인 중... (조회기간: 20260701 ~ 20260702)
[10:40:58]    총 30건의 주요사항보고 조회됨
[10:40:58]    배당 결정 공시 없음
[10:40:59] 🔍 KIND ETF 공시 확인 중... (조회기간: 2026-07-01 ~ 2026-07-02)
[10:40:59]    새로운 감시 ETF 이익분배금 공시 없음
[10:46:00] 🔍 DART 공시 확인 중... (조회기간: 20260701 ~ 20260702)
[10:46:00]    총 30건의 주요사항보고 조회됨
[10:46:00]    배당 결정 공시 없음
[10:46:00] 🔍 KIND ETF 공시 확인 중... (조회기간: 2026-07-01 ~ 2026-07-02)
[10:46:00]    새로운 감시 ETF 이익분배금 공시 없음
[10:51:01] 🔍 DART 공시 확인 중... (조회기간: 20260701 ~ 20260702)
[10:51:01]    총 30건의 주요사항보고 조회됨
[10:51:01]    배당 결정 공시 없음
[10:51:02] 🔍 KIND ETF 공시 확인 중... (조회기간: 2026-07-01 ~ 2026-07-02)
[10:51:02]    새로운 감시 ETF 이익분배금 공시 없음
[10:56:03] 🔍 DART 공시 확인 중... (조회기간: 20260701 ~ 20260702)
[10:56:03]    총 30건의 주요사항보고 조회됨
[10:56:03]    배당 결정 공시 없음
[10:56:03] 🔍 KIND ETF 공시 확인 중... (조회기간: 2026-07-01 ~ 2026-07-02)
[10:56:03]    새로운 감시 ETF 이익분배금 공시 없음
[11:01:04] 🔍 DART 공시 확인 중... (조회기간: 20260701 ~ 20260702)
[11:01:04]    총 30건의 주요사항보고 조회됨
[11:01:04]    배당 결정 공시 없음
[11:01:05] 🔍 KIND ETF 공시 확인 중... (조회기간: 2026-07-01 ~ 2026-07-02)
[11:01:05]    새로운 감시 ETF 이익분배금 공시 없음
[11:06:06] 🔍 DART 공시 확인 중... (조회기간: 20260701 ~ 20260702)
[11:06:06]    총 30건의 주요사항보고 조회됨
[11:06:06]    배당 결정 공시 없음
[11:06:07] 🔍 KIND ETF 공시 확인 중... (조회기간: 2026-07-01 ~ 2026-07-02)
[11:06:07]    새로운 감시 ETF 이익분배금 공시 없음
[11:11:08] 🔍 DART 공시 확인 중... (조회기간: 20260701 ~ 20260702)
[11:11:08]    총 30건의 주요사항보고 조회됨
[11:11:08]    배당 결정 공시 없음
[11:11:09] 🔍 KIND ETF 공시 확인 중... (조회기간: 2026-07-01 ~ 2026-07-02)
[11:11:09]    새로운 감시 ETF 이익분배금 공시 없음
[11:16:10] 🔍 DART 공시 확인 중... (조회기간: 20260701 ~ 20260702)
[11:16:10]    총 30건의 주요사항보고 조회됨
[11:16:10]    배당 결정 공시 없음
[11:16:10] 🔍 KIND ETF 공시 확인 중... (조회기간: 2026-07-01 ~ 2026-07-02)
[11:16:10]    새로운 감시 ETF 이익분배금 공시 없음
[11:21:11] 🔍 DART 공시 확인 중... (조회기간: 20260701 ~ 20260702)
[11:21:11]    총 30건의 주요사항보고 조회됨
[11:21:11]    배당 결정 공시 없음
[11:21:12] 🔍 KIND ETF 공시 확인 중... (조회기간: 2026-07-01 ~ 2026-07-02)
[11:21:12]    새로운 감시 ETF 이익분배금 공시 없음
[11:26:13] 🔍 DART 공시 확인 중... (조회기간: 20260701 ~ 20260702)
[11:26:13]    총 32건의 주요사항보고 조회됨
[11:26:13]    배당 결정 공시 없음
[11:26:14] 🔍 KIND ETF 공시 확인 중... (조회기간: 2026-07-01 ~ 2026-07-02)
[11:26:14]    새로운 감시 ETF 이익분배금 공시 없음
[11:31:14] 🔍 DART 공시 확인 중... (조회기간: 20260701 ~ 20260702)
[11:31:14]    총 32건의 주요사항보고 조회됨
[11:31:14]    배당 결정 공시 없음
[11:31:16] 🔍 KIND ETF 공시 확인 중... (조회기간: 2026-07-01 ~ 2026-07-02)
[11:31:16]    새로운 감시 ETF 이익분배금 공시 없음
[11:36:16] 🔍 DART 공시 확인 중... (조회기간: 20260701 ~ 20260702)
[11:36:16]    총 32건의 주요사항보고 조회됨
[11:36:16]    배당 결정 공시 없음
[11:36:17] 🔍 KIND ETF 공시 확인 중... (조회기간: 2026-07-01 ~ 2026-07-02)
[11:36:17]    새로운 감시 ETF 이익분배금 공시 없음
[11:41:18] 🔍 DART 공시 확인 중... (조회기간: 20260701 ~ 20260702)
[11:41:18]    총 32건의 주요사항보고 조회됨
[11:41:18]    배당 결정 공시 없음
[11:41:19] 🔍 KIND ETF 공시 확인 중... (조회기간: 2026-07-01 ~ 2026-07-02)
[11:41:19]    새로운 감시 ETF 이익분배금 공시 없음
[11:46:20] 🔍 DART 공시 확인 중... (조회기간: 20260701 ~ 20260702)
[11:46:20]    총 32건의 주요사항보고 조회됨
[11:46:20]    배당 결정 공시 없음
[11:46:21] 🔍 KIND ETF 공시 확인 중... (조회기간: 2026-07-01 ~ 2026-07-02)
[11:46:21]    새로운 감시 ETF 이익분배금 공시 없음
[11:51:22] 🔍 DART 공시 확인 중... (조회기간: 20260701 ~ 20260702)
[11:51:22]    총 32건의 주요사항보고 조회됨
[11:51:22]    배당 결정 공시 없음
[11:51:22] 🔍 KIND ETF 공시 확인 중... (조회기간: 2026-07-01 ~ 2026-07-02)
[11:51:22]    새로운 감시 ETF 이익분배금 공시 없음
[11:56:23] 🔍 DART 공시 확인 중... (조회기간: 20260701 ~ 20260702)
[11:56:23]    총 32건의 주요사항보고 조회됨
[11:56:23]    배당 결정 공시 없음
[11:56:24] 🔍 KIND ETF 공시 확인 중... (조회기간: 2026-07-01 ~ 2026-07-02)
[11:56:24]    새로운 감시 ETF 이익분배금 공시 없음
[12:01:25] 🔍 DART 공시 확인 중... (조회기간: 20260701 ~ 20260702)
[12:01:25]    총 32건의 주요사항보고 조회됨
[12:01:25]    배당 결정 공시 없음
[12:01:26] 🔍 KIND ETF 공시 확인 중... (조회기간: 2026-07-01 ~ 2026-07-02)
[12:01:26]    새로운 감시 ETF 이익분배금 공시 없음
[12:06:26] 🔍 DART 공시 확인 중... (조회기간: 20260701 ~ 20260702)
[12:06:26]    총 32건의 주요사항보고 조회됨
[12:06:26]    배당 결정 공시 없음
[12:06:27] 🔍 KIND ETF 공시 확인 중... (조회기간: 2026-07-01 ~ 2026-07-02)
[12:06:27]    새로운 감시 ETF 이익분배금 공시 없음
[12:11:28] 🔍 DART 공시 확인 중... (조회기간: 20260701 ~ 20260702)
[12:11:28]    총 33건의 주요사항보고 조회됨
[12:11:28]    배당 결정 공시 없음
[12:11:29] 🔍 KIND ETF 공시 확인 중... (조회기간: 2026-07-01 ~ 2026-07-02)
[12:11:29]    새로운 감시 ETF 이익분배금 공시 없음
[12:16:30] 🔍 DART 공시 확인 중... (조회기간: 20260701 ~ 20260702)
[12:16:30]    총 33건의 주요사항보고 조회됨
[12:16:30]    배당 결정 공시 없음
[12:16:30] 🔍 KIND ETF 공시 확인 중... (조회기간: 2026-07-01 ~ 2026-07-02)
[12:16:30]    새로운 감시 ETF 이익분배금 공시 없음
[12:21:31] 🔍 DART 공시 확인 중... (조회기간: 20260701 ~ 20260702)
[12:21:31]    총 33건의 주요사항보고 조회됨
[12:21:31]    배당 결정 공시 없음
[12:21:32] 🔍 KIND ETF 공시 확인 중... (조회기간: 2026-07-01 ~ 2026-07-02)
[12:21:32]    새로운 감시 ETF 이익분배금 공시 없음
[12:26:33] 🔍 DART 공시 확인 중... (조회기간: 20260701 ~ 20260702)
[12:26:33]    총 33건의 주요사항보고 조회됨
[12:26:33]    배당 결정 공시 없음
[12:26:34] 🔍 KIND ETF 공시 확인 중... (조회기간: 2026-07-01 ~ 2026-07-02)
[12:26:34]    새로운 감시 ETF 이익분배금 공시 없음
[12:31:34] 🔍 DART 공시 확인 중... (조회기간: 20260701 ~ 20260702)
[12:31:34]    총 33건의 주요사항보고 조회됨
[12:31:34]    배당 결정 공시 없음
[12:31:35] 🔍 KIND ETF 공시 확인 중... (조회기간: 2026-07-01 ~ 2026-07-02)
[12:31:35]    새로운 감시 ETF 이익분배금 공시 없음
[12:36:36] 🔍 DART 공시 확인 중... (조회기간: 20260701 ~ 20260702)
[12:36:36]    총 33건의 주요사항보고 조회됨
[12:36:36]    배당 결정 공시 없음
[12:36:37] 🔍 KIND ETF 공시 확인 중... (조회기간: 2026-07-01 ~ 2026-07-02)
[12:36:37]    새로운 감시 ETF 이익분배금 공시 없음
[12:41:38] 🔍 DART 공시 확인 중... (조회기간: 20260701 ~ 20260702)
[12:41:38]    총 33건의 주요사항보고 조회됨
[12:41:38]    배당 결정 공시 없음
[12:41:38] 🔍 KIND ETF 공시 확인 중... (조회기간: 2026-07-01 ~ 2026-07-02)
[12:41:38]    새로운 감시 ETF 이익분배금 공시 없음
[12:46:39] 🔍 DART 공시 확인 중... (조회기간: 20260701 ~ 20260702)
[12:46:39]    총 33건의 주요사항보고 조회됨
[12:46:39]    배당 결정 공시 없음
[12:46:40] 🔍 KIND ETF 공시 확인 중... (조회기간: 2026-07-01 ~ 2026-07-02)
[12:46:40]    새로운 감시 ETF 이익분배금 공시 없음
[12:51:41] 🔍 DART 공시 확인 중... (조회기간: 20260701 ~ 20260702)
[12:51:41]    총 33건의 주요사항보고 조회됨
[12:51:41]    배당 결정 공시 없음
[12:51:42] 🔍 KIND ETF 공시 확인 중... (조회기간: 2026-07-01 ~ 2026-07-02)
[12:51:42]    새로운 감시 ETF 이익분배금 공시 없음
[12:56:43] 🔍 DART 공시 확인 중... (조회기간: 20260701 ~ 20260702)
[12:56:43]    총 33건의 주요사항보고 조회됨
[12:56:43]    배당 결정 공시 없음
[12:56:43] 🔍 KIND ETF 공시 확인 중... (조회기간: 2026-07-01 ~ 2026-07-02)
[12:56:43]    새로운 감시 ETF 이익분배금 공시 없음
[13:01:44] 🔍 DART 공시 확인 중... (조회기간: 20260701 ~ 20260702)
[13:01:44]    총 33건의 주요사항보고 조회됨
[13:01:44]    배당 결정 공시 없음
[13:01:45] 🔍 KIND ETF 공시 확인 중... (조회기간: 2026-07-01 ~ 2026-07-02)
[13:01:45]    새로운 감시 ETF 이익분배금 공시 없음
[13:06:46] 🔍 DART 공시 확인 중... (조회기간: 20260701 ~ 20260702)
[13:06:46]    총 33건의 주요사항보고 조회됨
[13:06:46]    배당 결정 공시 없음
[13:06:47] 🔍 KIND ETF 공시 확인 중... (조회기간: 2026-07-01 ~ 2026-07-02)
[13:06:47]    새로운 감시 ETF 이익분배금 공시 없음
[13:11:48] 🔍 DART 공시 확인 중... (조회기간: 20260701 ~ 20260702)
[13:11:48]    총 33건의 주요사항보고 조회됨
[13:11:48]    배당 결정 공시 없음
[13:11:48] 🔍 KIND ETF 공시 확인 중... (조회기간: 2026-07-01 ~ 2026-07-02)
[13:11:48]    새로운 감시 ETF 이익분배금 공시 없음
[13:16:49] 🔍 DART 공시 확인 중... (조회기간: 20260701 ~ 20260702)
[13:16:49]    총 33건의 주요사항보고 조회됨
[13:16:49]    배당 결정 공시 없음
[13:16:50] 🔍 KIND ETF 공시 확인 중... (조회기간: 2026-07-01 ~ 2026-07-02)
[13:16:50]    새로운 감시 ETF 이익분배금 공시 없음
[13:21:51] 🔍 DART 공시 확인 중... (조회기간: 20260701 ~ 20260702)
[13:21:51]    총 33건의 주요사항보고 조회됨
[13:21:51]    배당 결정 공시 없음
[13:21:52] 🔍 KIND ETF 공시 확인 중... (조회기간: 2026-07-01 ~ 2026-07-02)
[13:21:52]    새로운 감시 ETF 이익분배금 공시 없음
[13:26:52] 🔍 DART 공시 확인 중... (조회기간: 20260701 ~ 20260702)
[13:26:52]    총 33건의 주요사항보고 조회됨
[13:26:52]    배당 결정 공시 없음
[13:26:53] 🔍 KIND ETF 공시 확인 중... (조회기간: 2026-07-01 ~ 2026-07-02)
[13:26:53]    새로운 감시 ETF 이익분배금 공시 없음
[13:31:54] 🔍 DART 공시 확인 중... (조회기간: 20260701 ~ 20260702)
[13:31:54]    총 34건의 주요사항보고 조회됨
[13:31:54]    배당 결정 공시 없음
[13:31:55] 🔍 KIND ETF 공시 확인 중... (조회기간: 2026-07-01 ~ 2026-07-02)
[13:31:55]    새로운 감시 ETF 이익분배금 공시 없음
[13:36:55] 🔍 DART 공시 확인 중... (조회기간: 20260701 ~ 20260702)
[13:36:55]    총 34건의 주요사항보고 조회됨
[13:36:55]    배당 결정 공시 없음
[13:36:56] 🔍 KIND ETF 공시 확인 중... (조회기간: 2026-07-01 ~ 2026-07-02)
[13:36:56]    새로운 감시 ETF 이익분배금 공시 없음
[13:41:57] 🔍 DART 공시 확인 중... (조회기간: 20260701 ~ 20260702)
[13:41:57]    총 34건의 주요사항보고 조회됨
[13:41:57]    배당 결정 공시 없음
[13:41:58] 🔍 KIND ETF 공시 확인 중... (조회기간: 2026-07-01 ~ 2026-07-02)
[13:41:58]    새로운 감시 ETF 이익분배금 공시 없음
[13:46:59] 🔍 DART 공시 확인 중... (조회기간: 20260701 ~ 20260702)
[13:46:59]    총 35건의 주요사항보고 조회됨
[13:46:59]    배당 결정 공시 없음
[13:46:59] 🔍 KIND ETF 공시 확인 중... (조회기간: 2026-07-01 ~ 2026-07-02)
[13:46:59]    새로운 감시 ETF 이익분배금 공시 없음
[13:52:00] 🔍 DART 공시 확인 중... (조회기간: 20260701 ~ 20260702)
[13:52:00]    총 35건의 주요사항보고 조회됨
[13:52:00]    배당 결정 공시 없음
[13:52:01] 🔍 KIND ETF 공시 확인 중... (조회기간: 2026-07-01 ~ 2026-07-02)
[13:52:01]    새로운 감시 ETF 이익분배금 공시 없음
[13:57:02] 🔍 DART 공시 확인 중... (조회기간: 20260701 ~ 20260702)
[13:57:02]    총 35건의 주요사항보고 조회됨
[13:57:02]    배당 결정 공시 없음
[13:57:02] 🔍 KIND ETF 공시 확인 중... (조회기간: 2026-07-01 ~ 2026-07-02)
[13:57:02]    새로운 감시 ETF 이익분배금 공시 없음
[14:02:03] 🔍 DART 공시 확인 중... (조회기간: 20260701 ~ 20260702)
[14:02:03]    총 36건의 주요사항보고 조회됨
[14:02:03]    배당 결정 공시 없음
[14:02:04] 🔍 KIND ETF 공시 확인 중... (조회기간: 2026-07-01 ~ 2026-07-02)
[14:02:04]    새로운 감시 ETF 이익분배금 공시 없음
[14:07:05] 🔍 DART 공시 확인 중... (조회기간: 20260701 ~ 20260702)
[14:07:05]    총 37건의 주요사항보고 조회됨
[14:07:05]    배당 결정 공시 없음
[14:07:06] 🔍 KIND ETF 공시 확인 중... (조회기간: 2026-07-01 ~ 2026-07-02)
[14:07:06]    새로운 감시 ETF 이익분배금 공시 없음
[14:12:07] 🔍 DART 공시 확인 중... (조회기간: 20260701 ~ 20260702)
[14:12:07]    총 37건의 주요사항보고 조회됨
[14:12:07]    배당 결정 공시 없음
[14:12:07] 🔍 KIND ETF 공시 확인 중... (조회기간: 2026-07-01 ~ 2026-07-02)
[14:12:07]    새로운 감시 ETF 이익분배금 공시 없음
[14:17:08] 🔍 DART 공시 확인 중... (조회기간: 20260701 ~ 20260702)
[14:17:08]    총 37건의 주요사항보고 조회됨
[14:17:08]    배당 결정 공시 없음
[14:17:09] 🔍 KIND ETF 공시 확인 중... (조회기간: 2026-07-01 ~ 2026-07-02)
[14:17:09]    새로운 감시 ETF 이익분배금 공시 없음
[14:22:10] 🔍 DART 공시 확인 중... (조회기간: 20260701 ~ 20260702)
[14:22:10]    총 37건의 주요사항보고 조회됨
[14:22:10]    배당 결정 공시 없음
[14:22:11] 🔍 KIND ETF 공시 확인 중... (조회기간: 2026-07-01 ~ 2026-07-02)
[14:22:11]    새로운 감시 ETF 이익분배금 공시 없음
[14:27:11] 🔍 DART 공시 확인 중... (조회기간: 20260701 ~ 20260702)
[14:27:11]    총 38건의 주요사항보고 조회됨
[14:27:11]    배당 결정 공시 없음
[14:27:12] 🔍 KIND ETF 공시 확인 중... (조회기간: 2026-07-01 ~ 2026-07-02)
[14:27:12]    새로운 감시 ETF 이익분배금 공시 없음
[14:32:13] 🔍 DART 공시 확인 중... (조회기간: 20260701 ~ 20260702)
[14:32:13]    총 39건의 주요사항보고 조회됨
[14:32:13]    배당 결정 공시 없음
[14:32:14] 🔍 KIND ETF 공시 확인 중... (조회기간: 2026-07-01 ~ 2026-07-02)
[14:32:14]    새로운 감시 ETF 이익분배금 공시 없음
[14:37:14] 🔍 DART 공시 확인 중... (조회기간: 20260701 ~ 20260702)
[14:37:14]    총 40건의 주요사항보고 조회됨
[14:37:14]    배당 결정 공시 없음
[14:37:15] 🔍 KIND ETF 공시 확인 중... (조회기간: 2026-07-01 ~ 2026-07-02)
[14:37:15]    새로운 감시 ETF 이익분배금 공시 없음
[14:42:16] 🔍 DART 공시 확인 중... (조회기간: 20260701 ~ 20260702)
[14:42:16]    총 40건의 주요사항보고 조회됨
[14:42:16]    배당 결정 공시 없음
[14:42:17] 🔍 KIND ETF 공시 확인 중... (조회기간: 2026-07-01 ~ 2026-07-02)
[14:42:17]    새로운 감시 ETF 이익분배금 공시 없음
[14:47:18] 🔍 DART 공시 확인 중... (조회기간: 20260701 ~ 20260702)
[14:47:18]    총 40건의 주요사항보고 조회됨
[14:47:18]    배당 결정 공시 없음
[14:47:18] 🔍 KIND ETF 공시 확인 중... (조회기간: 2026-07-01 ~ 2026-07-02)
[14:47:18]    새로운 감시 ETF 이익분배금 공시 없음
[14:52:19] 🔍 DART 공시 확인 중... (조회기간: 20260701 ~ 20260702)
[14:52:19]    총 40건의 주요사항보고 조회됨
[14:52:19]    배당 결정 공시 없음
[14:52:20] 🔍 KIND ETF 공시 확인 중... (조회기간: 2026-07-01 ~ 2026-07-02)
[14:52:20]    새로운 감시 ETF 이익분배금 공시 없음
[14:57:21] 🔍 DART 공시 확인 중... (조회기간: 20260701 ~ 20260702)
[14:57:21]    총 41건의 주요사항보고 조회됨
[14:57:21]    배당 결정 공시 없음
[14:57:22] 🔍 KIND ETF 공시 확인 중... (조회기간: 2026-07-01 ~ 2026-07-02)
[14:57:22]    새로운 감시 ETF 이익분배금 공시 없음
[15:02:22] 🔍 DART 공시 확인 중... (조회기간: 20260701 ~ 20260702)
[15:02:22]    총 42건의 주요사항보고 조회됨
[15:02:22]    배당 결정 공시 없음
[15:02:23] 🔍 KIND ETF 공시 확인 중... (조회기간: 2026-07-01 ~ 2026-07-02)
[15:02:23]    새로운 감시 ETF 이익분배금 공시 없음
[15:07:24] 🔍 DART 공시 확인 중... (조회기간: 20260701 ~ 20260702)
[15:07:24]    총 42건의 주요사항보고 조회됨
[15:07:24]    배당 결정 공시 없음
[15:07:25] 🔍 KIND ETF 공시 확인 중... (조회기간: 2026-07-01 ~ 2026-07-02)
[15:07:25]    새로운 감시 ETF 이익분배금 공시 없음
[15:12:26] 🔍 DART 공시 확인 중... (조회기간: 20260701 ~ 20260702)
[15:12:26]    총 42건의 주요사항보고 조회됨
[15:12:26]    배당 결정 공시 없음
[15:12:26] 🔍 KIND ETF 공시 확인 중... (조회기간: 2026-07-01 ~ 2026-07-02)
[15:12:26]    새로운 감시 ETF 이익분배금 공시 없음
[15:17:27] 🔍 DART 공시 확인 중... (조회기간: 20260701 ~ 20260702)
[15:17:27]    총 43건의 주요사항보고 조회됨
[15:17:27]    배당 결정 공시 없음
[15:17:28] 🔍 KIND ETF 공시 확인 중... (조회기간: 2026-07-01 ~ 2026-07-02)
[15:17:28]    새로운 감시 ETF 이익분배금 공시 없음
[15:22:29] 🔍 DART 공시 확인 중... (조회기간: 20260701 ~ 20260702)
[15:22:29]    총 43건의 주요사항보고 조회됨
[15:22:29]    배당 결정 공시 없음
[15:22:30] 🔍 KIND ETF 공시 확인 중... (조회기간: 2026-07-01 ~ 2026-07-02)
[15:22:30]    새로운 감시 ETF 이익분배금 공시 없음
[15:27:31] 🔍 DART 공시 확인 중... (조회기간: 20260701 ~ 20260702)
[15:27:31]    총 43건의 주요사항보고 조회됨
[15:27:31]    배당 결정 공시 없음
[15:27:32] 🔍 KIND ETF 공시 확인 중... (조회기간: 2026-07-01 ~ 2026-07-02)
[15:27:32]    새로운 감시 ETF 이익분배금 공시 없음
[15:32:32] 🔍 DART 공시 확인 중... (조회기간: 20260701 ~ 20260702)
[15:32:32]    총 43건의 주요사항보고 조회됨
[15:32:32]    배당 결정 공시 없음
[15:32:33] 🔍 KIND ETF 공시 확인 중... (조회기간: 2026-07-01 ~ 2026-07-02)
[15:32:33]    새로운 감시 ETF 이익분배금 공시 없음
[15:37:34] 🔍 DART 공시 확인 중... (조회기간: 20260701 ~ 20260702)
[15:37:34]    총 43건의 주요사항보고 조회됨
[15:37:34]    배당 결정 공시 없음
[15:37:35] 🔍 KIND ETF 공시 확인 중... (조회기간: 2026-07-01 ~ 2026-07-02)
[15:37:35]    새로운 감시 ETF 이익분배금 공시 없음
[15:42:35] 🔍 DART 공시 확인 중... (조회기간: 20260701 ~ 20260702)
[15:42:35]    총 43건의 주요사항보고 조회됨
[15:42:35]    배당 결정 공시 없음
[15:42:36] 🔍 KIND ETF 공시 확인 중... (조회기간: 2026-07-01 ~ 2026-07-02)
[15:42:36]    새로운 감시 ETF 이익분배금 공시 없음
[15:47:37] 🔍 DART 공시 확인 중... (조회기간: 20260701 ~ 20260702)
[15:47:37]    총 44건의 주요사항보고 조회됨
[15:47:37]    배당 결정 공시 없음
[15:47:38] 🔍 KIND ETF 공시 확인 중... (조회기간: 2026-07-01 ~ 2026-07-02)
[15:47:38]    새로운 감시 ETF 이익분배금 공시 없음
[15:52:38] 🔍 DART 공시 확인 중... (조회기간: 20260701 ~ 20260702)
[15:52:38]    총 44건의 주요사항보고 조회됨
[15:52:38]    배당 결정 공시 없음
[15:52:39] 🔍 KIND ETF 공시 확인 중... (조회기간: 2026-07-01 ~ 2026-07-02)
[15:52:39]    새로운 감시 ETF 이익분배금 공시 없음
[15:57:40] 🔍 DART 공시 확인 중... (조회기간: 20260701 ~ 20260702)
[15:57:40]    총 44건의 주요사항보고 조회됨
[15:57:40]    배당 결정 공시 없음
[15:57:41] 🔍 KIND ETF 공시 확인 중... (조회기간: 2026-07-01 ~ 2026-07-02)
[15:57:41]    새로운 감시 ETF 이익분배금 공시 없음
[16:02:41] 🔍 DART 공시 확인 중... (조회기간: 20260701 ~ 20260702)
[16:02:41]    총 45건의 주요사항보고 조회됨
[16:02:41]    배당 결정 공시 없음
[16:02:42] 🔍 KIND ETF 공시 확인 중... (조회기간: 2026-07-01 ~ 2026-07-02)
[16:02:42]    새로운 감시 ETF 이익분배금 공시 없음
[16:07:43] 🔍 DART 공시 확인 중... (조회기간: 20260701 ~ 20260702)
[16:07:43]    총 46건의 주요사항보고 조회됨
[16:07:43]    배당 결정 공시 없음
[16:07:44] 🔍 KIND ETF 공시 확인 중... (조회기간: 2026-07-01 ~ 2026-07-02)
[16:07:44]    새로운 감시 ETF 이익분배금 공시 없음
[16:12:45] 🔍 DART 공시 확인 중... (조회기간: 20260701 ~ 20260702)
[16:12:45]    총 46건의 주요사항보고 조회됨
[16:12:45]    배당 결정 공시 없음
[16:12:45] 🔍 KIND ETF 공시 확인 중... (조회기간: 2026-07-01 ~ 2026-07-02)
[16:12:45]    새로운 감시 ETF 이익분배금 공시 없음
[16:17:46] 🔍 DART 공시 확인 중... (조회기간: 20260701 ~ 20260702)
[16:17:46]    총 47건의 주요사항보고 조회됨
[16:17:46]    배당 결정 공시 없음
[16:17:47] 🔍 KIND ETF 공시 확인 중... (조회기간: 2026-07-01 ~ 2026-07-02)
[16:17:47]    새로운 감시 ETF 이익분배금 공시 없음
[16:22:48] 🔍 DART 공시 확인 중... (조회기간: 20260701 ~ 20260702)
[16:22:48]    총 48건의 주요사항보고 조회됨
[16:22:48]    배당 결정 공시 없음
[16:22:49] 🔍 KIND ETF 공시 확인 중... (조회기간: 2026-07-01 ~ 2026-07-02)
[16:22:49]    새로운 감시 ETF 이익분배금 공시 없음
[16:27:49] 🔍 DART 공시 확인 중... (조회기간: 20260701 ~ 20260702)
[16:27:49]    총 49건의 주요사항보고 조회됨
[16:27:49]    배당 결정 공시 없음
[16:27:50] 🔍 KIND ETF 공시 확인 중... (조회기간: 2026-07-01 ~ 2026-07-02)
[16:27:50]    새로운 감시 ETF 이익분배금 공시 없음
[16:32:51] 🔍 DART 공시 확인 중... (조회기간: 20260701 ~ 20260702)
[16:32:51]    총 49건의 주요사항보고 조회됨
[16:32:51]    배당 결정 공시 없음
[16:32:52] 🔍 KIND ETF 공시 확인 중... (조회기간: 2026-07-01 ~ 2026-07-02)
[16:32:52]    새로운 감시 ETF 이익분배금 공시 없음
[16:37:52] 🔍 DART 공시 확인 중... (조회기간: 20260701 ~ 20260702)
[16:37:52]    총 49건의 주요사항보고 조회됨
[16:37:52]    배당 결정 공시 없음
[16:37:53] 🔍 KIND ETF 공시 확인 중... (조회기간: 2026-07-01 ~ 2026-07-02)
[16:37:53]    새로운 감시 ETF 이익분배금 공시 없음
[16:42:54] 🔍 DART 공시 확인 중... (조회기간: 20260701 ~ 20260702)
[16:42:54]    총 50건의 주요사항보고 조회됨
[16:42:54]    배당 결정 공시 없음
[16:42:54] 🔍 KIND ETF 공시 확인 중... (조회기간: 2026-07-01 ~ 2026-07-02)
[16:42:54]    새로운 감시 ETF 이익분배금 공시 없음
[16:47:55] 🔍 DART 공시 확인 중... (조회기간: 20260701 ~ 20260702)
[16:47:55]    총 50건의 주요사항보고 조회됨
[16:47:55]    배당 결정 공시 없음
[16:47:56] 🔍 KIND ETF 공시 확인 중... (조회기간: 2026-07-01 ~ 2026-07-02)
[16:47:56]    새로운 감시 ETF 이익분배금 공시 없음
[16:52:57] 🔍 DART 공시 확인 중... (조회기간: 20260701 ~ 20260702)
[16:52:57]    총 50건의 주요사항보고 조회됨
[16:52:57]    배당 결정 공시 없음
[16:52:58] 🔍 KIND ETF 공시 확인 중... (조회기간: 2026-07-01 ~ 2026-07-02)
[16:52:58]    새로운 감시 ETF 이익분배금 공시 없음
[16:57:59] 🔍 DART 공시 확인 중... (조회기간: 20260701 ~ 20260702)
[16:57:59]    총 51건의 주요사항보고 조회됨
[16:57:59]    배당 결정 공시 없음
[16:57:59] 🔍 KIND ETF 공시 확인 중... (조회기간: 2026-07-01 ~ 2026-07-02)
[16:57:59]    새로운 감시 ETF 이익분배금 공시 없음
[17:03:00] 🔍 DART 공시 확인 중... (조회기간: 20260701 ~ 20260702)
[17:03:00]    총 51건의 주요사항보고 조회됨
[17:03:00]    배당 결정 공시 없음
[17:03:01] 🔍 KIND ETF 공시 확인 중... (조회기간: 2026-07-01 ~ 2026-07-02)
[17:03:01]    새로운 감시 ETF 이익분배금 공시 없음
[17:08:02] 🔍 DART 공시 확인 중... (조회기간: 20260701 ~ 20260702)
[17:08:02]    총 51건의 주요사항보고 조회됨
[17:08:02]    배당 결정 공시 없음
[17:08:03] 🔍 KIND ETF 공시 확인 중... (조회기간: 2026-07-01 ~ 2026-07-02)
[17:08:03]    새로운 감시 ETF 이익분배금 공시 없음
[17:13:03] 🔍 DART 공시 확인 중... (조회기간: 20260701 ~ 20260702)
[17:13:03]    총 51건의 주요사항보고 조회됨
[17:13:03]    배당 결정 공시 없음
[17:13:04] 🔍 KIND ETF 공시 확인 중... (조회기간: 2026-07-01 ~ 2026-07-02)
[17:13:04]    새로운 감시 ETF 이익분배금 공시 없음
[17:18:05] 🔍 DART 공시 확인 중... (조회기간: 20260701 ~ 20260702)
[17:18:05]    총 51건의 주요사항보고 조회됨
[17:18:05]    배당 결정 공시 없음
[17:18:06] 🔍 KIND ETF 공시 확인 중... (조회기간: 2026-07-01 ~ 2026-07-02)
[17:18:06]    새로운 감시 ETF 이익분배금 공시 없음
[17:23:07] 🔍 DART 공시 확인 중... (조회기간: 20260701 ~ 20260702)
[17:23:07]    총 51건의 주요사항보고 조회됨
[17:23:07]    배당 결정 공시 없음
[17:23:08] 🔍 KIND ETF 공시 확인 중... (조회기간: 2026-07-01 ~ 2026-07-02)
[17:23:08]    새로운 감시 ETF 이익분배금 공시 없음
[17:28:08] 🔍 DART 공시 확인 중... (조회기간: 20260701 ~ 20260702)
[17:28:08]    총 51건의 주요사항보고 조회됨
[17:28:08]    배당 결정 공시 없음
[17:28:09] 🔍 KIND ETF 공시 확인 중... (조회기간: 2026-07-01 ~ 2026-07-02)
[17:28:09]    새로운 감시 ETF 이익분배금 공시 없음
[17:33:10] 🔍 DART 공시 확인 중... (조회기간: 20260701 ~ 20260702)
[17:33:10]    총 51건의 주요사항보고 조회됨
[17:33:10]    배당 결정 공시 없음
[17:33:11] 🔍 KIND ETF 공시 확인 중... (조회기간: 2026-07-01 ~ 2026-07-02)
[17:33:11]    새로운 감시 ETF 이익분배금 공시 없음
[17:38:11] 🔍 DART 공시 확인 중... (조회기간: 20260701 ~ 20260702)
[17:38:11]    총 53건의 주요사항보고 조회됨
[17:38:11]    배당 결정 공시 없음
[17:38:12] 🔍 KIND ETF 공시 확인 중... (조회기간: 2026-07-01 ~ 2026-07-02)
[17:38:12]    새로운 감시 ETF 이익분배금 공시 없음
[17:43:13] 🔍 DART 공시 확인 중... (조회기간: 20260701 ~ 20260702)
[17:43:13]    총 54건의 주요사항보고 조회됨
[17:43:13]    배당 결정 공시 없음
[17:43:14] 🔍 KIND ETF 공시 확인 중... (조회기간: 2026-07-01 ~ 2026-07-02)
[17:43:14]    새로운 감시 ETF 이익분배금 공시 없음
[17:48:15] 🔍 DART 공시 확인 중... (조회기간: 20260701 ~ 20260702)
[17:48:15]    총 55건의 주요사항보고 조회됨
[17:48:15]    배당 결정 공시 없음
[17:48:15] 🔍 KIND ETF 공시 확인 중... (조회기간: 2026-07-01 ~ 2026-07-02)
[17:48:15]    새로운 감시 ETF 이익분배금 공시 없음
[17:53:16] 🔍 DART 공시 확인 중... (조회기간: 20260701 ~ 20260702)
[17:53:16]    총 56건의 주요사항보고 조회됨
[17:53:16]    배당 결정 공시 없음
[17:53:17] 🔍 KIND ETF 공시 확인 중... (조회기간: 2026-07-01 ~ 2026-07-02)
[17:53:17]    새로운 감시 ETF 이익분배금 공시 없음
[17:58:18] 🔍 DART 공시 확인 중... (조회기간: 20260701 ~ 20260702)
[17:58:18]    총 58건의 주요사항보고 조회됨
[17:58:18]    배당 결정 공시 없음
[17:58:19] 🔍 KIND ETF 공시 확인 중... (조회기간: 2026-07-01 ~ 2026-07-02)
[17:58:19]    새로운 감시 ETF 이익분배금 공시 없음
[18:03:19] 🔍 DART 공시 확인 중... (조회기간: 20260701 ~ 20260702)
[18:03:19]    총 58건의 주요사항보고 조회됨
[18:03:19]    배당 결정 공시 없음
[18:03:20] 🔍 KIND ETF 공시 확인 중... (조회기간: 2026-07-01 ~ 2026-07-02)
[18:03:20]    새로운 감시 ETF 이익분배금 공시 없음
[18:08:21] 🔍 DART 공시 확인 중... (조회기간: 20260701 ~ 20260702)
[18:08:21]    총 58건의 주요사항보고 조회됨
[18:08:21]    배당 결정 공시 없음
[18:08:22] 🔍 KIND ETF 공시 확인 중... (조회기간: 2026-07-01 ~ 2026-07-02)
[18:08:22]    새로운 감시 ETF 이익분배금 공시 없음
[18:13:22] 🔍 DART 공시 확인 중... (조회기간: 20260701 ~ 20260702)
[18:13:22]    총 58건의 주요사항보고 조회됨
[18:13:22]    배당 결정 공시 없음
[18:13:23] 🔍 KIND ETF 공시 확인 중... (조회기간: 2026-07-01 ~ 2026-07-02)
[18:13:23]    새로운 감시 ETF 이익분배금 공시 없음
[18:18:24] 🔍 DART 공시 확인 중... (조회기간: 20260701 ~ 20260702)
[18:18:24]    총 58건의 주요사항보고 조회됨
[18:18:24]    배당 결정 공시 없음
[18:18:25] 🔍 KIND ETF 공시 확인 중... (조회기간: 2026-07-01 ~ 2026-07-02)
[18:18:25]    새로운 감시 ETF 이익분배금 공시 없음
[18:23:26] 🔍 DART 공시 확인 중... (조회기간: 20260701 ~ 20260702)
[18:23:26]    총 58건의 주요사항보고 조회됨
[18:23:26]    배당 결정 공시 없음
[18:23:26] 🔍 KIND ETF 공시 확인 중... (조회기간: 2026-07-01 ~ 2026-07-02)
[18:23:26]    새로운 감시 ETF 이익분배금 공시 없음
[18:28:27] 🔍 DART 공시 확인 중... (조회기간: 20260701 ~ 20260702)
[18:28:27]    총 58건의 주요사항보고 조회됨
[18:28:27]    배당 결정 공시 없음
[18:28:28] 🔍 KIND ETF 공시 확인 중... (조회기간: 2026-07-01 ~ 2026-07-02)
[18:28:28]    새로운 감시 ETF 이익분배금 공시 없음
[18:33:29] 🔍 DART 공시 확인 중... (조회기간: 20260701 ~ 20260702)
[18:33:29]    총 58건의 주요사항보고 조회됨
[18:33:29]    배당 결정 공시 없음
[18:33:29] 🔍 KIND ETF 공시 확인 중... (조회기간: 2026-07-01 ~ 2026-07-02)
[18:33:29]    새로운 감시 ETF 이익분배금 공시 없음
[18:38:30] 🔍 DART 공시 확인 중... (조회기간: 20260701 ~ 20260702)
[18:38:30]    총 58건의 주요사항보고 조회됨
[18:38:30]    배당 결정 공시 없음
[18:38:31] 🔍 KIND ETF 공시 확인 중... (조회기간: 2026-07-01 ~ 2026-07-02)
[18:38:31]    새로운 감시 ETF 이익분배금 공시 없음
[18:43:32] 🔍 DART 공시 확인 중... (조회기간: 20260701 ~ 20260702)
[18:43:32]    총 58건의 주요사항보고 조회됨
[18:43:32]    배당 결정 공시 없음
[18:43:33] 🔍 KIND ETF 공시 확인 중... (조회기간: 2026-07-01 ~ 2026-07-02)
[18:43:33]    새로운 감시 ETF 이익분배금 공시 없음
[18:48:33] 🔍 DART 공시 확인 중... (조회기간: 20260701 ~ 20260702)
[18:48:33]    총 58건의 주요사항보고 조회됨
[18:48:33]    배당 결정 공시 없음
[18:48:34] 🔍 KIND ETF 공시 확인 중... (조회기간: 2026-07-01 ~ 2026-07-02)
[18:48:34]    새로운 감시 ETF 이익분배금 공시 없음
[18:53:35] 🔍 DART 공시 확인 중... (조회기간: 20260701 ~ 20260702)
[18:53:35]    총 58건의 주요사항보고 조회됨
[18:53:35]    배당 결정 공시 없음
[18:53:36] 🔍 KIND ETF 공시 확인 중... (조회기간: 2026-07-01 ~ 2026-07-02)
[18:53:36]    새로운 감시 ETF 이익분배금 공시 없음
[18:58:36] 🔍 DART 공시 확인 중... (조회기간: 20260701 ~ 20260702)
[18:58:36]    총 58건의 주요사항보고 조회됨
[18:58:36]    배당 결정 공시 없음
[18:58:37] 🔍 KIND ETF 공시 확인 중... (조회기간: 2026-07-01 ~ 2026-07-02)
[18:58:37]    새로운 감시 ETF 이익분배금 공시 없음
[19:03:38] 🔍 DART 공시 확인 중... (조회기간: 20260701 ~ 20260702)
[19:03:38]    총 58건의 주요사항보고 조회됨
[19:03:38]    배당 결정 공시 없음
[19:03:39] 🔍 KIND ETF 공시 확인 중... (조회기간: 2026-07-01 ~ 2026-07-02)
[19:03:39]    새로운 감시 ETF 이익분배금 공시 없음
[19:08:39] 🔍 DART 공시 확인 중... (조회기간: 20260701 ~ 20260702)
[19:08:39]    총 58건의 주요사항보고 조회됨
[19:08:39]    배당 결정 공시 없음
[19:08:40] 🔍 KIND ETF 공시 확인 중... (조회기간: 2026-07-01 ~ 2026-07-02)
[19:08:40]    새로운 감시 ETF 이익분배금 공시 없음
[19:13:41] 🔍 DART 공시 확인 중... (조회기간: 20260701 ~ 20260702)
[19:13:41]    총 58건의 주요사항보고 조회됨
[19:13:41]    배당 결정 공시 없음
[19:13:42] 🔍 KIND ETF 공시 확인 중... (조회기간: 2026-07-01 ~ 2026-07-02)
[19:13:42]    새로운 감시 ETF 이익분배금 공시 없음
[19:18:43] 🔍 DART 공시 확인 중... (조회기간: 20260701 ~ 20260702)
[19:18:43]    총 58건의 주요사항보고 조회됨
[19:18:43]    배당 결정 공시 없음
[19:18:43] 🔍 KIND ETF 공시 확인 중... (조회기간: 2026-07-01 ~ 2026-07-02)
[19:18:43]    새로운 감시 ETF 이익분배금 공시 없음
[19:23:44] 🔍 DART 공시 확인 중... (조회기간: 20260701 ~ 20260702)
[19:23:44]    총 58건의 주요사항보고 조회됨
[19:23:44]    배당 결정 공시 없음
[19:23:45] 🔍 KIND ETF 공시 확인 중... (조회기간: 2026-07-01 ~ 2026-07-02)
[19:23:45]    새로운 감시 ETF 이익분배금 공시 없음
[19:28:46] 🔍 DART 공시 확인 중... (조회기간: 20260701 ~ 20260702)
[19:28:46]    총 58건의 주요사항보고 조회됨
[19:28:46]    배당 결정 공시 없음
[19:28:46] 🔍 KIND ETF 공시 확인 중... (조회기간: 2026-07-01 ~ 2026-07-02)
[19:28:46]    새로운 감시 ETF 이익분배금 공시 없음
[19:33:47] 🔍 DART 공시 확인 중... (조회기간: 20260701 ~ 20260702)
[19:33:47]    총 58건의 주요사항보고 조회됨
[19:33:47]    배당 결정 공시 없음
[19:33:48] 🔍 KIND ETF 공시 확인 중... (조회기간: 2026-07-01 ~ 2026-07-02)
[19:33:48]    새로운 감시 ETF 이익분배금 공시 없음
[19:38:49] 🔍 DART 공시 확인 중... (조회기간: 20260701 ~ 20260702)
[19:38:49]    총 58건의 주요사항보고 조회됨
[19:38:49]    배당 결정 공시 없음
[19:38:50] 🔍 KIND ETF 공시 확인 중... (조회기간: 2026-07-01 ~ 2026-07-02)
[19:38:50]    새로운 감시 ETF 이익분배금 공시 없음
[19:43:50] 🔍 DART 공시 확인 중... (조회기간: 20260701 ~ 20260702)
[19:43:50]    총 58건의 주요사항보고 조회됨
[19:43:50]    배당 결정 공시 없음
[19:43:51] 🔍 KIND ETF 공시 확인 중... (조회기간: 2026-07-01 ~ 2026-07-02)
[19:43:51]    새로운 감시 ETF 이익분배금 공시 없음
[19:48:52] 🔍 DART 공시 확인 중... (조회기간: 20260701 ~ 20260702)
[19:48:52]    총 58건의 주요사항보고 조회됨
[19:48:52]    배당 결정 공시 없음
[19:48:53] 🔍 KIND ETF 공시 확인 중... (조회기간: 2026-07-01 ~ 2026-07-02)
[19:48:53]    새로운 감시 ETF 이익분배금 공시 없음
[19:53:53] 🔍 DART 공시 확인 중... (조회기간: 20260701 ~ 20260702)
[19:53:53]    총 58건의 주요사항보고 조회됨
[19:53:53]    배당 결정 공시 없음
[19:53:54] 🔍 KIND ETF 공시 확인 중... (조회기간: 2026-07-01 ~ 2026-07-02)
[19:53:54]    새로운 감시 ETF 이익분배금 공시 없음
[19:58:55] 🔍 DART 공시 확인 중... (조회기간: 20260701 ~ 20260702)
[19:58:55]    총 58건의 주요사항보고 조회됨
[19:58:55]    배당 결정 공시 없음
[19:58:56] 🔍 KIND ETF 공시 확인 중... (조회기간: 2026-07-01 ~ 2026-07-02)
[19:58:56]    새로운 감시 ETF 이익분배금 공시 없음
[20:03:56] 🔍 DART 공시 확인 중... (조회기간: 20260701 ~ 20260702)
[20:03:56]    총 58건의 주요사항보고 조회됨
[20:03:56]    배당 결정 공시 없음
[20:03:57] 🔍 KIND ETF 공시 확인 중... (조회기간: 2026-07-01 ~ 2026-07-02)
[20:03:57]    새로운 감시 ETF 이익분배금 공시 없음
[20:08:58] 🔍 DART 공시 확인 중... (조회기간: 20260701 ~ 20260702)
[20:08:58]    총 58건의 주요사항보고 조회됨
[20:08:58]    배당 결정 공시 없음
[20:08:59] 🔍 KIND ETF 공시 확인 중... (조회기간: 2026-07-01 ~ 2026-07-02)
[20:08:59]    새로운 감시 ETF 이익분배금 공시 없음
[20:14:00] 🔍 DART 공시 확인 중... (조회기간: 20260701 ~ 20260702)
[20:14:00]    총 58건의 주요사항보고 조회됨
[20:14:00]    배당 결정 공시 없음
[20:14:01] 🔍 KIND ETF 공시 확인 중... (조회기간: 2026-07-01 ~ 2026-07-02)
[20:14:01]    새로운 감시 ETF 이익분배금 공시 없음
[20:19:02] 🔍 DART 공시 확인 중... (조회기간: 20260701 ~ 20260702)
[20:19:02]    총 58건의 주요사항보고 조회됨
[20:19:02]    배당 결정 공시 없음
[20:19:02] 🔍 KIND ETF 공시 확인 중... (조회기간: 2026-07-01 ~ 2026-07-02)
[20:19:02]    새로운 감시 ETF 이익분배금 공시 없음
[20:24:03] 🔍 DART 공시 확인 중... (조회기간: 20260701 ~ 20260702)
[20:24:03]    총 58건의 주요사항보고 조회됨
[20:24:03]    배당 결정 공시 없음
[20:24:04] 🔍 KIND ETF 공시 확인 중... (조회기간: 2026-07-01 ~ 2026-07-02)
[20:24:04]    새로운 감시 ETF 이익분배금 공시 없음
[20:29:05] 🔍 DART 공시 확인 중... (조회기간: 20260701 ~ 20260702)
[20:29:05]    총 58건의 주요사항보고 조회됨
[20:29:05]    배당 결정 공시 없음
[20:29:05] 🔍 KIND ETF 공시 확인 중... (조회기간: 2026-07-01 ~ 2026-07-02)
[20:29:05]    새로운 감시 ETF 이익분배금 공시 없음
[20:34:06] 🔍 DART 공시 확인 중... (조회기간: 20260701 ~ 20260702)
[20:34:06]    총 58건의 주요사항보고 조회됨
[20:34:06]    배당 결정 공시 없음
[20:34:07] 🔍 KIND ETF 공시 확인 중... (조회기간: 2026-07-01 ~ 2026-07-02)
[20:34:07]    새로운 감시 ETF 이익분배금 공시 없음
[20:39:08] 🔍 DART 공시 확인 중... (조회기간: 20260701 ~ 20260702)
[20:39:08]    총 58건의 주요사항보고 조회됨
[20:39:08]    배당 결정 공시 없음
[20:39:09] 🔍 KIND ETF 공시 확인 중... (조회기간: 2026-07-01 ~ 2026-07-02)
[20:39:09]    새로운 감시 ETF 이익분배금 공시 없음
[20:44:09] 🔍 DART 공시 확인 중... (조회기간: 20260701 ~ 20260702)
[20:44:09]    총 58건의 주요사항보고 조회됨
[20:44:09]    배당 결정 공시 없음
[20:44:10] 🔍 KIND ETF 공시 확인 중... (조회기간: 2026-07-01 ~ 2026-07-02)
[20:44:10]    새로운 감시 ETF 이익분배금 공시 없음
[20:49:11] 🔍 DART 공시 확인 중... (조회기간: 20260701 ~ 20260702)
[20:49:11]    총 58건의 주요사항보고 조회됨
[20:49:11]    배당 결정 공시 없음
[20:49:11] 🔍 KIND ETF 공시 확인 중... (조회기간: 2026-07-01 ~ 2026-07-02)
[20:49:11]    새로운 감시 ETF 이익분배금 공시 없음
[20:54:12] 🔍 DART 공시 확인 중... (조회기간: 20260701 ~ 20260702)
[20:54:12]    총 58건의 주요사항보고 조회됨
[20:54:12]    배당 결정 공시 없음
[20:54:13] 🔍 KIND ETF 공시 확인 중... (조회기간: 2026-07-01 ~ 2026-07-02)
[20:54:13]    새로운 감시 ETF 이익분배금 공시 없음
[20:59:14] 🔍 DART 공시 확인 중... (조회기간: 20260701 ~ 20260702)
[20:59:14]    총 58건의 주요사항보고 조회됨
[20:59:14]    배당 결정 공시 없음
[20:59:15] 🔍 KIND ETF 공시 확인 중... (조회기간: 2026-07-01 ~ 2026-07-02)
[20:59:15]    새로운 감시 ETF 이익분배금 공시 없음
[21:04:16] 🔍 DART 공시 확인 중... (조회기간: 20260701 ~ 20260702)
[21:04:16]    총 58건의 주요사항보고 조회됨
[21:04:16]    배당 결정 공시 없음
[21:04:17] 🔍 KIND ETF 공시 확인 중... (조회기간: 2026-07-01 ~ 2026-07-02)
[21:04:17]    새로운 감시 ETF 이익분배금 공시 없음
[21:09:17] 🔍 DART 공시 확인 중... (조회기간: 20260701 ~ 20260702)
[21:09:17]    총 58건의 주요사항보고 조회됨
[21:09:17]    배당 결정 공시 없음
[21:09:18] 🔍 KIND ETF 공시 확인 중... (조회기간: 2026-07-01 ~ 2026-07-02)
[21:09:18]    새로운 감시 ETF 이익분배금 공시 없음
[21:14:19] 🔍 DART 공시 확인 중... (조회기간: 20260701 ~ 20260702)
[21:14:19]    총 58건의 주요사항보고 조회됨
[21:14:19]    배당 결정 공시 없음
[21:14:20] 🔍 KIND ETF 공시 확인 중... (조회기간: 2026-07-01 ~ 2026-07-02)
[21:14:20]    새로운 감시 ETF 이익분배금 공시 없음
[21:19:21] 🔍 DART 공시 확인 중... (조회기간: 20260701 ~ 20260702)
[21:19:21]    총 58건의 주요사항보고 조회됨
[21:19:21]    배당 결정 공시 없음
[21:19:22] 🔍 KIND ETF 공시 확인 중... (조회기간: 2026-07-01 ~ 2026-07-02)
[21:19:22]    새로운 감시 ETF 이익분배금 공시 없음
[21:24:22] 🔍 DART 공시 확인 중... (조회기간: 20260701 ~ 20260702)
[21:24:22]    총 58건의 주요사항보고 조회됨
[21:24:22]    배당 결정 공시 없음
[21:24:23] 🔍 KIND ETF 공시 확인 중... (조회기간: 2026-07-01 ~ 2026-07-02)
[21:24:23]    새로운 감시 ETF 이익분배금 공시 없음
[21:29:24] 🔍 DART 공시 확인 중... (조회기간: 20260701 ~ 20260702)
[21:29:24]    총 58건의 주요사항보고 조회됨
[21:29:24]    배당 결정 공시 없음
[21:29:25] 🔍 KIND ETF 공시 확인 중... (조회기간: 2026-07-01 ~ 2026-07-02)
[21:29:25]    새로운 감시 ETF 이익분배금 공시 없음
[21:34:25] 🔍 DART 공시 확인 중... (조회기간: 20260701 ~ 20260702)
[21:34:25]    총 58건의 주요사항보고 조회됨
[21:34:25]    배당 결정 공시 없음
[21:34:26] 🔍 KIND ETF 공시 확인 중... (조회기간: 2026-07-01 ~ 2026-07-02)
[21:34:26]    새로운 감시 ETF 이익분배금 공시 없음
[21:39:27] 🔍 DART 공시 확인 중... (조회기간: 20260701 ~ 20260702)
[21:39:27]    총 58건의 주요사항보고 조회됨
[21:39:27]    배당 결정 공시 없음
[21:39:28] 🔍 KIND ETF 공시 확인 중... (조회기간: 2026-07-01 ~ 2026-07-02)
[21:39:28]    새로운 감시 ETF 이익분배금 공시 없음
[21:44:29] 🔍 DART 공시 확인 중... (조회기간: 20260701 ~ 20260702)
[21:44:29]    총 58건의 주요사항보고 조회됨
[21:44:29]    배당 결정 공시 없음
[21:44:29] 🔍 KIND ETF 공시 확인 중... (조회기간: 2026-07-01 ~ 2026-07-02)
[21:44:29]    새로운 감시 ETF 이익분배금 공시 없음
[21:49:30] 🔍 DART 공시 확인 중... (조회기간: 20260701 ~ 20260702)
[21:49:30]    총 58건의 주요사항보고 조회됨
[21:49:30]    배당 결정 공시 없음
[21:49:31] 🔍 KIND ETF 공시 확인 중... (조회기간: 2026-07-01 ~ 2026-07-02)
[21:49:31]    새로운 감시 ETF 이익분배금 공시 없음
[21:54:31] 🔍 DART 공시 확인 중... (조회기간: 20260701 ~ 20260702)
[21:54:31]    총 58건의 주요사항보고 조회됨
[21:54:31]    배당 결정 공시 없음
[21:54:32] 🔍 KIND ETF 공시 확인 중... (조회기간: 2026-07-01 ~ 2026-07-02)
[21:54:32]    새로운 감시 ETF 이익분배금 공시 없음
[21:59:33] 🔍 DART 공시 확인 중... (조회기간: 20260701 ~ 20260702)
[21:59:33]    총 58건의 주요사항보고 조회됨
[21:59:33]    배당 결정 공시 없음
[21:59:34] 🔍 KIND ETF 공시 확인 중... (조회기간: 2026-07-01 ~ 2026-07-02)
[21:59:34]    새로운 감시 ETF 이익분배금 공시 없음
[22:04:35] 🔍 DART 공시 확인 중... (조회기간: 20260701 ~ 20260702)
[22:04:35]    총 58건의 주요사항보고 조회됨
[22:04:35]    배당 결정 공시 없음
[22:04:35] 🔍 KIND ETF 공시 확인 중... (조회기간: 2026-07-01 ~ 2026-07-02)
[22:04:35]    새로운 감시 ETF 이익분배금 공시 없음
[22:09:36] 🔍 DART 공시 확인 중... (조회기간: 20260701 ~ 20260702)
[22:09:36]    총 58건의 주요사항보고 조회됨
[22:09:36]    배당 결정 공시 없음
[22:09:37] 🔍 KIND ETF 공시 확인 중... (조회기간: 2026-07-01 ~ 2026-07-02)
[22:09:37]    새로운 감시 ETF 이익분배금 공시 없음
[22:14:38] 🔍 DART 공시 확인 중... (조회기간: 20260701 ~ 20260702)
[22:14:38]    총 58건의 주요사항보고 조회됨
[22:14:38]    배당 결정 공시 없음
[22:14:39] 🔍 KIND ETF 공시 확인 중... (조회기간: 2026-07-01 ~ 2026-07-02)
[22:14:39]    새로운 감시 ETF 이익분배금 공시 없음
[22:19:40] 🔍 DART 공시 확인 중... (조회기간: 20260701 ~ 20260702)
[22:19:40]    총 58건의 주요사항보고 조회됨
[22:19:40]    배당 결정 공시 없음
[22:19:41] 🔍 KIND ETF 공시 확인 중... (조회기간: 2026-07-01 ~ 2026-07-02)
[22:19:41]    새로운 감시 ETF 이익분배금 공시 없음
[22:24:41] 🔍 DART 공시 확인 중... (조회기간: 20260701 ~ 20260702)
[22:24:41]    총 58건의 주요사항보고 조회됨
[22:24:41]    배당 결정 공시 없음
[22:24:42] 🔍 KIND ETF 공시 확인 중... (조회기간: 2026-07-01 ~ 2026-07-02)
[22:24:42]    새로운 감시 ETF 이익분배금 공시 없음
[22:29:43] 🔍 DART 공시 확인 중... (조회기간: 20260701 ~ 20260702)
[22:29:43]    총 58건의 주요사항보고 조회됨
[22:29:43]    배당 결정 공시 없음
[22:29:44] 🔍 KIND ETF 공시 확인 중... (조회기간: 2026-07-01 ~ 2026-07-02)
[22:29:44]    새로운 감시 ETF 이익분배금 공시 없음
[22:34:44] 🔍 DART 공시 확인 중... (조회기간: 20260701 ~ 20260702)
[22:34:44]    총 58건의 주요사항보고 조회됨
[22:34:44]    배당 결정 공시 없음
[22:34:45] 🔍 KIND ETF 공시 확인 중... (조회기간: 2026-07-01 ~ 2026-07-02)
[22:34:45]    새로운 감시 ETF 이익분배금 공시 없음
[22:39:46] 🔍 DART 공시 확인 중... (조회기간: 20260701 ~ 20260702)
[22:39:46]    총 58건의 주요사항보고 조회됨
[22:39:46]    배당 결정 공시 없음
[22:39:47] 🔍 KIND ETF 공시 확인 중... (조회기간: 2026-07-01 ~ 2026-07-02)
[22:39:47]    새로운 감시 ETF 이익분배금 공시 없음
[22:44:47] 🔍 DART 공시 확인 중... (조회기간: 20260701 ~ 20260702)
[22:44:47]    총 58건의 주요사항보고 조회됨
[22:44:47]    배당 결정 공시 없음
[22:44:48] 🔍 KIND ETF 공시 확인 중... (조회기간: 2026-07-01 ~ 2026-07-02)
[22:44:48]    새로운 감시 ETF 이익분배금 공시 없음
[22:49:50] 🔍 DART 공시 확인 중... (조회기간: 20260701 ~ 20260702)
[22:49:50]    총 58건의 주요사항보고 조회됨
[22:49:50]    배당 결정 공시 없음
[22:49:50] 🔍 KIND ETF 공시 확인 중... (조회기간: 2026-07-01 ~ 2026-07-02)
[22:49:50]    새로운 감시 ETF 이익분배금 공시 없음
[22:54:51] 🔍 DART 공시 확인 중... (조회기간: 20260701 ~ 20260702)
[22:54:51]    총 58건의 주요사항보고 조회됨
[22:54:51]    배당 결정 공시 없음
[22:54:52] 🔍 KIND ETF 공시 확인 중... (조회기간: 2026-07-01 ~ 2026-07-02)
[22:54:52]    새로운 감시 ETF 이익분배금 공시 없음
[22:59:53] 🔍 DART 공시 확인 중... (조회기간: 20260701 ~ 20260702)
[22:59:53]    총 58건의 주요사항보고 조회됨
[22:59:53]    배당 결정 공시 없음
[22:59:53] 🔍 KIND ETF 공시 확인 중... (조회기간: 2026-07-01 ~ 2026-07-02)
[22:59:53]    새로운 감시 ETF 이익분배금 공시 없음
[23:04:54] 🔍 DART 공시 확인 중... (조회기간: 20260701 ~ 20260702)
[23:04:54]    총 58건의 주요사항보고 조회됨
[23:04:54]    배당 결정 공시 없음
[23:04:55] 🔍 KIND ETF 공시 확인 중... (조회기간: 2026-07-01 ~ 2026-07-02)
[23:04:55]    새로운 감시 ETF 이익분배금 공시 없음
[23:09:56] 🔍 DART 공시 확인 중... (조회기간: 20260701 ~ 20260702)
[23:09:56]    총 58건의 주요사항보고 조회됨
[23:09:56]    배당 결정 공시 없음
[23:09:57] 🔍 KIND ETF 공시 확인 중... (조회기간: 2026-07-01 ~ 2026-07-02)
[23:09:57]    새로운 감시 ETF 이익분배금 공시 없음
[23:15:01] 🔍 DART 공시 확인 중... (조회기간: 20260701 ~ 20260702)
[23:15:01]    총 58건의 주요사항보고 조회됨
[23:15:01]    배당 결정 공시 없음
[23:15:02] 🔍 KIND ETF 공시 확인 중... (조회기간: 2026-07-01 ~ 2026-07-02)
[23:15:02]    새로운 감시 ETF 이익분배금 공시 없음
[23:20:03] 🔍 DART 공시 확인 중... (조회기간: 20260701 ~ 20260702)
[23:20:03]    총 58건의 주요사항보고 조회됨
[23:20:03]    배당 결정 공시 없음
[23:20:05] 🔍 KIND ETF 공시 확인 중... (조회기간: 2026-07-01 ~ 2026-07-02)
[23:20:05]    새로운 감시 ETF 이익분배금 공시 없음
[23:25:06] 🔍 DART 공시 확인 중... (조회기간: 20260701 ~ 20260702)
[23:25:06]    총 58건의 주요사항보고 조회됨
[23:25:06]    배당 결정 공시 없음
[23:25:07] 🔍 KIND ETF 공시 확인 중... (조회기간: 2026-07-01 ~ 2026-07-02)
[23:25:07]    새로운 감시 ETF 이익분배금 공시 없음
[23:30:07] 🔍 DART 공시 확인 중... (조회기간: 20260701 ~ 20260702)
[23:30:07]    총 58건의 주요사항보고 조회됨
[23:30:07]    배당 결정 공시 없음
[23:30:08] 🔍 KIND ETF 공시 확인 중... (조회기간: 2026-07-01 ~ 2026-07-02)
[23:30:08]    새로운 감시 ETF 이익분배금 공시 없음
[23:35:09] 🔍 DART 공시 확인 중... (조회기간: 20260701 ~ 20260702)
[23:35:09]    총 58건의 주요사항보고 조회됨
[23:35:09]    배당 결정 공시 없음
[23:35:10] 🔍 KIND ETF 공시 확인 중... (조회기간: 2026-07-01 ~ 2026-07-02)
[23:35:10]    새로운 감시 ETF 이익분배금 공시 없음
[23:40:11] 🔍 DART 공시 확인 중... (조회기간: 20260701 ~ 20260702)
[23:40:11]    총 58건의 주요사항보고 조회됨
[23:40:11]    배당 결정 공시 없음
[23:40:12] 🔍 KIND ETF 공시 확인 중... (조회기간: 2026-07-01 ~ 2026-07-02)
[23:40:12]    새로운 감시 ETF 이익분배금 공시 없음
[23:45:12] 🔍 DART 공시 확인 중... (조회기간: 20260701 ~ 20260702)
[23:45:12]    총 58건의 주요사항보고 조회됨
[23:45:12]    배당 결정 공시 없음
[23:45:13] 🔍 KIND ETF 공시 확인 중... (조회기간: 2026-07-01 ~ 2026-07-02)
[23:45:13]    새로운 감시 ETF 이익분배금 공시 없음
[23:50:14] 🔍 DART 공시 확인 중... (조회기간: 20260701 ~ 20260702)
[23:50:14]    총 58건의 주요사항보고 조회됨
[23:50:14]    배당 결정 공시 없음
[23:50:15] 🔍 KIND ETF 공시 확인 중... (조회기간: 2026-07-01 ~ 2026-07-02)
[23:50:15]    새로운 감시 ETF 이익분배금 공시 없음
[23:55:16] 🔍 DART 공시 확인 중... (조회기간: 20260701 ~ 20260702)
[23:55:16]    총 58건의 주요사항보고 조회됨
[23:55:16]    배당 결정 공시 없음
[23:55:17] 🔍 KIND ETF 공시 확인 중... (조회기간: 2026-07-01 ~ 2026-07-02)
[23:55:17]    새로운 감시 ETF 이익분배금 공시 없음
[00:00:18] 🔍 DART 공시 확인 중... (조회기간: 20260702 ~ 20260703)
[00:00:18]    총 30건의 주요사항보고 조회됨
[00:00:18]    배당 결정 공시 없음
[00:00:18] 🔍 KIND ETF 공시 확인 중... (조회기간: 2026-07-02 ~ 2026-07-03)
[00:00:18]    새로운 감시 ETF 이익분배금 공시 없음
[00:05:19] 🔍 DART 공시 확인 중... (조회기간: 20260702 ~ 20260703)
[00:05:19]    총 30건의 주요사항보고 조회됨
[00:05:19]    배당 결정 공시 없음
[00:05:21] 🔍 KIND ETF 공시 확인 중... (조회기간: 2026-07-02 ~ 2026-07-03)
[00:05:21]    새로운 감시 ETF 이익분배금 공시 없음
[00:10:24] 🔍 DART 공시 확인 중... (조회기간: 20260702 ~ 20260703)
[00:10:24]    총 30건의 주요사항보고 조회됨
[00:10:24]    배당 결정 공시 없음
[00:10:25] 🔍 KIND ETF 공시 확인 중... (조회기간: 2026-07-02 ~ 2026-07-03)
[00:10:25]    새로운 감시 ETF 이익분배금 공시 없음
[00:15:26] 🔍 DART 공시 확인 중... (조회기간: 20260702 ~ 20260703)
[00:15:26]    총 30건의 주요사항보고 조회됨
[00:15:26]    배당 결정 공시 없음
[00:15:26] 🔍 KIND ETF 공시 확인 중... (조회기간: 2026-07-02 ~ 2026-07-03)
[00:15:26]    새로운 감시 ETF 이익분배금 공시 없음
[00:20:27] 🔍 DART 공시 확인 중... (조회기간: 20260702 ~ 20260703)
[00:20:27]    총 30건의 주요사항보고 조회됨
[00:20:27]    배당 결정 공시 없음
[00:20:28] 🔍 KIND ETF 공시 확인 중... (조회기간: 2026-07-02 ~ 2026-07-03)
[00:20:28]    새로운 감시 ETF 이익분배금 공시 없음
[00:25:29] 🔍 DART 공시 확인 중... (조회기간: 20260702 ~ 20260703)
[00:25:29]    총 30건의 주요사항보고 조회됨
[00:25:29]    배당 결정 공시 없음
[00:25:30] 🔍 KIND ETF 공시 확인 중... (조회기간: 2026-07-02 ~ 2026-07-03)
[00:25:30]    새로운 감시 ETF 이익분배금 공시 없음
[00:30:30] 🔍 DART 공시 확인 중... (조회기간: 20260702 ~ 20260703)
[00:30:30]    총 30건의 주요사항보고 조회됨
[00:30:30]    배당 결정 공시 없음
[00:30:31] 🔍 KIND ETF 공시 확인 중... (조회기간: 2026-07-02 ~ 2026-07-03)
[00:30:31]    새로운 감시 ETF 이익분배금 공시 없음
[00:35:32] 🔍 DART 공시 확인 중... (조회기간: 20260702 ~ 20260703)
[00:35:32]    총 30건의 주요사항보고 조회됨
[00:35:32]    배당 결정 공시 없음
[00:35:33] 🔍 KIND ETF 공시 확인 중... (조회기간: 2026-07-02 ~ 2026-07-03)
[00:35:33]    새로운 감시 ETF 이익분배금 공시 없음
[00:40:34] 🔍 DART 공시 확인 중... (조회기간: 20260702 ~ 20260703)
[00:40:34]    총 30건의 주요사항보고 조회됨
[00:40:34]    배당 결정 공시 없음
[00:40:35] 🔍 KIND ETF 공시 확인 중... (조회기간: 2026-07-02 ~ 2026-07-03)
[00:40:35]    새로운 감시 ETF 이익분배금 공시 없음
[00:45:35] 🔍 DART 공시 확인 중... (조회기간: 20260702 ~ 20260703)
[00:45:35]    총 30건의 주요사항보고 조회됨
[00:45:35]    배당 결정 공시 없음
[00:45:36] 🔍 KIND ETF 공시 확인 중... (조회기간: 2026-07-02 ~ 2026-07-03)
[00:45:36]    새로운 감시 ETF 이익분배금 공시 없음
[00:50:37] 🔍 DART 공시 확인 중... (조회기간: 20260702 ~ 20260703)
[00:50:37]    총 30건의 주요사항보고 조회됨
[00:50:37]    배당 결정 공시 없음
[00:50:39] 🔍 KIND ETF 공시 확인 중... (조회기간: 2026-07-02 ~ 2026-07-03)
[00:50:39]    새로운 감시 ETF 이익분배금 공시 없음
[00:55:42] 🔍 DART 공시 확인 중... (조회기간: 20260702 ~ 20260703)
[00:55:42]    총 30건의 주요사항보고 조회됨
[00:55:42]    배당 결정 공시 없음
[00:55:43] 🔍 KIND ETF 공시 확인 중... (조회기간: 2026-07-02 ~ 2026-07-03)
[00:55:43]    새로운 감시 ETF 이익분배금 공시 없음
[01:00:44] 🔍 DART 공시 확인 중... (조회기간: 20260702 ~ 20260703)
[01:00:44]    총 30건의 주요사항보고 조회됨
[01:00:44]    배당 결정 공시 없음
[01:00:47] 🔍 KIND ETF 공시 확인 중... (조회기간: 2026-07-02 ~ 2026-07-03)
[01:00:47]    새로운 감시 ETF 이익분배금 공시 없음
[01:05:51] 🔍 DART 공시 확인 중... (조회기간: 20260702 ~ 20260703)
[01:05:51]    총 30건의 주요사항보고 조회됨
[01:05:51]    배당 결정 공시 없음
[01:05:52] 🔍 KIND ETF 공시 확인 중... (조회기간: 2026-07-02 ~ 2026-07-03)
[01:05:52]    새로운 감시 ETF 이익분배금 공시 없음
[01:10:52] 🔍 DART 공시 확인 중... (조회기간: 20260702 ~ 20260703)
[01:10:52]    총 30건의 주요사항보고 조회됨
[01:10:52]    배당 결정 공시 없음
[01:10:53] 🔍 KIND ETF 공시 확인 중... (조회기간: 2026-07-02 ~ 2026-07-03)
[01:10:53]    새로운 감시 ETF 이익분배금 공시 없음
[01:15:54] 🔍 DART 공시 확인 중... (조회기간: 20260702 ~ 20260703)
[01:15:54]    총 30건의 주요사항보고 조회됨
[01:15:54]    배당 결정 공시 없음
[01:15:55] 🔍 KIND ETF 공시 확인 중... (조회기간: 2026-07-02 ~ 2026-07-03)
[01:15:55]    새로운 감시 ETF 이익분배금 공시 없음
[01:20:55] 🔍 DART 공시 확인 중... (조회기간: 20260702 ~ 20260703)
[01:20:55]    총 30건의 주요사항보고 조회됨
[01:20:55]    배당 결정 공시 없음
[01:20:56] 🔍 KIND ETF 공시 확인 중... (조회기간: 2026-07-02 ~ 2026-07-03)
[01:20:56]    새로운 감시 ETF 이익분배금 공시 없음
[01:25:57] 🔍 DART 공시 확인 중... (조회기간: 20260702 ~ 20260703)
[01:25:57]    총 30건의 주요사항보고 조회됨
[01:25:57]    배당 결정 공시 없음
[01:25:58] 🔍 KIND ETF 공시 확인 중... (조회기간: 2026-07-02 ~ 2026-07-03)
[01:25:58]    새로운 감시 ETF 이익분배금 공시 없음
[01:30:59] 🔍 DART 공시 확인 중... (조회기간: 20260702 ~ 20260703)
[01:30:59]    총 30건의 주요사항보고 조회됨
[01:30:59]    배당 결정 공시 없음
[01:30:59] 🔍 KIND ETF 공시 확인 중... (조회기간: 2026-07-02 ~ 2026-07-03)
[01:30:59]    새로운 감시 ETF 이익분배금 공시 없음
[01:36:00] 🔍 DART 공시 확인 중... (조회기간: 20260702 ~ 20260703)
[01:36:00]    총 30건의 주요사항보고 조회됨
[01:36:00]    배당 결정 공시 없음
[01:36:01] 🔍 KIND ETF 공시 확인 중... (조회기간: 2026-07-02 ~ 2026-07-03)
[01:36:01]    새로운 감시 ETF 이익분배금 공시 없음
[01:41:02] 🔍 DART 공시 확인 중... (조회기간: 20260702 ~ 20260703)
[01:41:02]    총 30건의 주요사항보고 조회됨
[01:41:02]    배당 결정 공시 없음
[01:41:02] 🔍 KIND ETF 공시 확인 중... (조회기간: 2026-07-02 ~ 2026-07-03)
[01:41:02]    새로운 감시 ETF 이익분배금 공시 없음
[01:46:03] 🔍 DART 공시 확인 중... (조회기간: 20260702 ~ 20260703)
[01:46:03]    총 30건의 주요사항보고 조회됨
[01:46:03]    배당 결정 공시 없음
[01:46:04] 🔍 KIND ETF 공시 확인 중... (조회기간: 2026-07-02 ~ 2026-07-03)
[01:46:04]    새로운 감시 ETF 이익분배금 공시 없음
[01:51:05] 🔍 DART 공시 확인 중... (조회기간: 20260702 ~ 20260703)
[01:51:05]    총 30건의 주요사항보고 조회됨
[01:51:05]    배당 결정 공시 없음
[01:51:05] 🔍 KIND ETF 공시 확인 중... (조회기간: 2026-07-02 ~ 2026-07-03)
[01:51:05]    새로운 감시 ETF 이익분배금 공시 없음
[01:56:06] 🔍 DART 공시 확인 중... (조회기간: 20260702 ~ 20260703)
[01:56:06]    총 30건의 주요사항보고 조회됨
[01:56:06]    배당 결정 공시 없음
[01:56:07] 🔍 KIND ETF 공시 확인 중... (조회기간: 2026-07-02 ~ 2026-07-03)
[01:56:07]    새로운 감시 ETF 이익분배금 공시 없음
[02:01:08] 🔍 DART 공시 확인 중... (조회기간: 20260702 ~ 20260703)
[02:01:08]    총 30건의 주요사항보고 조회됨
[02:01:08]    배당 결정 공시 없음
[02:01:08] 🔍 KIND ETF 공시 확인 중... (조회기간: 2026-07-02 ~ 2026-07-03)
[02:01:08]    새로운 감시 ETF 이익분배금 공시 없음
[02:06:09] 🔍 DART 공시 확인 중... (조회기간: 20260702 ~ 20260703)
[02:06:09]    총 30건의 주요사항보고 조회됨
[02:06:09]    배당 결정 공시 없음
[02:06:10] 🔍 KIND ETF 공시 확인 중... (조회기간: 2026-07-02 ~ 2026-07-03)
[02:06:10]    새로운 감시 ETF 이익분배금 공시 없음
[02:11:10] 🔍 DART 공시 확인 중... (조회기간: 20260702 ~ 20260703)
[02:11:10]    총 30건의 주요사항보고 조회됨
[02:11:10]    배당 결정 공시 없음
[02:11:11] 🔍 KIND ETF 공시 확인 중... (조회기간: 2026-07-02 ~ 2026-07-03)
[02:11:11]    새로운 감시 ETF 이익분배금 공시 없음
[02:16:12] 🔍 DART 공시 확인 중... (조회기간: 20260702 ~ 20260703)
[02:16:12]    총 30건의 주요사항보고 조회됨
[02:16:12]    배당 결정 공시 없음
[02:16:13] 🔍 KIND ETF 공시 확인 중... (조회기간: 2026-07-02 ~ 2026-07-03)
[02:16:13]    새로운 감시 ETF 이익분배금 공시 없음
[02:21:13] 🔍 DART 공시 확인 중... (조회기간: 20260702 ~ 20260703)
[02:21:13]    총 30건의 주요사항보고 조회됨
[02:21:13]    배당 결정 공시 없음
[02:21:14] 🔍 KIND ETF 공시 확인 중... (조회기간: 2026-07-02 ~ 2026-07-03)
[02:21:14]    새로운 감시 ETF 이익분배금 공시 없음
[02:26:15] 🔍 DART 공시 확인 중... (조회기간: 20260702 ~ 20260703)
[02:26:15]    총 30건의 주요사항보고 조회됨
[02:26:15]    배당 결정 공시 없음
[02:26:16] 🔍 KIND ETF 공시 확인 중... (조회기간: 2026-07-02 ~ 2026-07-03)
[02:26:16]    새로운 감시 ETF 이익분배금 공시 없음
[02:31:16] 🔍 DART 공시 확인 중... (조회기간: 20260702 ~ 20260703)
[02:31:16]    총 30건의 주요사항보고 조회됨
[02:31:16]    배당 결정 공시 없음
[02:31:17] 🔍 KIND ETF 공시 확인 중... (조회기간: 2026-07-02 ~ 2026-07-03)
[02:31:17]    새로운 감시 ETF 이익분배금 공시 없음
[02:36:18] 🔍 DART 공시 확인 중... (조회기간: 20260702 ~ 20260703)
[02:36:18]    총 30건의 주요사항보고 조회됨
[02:36:18]    배당 결정 공시 없음
[02:36:19] 🔍 KIND ETF 공시 확인 중... (조회기간: 2026-07-02 ~ 2026-07-03)
[02:36:19]    새로운 감시 ETF 이익분배금 공시 없음
[02:41:19] 🔍 DART 공시 확인 중... (조회기간: 20260702 ~ 20260703)
[02:41:19]    총 30건의 주요사항보고 조회됨
[02:41:19]    배당 결정 공시 없음
[02:41:20] 🔍 KIND ETF 공시 확인 중... (조회기간: 2026-07-02 ~ 2026-07-03)
[02:41:20]    새로운 감시 ETF 이익분배금 공시 없음
[02:46:21] 🔍 DART 공시 확인 중... (조회기간: 20260702 ~ 20260703)
[02:46:21]    총 30건의 주요사항보고 조회됨
[02:46:21]    배당 결정 공시 없음
[02:46:22] 🔍 KIND ETF 공시 확인 중... (조회기간: 2026-07-02 ~ 2026-07-03)
[02:46:22]    새로운 감시 ETF 이익분배금 공시 없음
[02:51:22] 🔍 DART 공시 확인 중... (조회기간: 20260702 ~ 20260703)
[02:51:22]    총 30건의 주요사항보고 조회됨
[02:51:22]    배당 결정 공시 없음
[02:51:23] 🔍 KIND ETF 공시 확인 중... (조회기간: 2026-07-02 ~ 2026-07-03)
[02:51:23]    새로운 감시 ETF 이익분배금 공시 없음
[02:56:24] 🔍 DART 공시 확인 중... (조회기간: 20260702 ~ 20260703)
[02:56:24]    총 30건의 주요사항보고 조회됨
[02:56:24]    배당 결정 공시 없음
[02:56:25] 🔍 KIND ETF 공시 확인 중... (조회기간: 2026-07-02 ~ 2026-07-03)
[02:56:25]    새로운 감시 ETF 이익분배금 공시 없음
[03:01:25] 🔍 DART 공시 확인 중... (조회기간: 20260702 ~ 20260703)
[03:01:25]    총 30건의 주요사항보고 조회됨
[03:01:25]    배당 결정 공시 없음
[03:01:26] 🔍 KIND ETF 공시 확인 중... (조회기간: 2026-07-02 ~ 2026-07-03)
[03:01:26]    새로운 감시 ETF 이익분배금 공시 없음
[03:06:27] 🔍 DART 공시 확인 중... (조회기간: 20260702 ~ 20260703)
[03:06:27]    총 30건의 주요사항보고 조회됨
[03:06:27]    배당 결정 공시 없음
[03:06:28] 🔍 KIND ETF 공시 확인 중... (조회기간: 2026-07-02 ~ 2026-07-03)
[03:06:28]    새로운 감시 ETF 이익분배금 공시 없음
[03:11:28] 🔍 DART 공시 확인 중... (조회기간: 20260702 ~ 20260703)
[03:11:28]    총 30건의 주요사항보고 조회됨
[03:11:28]    배당 결정 공시 없음
[03:11:29] 🔍 KIND ETF 공시 확인 중... (조회기간: 2026-07-02 ~ 2026-07-03)
[03:11:29]    새로운 감시 ETF 이익분배금 공시 없음
[03:16:30] 🔍 DART 공시 확인 중... (조회기간: 20260702 ~ 20260703)
[03:16:30]    총 30건의 주요사항보고 조회됨
[03:16:30]    배당 결정 공시 없음
[03:16:31] 🔍 KIND ETF 공시 확인 중... (조회기간: 2026-07-02 ~ 2026-07-03)
[03:16:31]    새로운 감시 ETF 이익분배금 공시 없음
[03:21:31] 🔍 DART 공시 확인 중... (조회기간: 20260702 ~ 20260703)
[03:21:31]    총 30건의 주요사항보고 조회됨
[03:21:31]    배당 결정 공시 없음
[03:21:32] 🔍 KIND ETF 공시 확인 중... (조회기간: 2026-07-02 ~ 2026-07-03)
[03:21:32]    새로운 감시 ETF 이익분배금 공시 없음
[03:26:33] 🔍 DART 공시 확인 중... (조회기간: 20260702 ~ 20260703)
[03:26:33]    총 30건의 주요사항보고 조회됨
[03:26:33]    배당 결정 공시 없음
[03:26:34] 🔍 KIND ETF 공시 확인 중... (조회기간: 2026-07-02 ~ 2026-07-03)
[03:26:34]    새로운 감시 ETF 이익분배금 공시 없음
[03:31:34] 🔍 DART 공시 확인 중... (조회기간: 20260702 ~ 20260703)
[03:31:34]    총 30건의 주요사항보고 조회됨
[03:31:34]    배당 결정 공시 없음
[03:31:35] 🔍 KIND ETF 공시 확인 중... (조회기간: 2026-07-02 ~ 2026-07-03)
[03:31:35]    새로운 감시 ETF 이익분배금 공시 없음
[03:36:36] 🔍 DART 공시 확인 중... (조회기간: 20260702 ~ 20260703)
[03:36:36]    총 30건의 주요사항보고 조회됨
[03:36:36]    배당 결정 공시 없음
[03:36:37] 🔍 KIND ETF 공시 확인 중... (조회기간: 2026-07-02 ~ 2026-07-03)
[03:36:37]    새로운 감시 ETF 이익분배금 공시 없음
[03:41:38] 🔍 DART 공시 확인 중... (조회기간: 20260702 ~ 20260703)
[03:41:38]    총 30건의 주요사항보고 조회됨
[03:41:38]    배당 결정 공시 없음
[03:41:39] 🔍 KIND ETF 공시 확인 중... (조회기간: 2026-07-02 ~ 2026-07-03)
[03:41:39]    새로운 감시 ETF 이익분배금 공시 없음
[03:46:39] 🔍 DART 공시 확인 중... (조회기간: 20260702 ~ 20260703)
[03:46:39]    총 30건의 주요사항보고 조회됨
[03:46:39]    배당 결정 공시 없음
[03:46:40] 🔍 KIND ETF 공시 확인 중... (조회기간: 2026-07-02 ~ 2026-07-03)
[03:46:40]    새로운 감시 ETF 이익분배금 공시 없음
[03:51:41] 🔍 DART 공시 확인 중... (조회기간: 20260702 ~ 20260703)
[03:51:41]    총 30건의 주요사항보고 조회됨
[03:51:41]    배당 결정 공시 없음
[03:51:42] 🔍 KIND ETF 공시 확인 중... (조회기간: 2026-07-02 ~ 2026-07-03)
[03:51:42]    새로운 감시 ETF 이익분배금 공시 없음
[03:56:42] 🔍 DART 공시 확인 중... (조회기간: 20260702 ~ 20260703)
[03:56:42]    총 30건의 주요사항보고 조회됨
[03:56:42]    배당 결정 공시 없음
[03:56:45] 🔍 KIND ETF 공시 확인 중... (조회기간: 2026-07-02 ~ 2026-07-03)
[03:56:45]    새로운 감시 ETF 이익분배금 공시 없음
[04:01:49] 🔍 DART 공시 확인 중... (조회기간: 20260702 ~ 20260703)
[04:01:49]    총 30건의 주요사항보고 조회됨
[04:01:49]    배당 결정 공시 없음
[04:01:50] 🔍 KIND ETF 공시 확인 중... (조회기간: 2026-07-02 ~ 2026-07-03)
[04:01:50]    새로운 감시 ETF 이익분배금 공시 없음
[04:06:51] 🔍 DART 공시 확인 중... (조회기간: 20260702 ~ 20260703)
[04:06:51]    총 30건의 주요사항보고 조회됨
[04:06:51]    배당 결정 공시 없음
[04:06:52] 🔍 KIND ETF 공시 확인 중... (조회기간: 2026-07-02 ~ 2026-07-03)
[04:06:52]    새로운 감시 ETF 이익분배금 공시 없음
[04:11:53] 🔍 DART 공시 확인 중... (조회기간: 20260702 ~ 20260703)
[04:11:53]    총 30건의 주요사항보고 조회됨
[04:11:53]    배당 결정 공시 없음
[04:11:54] 🔍 KIND ETF 공시 확인 중... (조회기간: 2026-07-02 ~ 2026-07-03)
[04:11:54]    새로운 감시 ETF 이익분배금 공시 없음
[04:16:54] 🔍 DART 공시 확인 중... (조회기간: 20260702 ~ 20260703)
[04:16:54]    총 30건의 주요사항보고 조회됨
[04:16:54]    배당 결정 공시 없음
[04:16:55] 🔍 KIND ETF 공시 확인 중... (조회기간: 2026-07-02 ~ 2026-07-03)
[04:16:55]    새로운 감시 ETF 이익분배금 공시 없음
[04:21:55] 🔍 DART 공시 확인 중... (조회기간: 20260702 ~ 20260703)
[04:21:55]    총 30건의 주요사항보고 조회됨
[04:21:55]    배당 결정 공시 없음
[04:21:56] 🔍 KIND ETF 공시 확인 중... (조회기간: 2026-07-02 ~ 2026-07-03)
[04:21:56]    새로운 감시 ETF 이익분배금 공시 없음
[04:26:57] 🔍 DART 공시 확인 중... (조회기간: 20260702 ~ 20260703)
[04:26:57]    총 30건의 주요사항보고 조회됨
[04:26:57]    배당 결정 공시 없음
[04:26:58] 🔍 KIND ETF 공시 확인 중... (조회기간: 2026-07-02 ~ 2026-07-03)
[04:26:58]    새로운 감시 ETF 이익분배금 공시 없음
[04:31:58] 🔍 DART 공시 확인 중... (조회기간: 20260702 ~ 20260703)
[04:31:58]    총 30건의 주요사항보고 조회됨
[04:31:58]    배당 결정 공시 없음
[04:31:59] 🔍 KIND ETF 공시 확인 중... (조회기간: 2026-07-02 ~ 2026-07-03)
[04:31:59]    새로운 감시 ETF 이익분배금 공시 없음
[04:37:00] 🔍 DART 공시 확인 중... (조회기간: 20260702 ~ 20260703)
[04:37:00]    총 30건의 주요사항보고 조회됨
[04:37:00]    배당 결정 공시 없음
[04:37:01] 🔍 KIND ETF 공시 확인 중... (조회기간: 2026-07-02 ~ 2026-07-03)
[04:37:01]    새로운 감시 ETF 이익분배금 공시 없음
[04:42:02] 🔍 DART 공시 확인 중... (조회기간: 20260702 ~ 20260703)
[04:42:02]    총 30건의 주요사항보고 조회됨
[04:42:02]    배당 결정 공시 없음
[04:42:02] 🔍 KIND ETF 공시 확인 중... (조회기간: 2026-07-02 ~ 2026-07-03)
[04:42:02]    새로운 감시 ETF 이익분배금 공시 없음
[04:47:03] 🔍 DART 공시 확인 중... (조회기간: 20260702 ~ 20260703)
[04:47:03]    총 30건의 주요사항보고 조회됨
[04:47:03]    배당 결정 공시 없음
[04:47:04] 🔍 KIND ETF 공시 확인 중... (조회기간: 2026-07-02 ~ 2026-07-03)
[04:47:04]    새로운 감시 ETF 이익분배금 공시 없음
[04:52:05] 🔍 DART 공시 확인 중... (조회기간: 20260702 ~ 20260703)
[04:52:05]    총 30건의 주요사항보고 조회됨
[04:52:05]    배당 결정 공시 없음
[04:52:06] 🔍 KIND ETF 공시 확인 중... (조회기간: 2026-07-02 ~ 2026-07-03)
[04:52:06]    새로운 감시 ETF 이익분배금 공시 없음
[04:57:06] 🔍 DART 공시 확인 중... (조회기간: 20260702 ~ 20260703)
[04:57:06]    총 30건의 주요사항보고 조회됨
[04:57:06]    배당 결정 공시 없음
[04:57:07] 🔍 KIND ETF 공시 확인 중... (조회기간: 2026-07-02 ~ 2026-07-03)
[04:57:07]    새로운 감시 ETF 이익분배금 공시 없음
[05:02:08] 🔍 DART 공시 확인 중... (조회기간: 20260702 ~ 20260703)
[05:02:08]    총 30건의 주요사항보고 조회됨
[05:02:08]    배당 결정 공시 없음
[05:02:09] 🔍 KIND ETF 공시 확인 중... (조회기간: 2026-07-02 ~ 2026-07-03)
[05:02:09]    새로운 감시 ETF 이익분배금 공시 없음
[05:07:09] 🔍 DART 공시 확인 중... (조회기간: 20260702 ~ 20260703)
[05:07:09]    총 30건의 주요사항보고 조회됨
[05:07:09]    배당 결정 공시 없음
[05:07:10] 🔍 KIND ETF 공시 확인 중... (조회기간: 2026-07-02 ~ 2026-07-03)
[05:07:10]    새로운 감시 ETF 이익분배금 공시 없음
[05:12:11] 🔍 DART 공시 확인 중... (조회기간: 20260702 ~ 20260703)
[05:12:11]    총 30건의 주요사항보고 조회됨
[05:12:11]    배당 결정 공시 없음
[05:12:11] 🔍 KIND ETF 공시 확인 중... (조회기간: 2026-07-02 ~ 2026-07-03)
[05:12:11]    새로운 감시 ETF 이익분배금 공시 없음
[05:17:12] 🔍 DART 공시 확인 중... (조회기간: 20260702 ~ 20260703)
[05:17:12]    총 30건의 주요사항보고 조회됨
[05:17:12]    배당 결정 공시 없음
[05:17:13] 🔍 KIND ETF 공시 확인 중... (조회기간: 2026-07-02 ~ 2026-07-03)
[05:17:13]    새로운 감시 ETF 이익분배금 공시 없음
[05:22:14] 🔍 DART 공시 확인 중... (조회기간: 20260702 ~ 20260703)
[05:22:14]    총 30건의 주요사항보고 조회됨
[05:22:14]    배당 결정 공시 없음
[05:22:14] 🔍 KIND ETF 공시 확인 중... (조회기간: 2026-07-02 ~ 2026-07-03)
[05:22:14]    새로운 감시 ETF 이익분배금 공시 없음
[05:27:15] 🔍 DART 공시 확인 중... (조회기간: 20260702 ~ 20260703)
[05:27:15]    총 30건의 주요사항보고 조회됨
[05:27:15]    배당 결정 공시 없음
[05:27:16] 🔍 KIND ETF 공시 확인 중... (조회기간: 2026-07-02 ~ 2026-07-03)
[05:27:16]    새로운 감시 ETF 이익분배금 공시 없음
[05:32:17] 🔍 DART 공시 확인 중... (조회기간: 20260702 ~ 20260703)
[05:32:17]    총 30건의 주요사항보고 조회됨
[05:32:17]    배당 결정 공시 없음
[05:32:18] 🔍 KIND ETF 공시 확인 중... (조회기간: 2026-07-02 ~ 2026-07-03)
[05:32:18]    새로운 감시 ETF 이익분배금 공시 없음
[05:37:18] 🔍 DART 공시 확인 중... (조회기간: 20260702 ~ 20260703)
[05:37:18]    총 30건의 주요사항보고 조회됨
[05:37:18]    배당 결정 공시 없음
[05:37:19] 🔍 KIND ETF 공시 확인 중... (조회기간: 2026-07-02 ~ 2026-07-03)
[05:37:19]    새로운 감시 ETF 이익분배금 공시 없음
[05:42:20] 🔍 DART 공시 확인 중... (조회기간: 20260702 ~ 20260703)
[05:42:20]    총 30건의 주요사항보고 조회됨
[05:42:20]    배당 결정 공시 없음
[05:42:21] 🔍 KIND ETF 공시 확인 중... (조회기간: 2026-07-02 ~ 2026-07-03)
[05:42:21]    새로운 감시 ETF 이익분배금 공시 없음
[05:47:22] 🔍 DART 공시 확인 중... (조회기간: 20260702 ~ 20260703)
[05:47:22]    총 30건의 주요사항보고 조회됨
[05:47:22]    배당 결정 공시 없음
[05:47:22] 🔍 KIND ETF 공시 확인 중... (조회기간: 2026-07-02 ~ 2026-07-03)
[05:47:22]    새로운 감시 ETF 이익분배금 공시 없음
[05:52:23] 🔍 DART 공시 확인 중... (조회기간: 20260702 ~ 20260703)
[05:52:23]    총 30건의 주요사항보고 조회됨
[05:52:23]    배당 결정 공시 없음
[05:52:24] 🔍 KIND ETF 공시 확인 중... (조회기간: 2026-07-02 ~ 2026-07-03)
[05:52:24]    새로운 감시 ETF 이익분배금 공시 없음
[05:57:25] 🔍 DART 공시 확인 중... (조회기간: 20260702 ~ 20260703)
[05:57:25]    총 30건의 주요사항보고 조회됨
[05:57:25]    배당 결정 공시 없음
[05:57:26] 🔍 KIND ETF 공시 확인 중... (조회기간: 2026-07-02 ~ 2026-07-03)
[05:57:26]    새로운 감시 ETF 이익분배금 공시 없음
[06:02:27] 🔍 DART 공시 확인 중... (조회기간: 20260702 ~ 20260703)
[06:02:27]    총 30건의 주요사항보고 조회됨
[06:02:27]    배당 결정 공시 없음
[06:02:28] 🔍 KIND ETF 공시 확인 중... (조회기간: 2026-07-02 ~ 2026-07-03)
[06:02:28]    새로운 감시 ETF 이익분배금 공시 없음
[06:07:29] 🔍 DART 공시 확인 중... (조회기간: 20260702 ~ 20260703)
[06:07:29]    총 30건의 주요사항보고 조회됨
[06:07:29]    배당 결정 공시 없음
[06:07:29] 🔍 KIND ETF 공시 확인 중... (조회기간: 2026-07-02 ~ 2026-07-03)
[06:07:29]    새로운 감시 ETF 이익분배금 공시 없음
[06:12:35] 🔍 DART 공시 확인 중... (조회기간: 20260702 ~ 20260703)
[06:12:35]    총 30건의 주요사항보고 조회됨
[06:12:35]    배당 결정 공시 없음
[06:12:36] 🔍 KIND ETF 공시 확인 중... (조회기간: 2026-07-02 ~ 2026-07-03)
[06:12:36]    새로운 감시 ETF 이익분배금 공시 없음
[06:17:37] 🔍 DART 공시 확인 중... (조회기간: 20260702 ~ 20260703)
[06:17:37]    총 30건의 주요사항보고 조회됨
[06:17:37]    배당 결정 공시 없음
[06:17:38] 🔍 KIND ETF 공시 확인 중... (조회기간: 2026-07-02 ~ 2026-07-03)
[06:17:38]    새로운 감시 ETF 이익분배금 공시 없음
[06:22:39] 🔍 DART 공시 확인 중... (조회기간: 20260702 ~ 20260703)
[06:22:39]    총 30건의 주요사항보고 조회됨
[06:22:39]    배당 결정 공시 없음
[06:22:40] 🔍 KIND ETF 공시 확인 중... (조회기간: 2026-07-02 ~ 2026-07-03)
[06:22:40]    새로운 감시 ETF 이익분배금 공시 없음
[06:27:41] 🔍 DART 공시 확인 중... (조회기간: 20260702 ~ 20260703)
[06:27:41]    총 30건의 주요사항보고 조회됨
[06:27:41]    배당 결정 공시 없음
[06:27:41] 🔍 KIND ETF 공시 확인 중... (조회기간: 2026-07-02 ~ 2026-07-03)
[06:27:41]    새로운 감시 ETF 이익분배금 공시 없음
[06:32:43] 🔍 DART 공시 확인 중... (조회기간: 20260702 ~ 20260703)
[06:32:43]    총 30건의 주요사항보고 조회됨
[06:32:43]    배당 결정 공시 없음
[06:32:44] 🔍 KIND ETF 공시 확인 중... (조회기간: 2026-07-02 ~ 2026-07-03)
[06:32:44]    새로운 감시 ETF 이익분배금 공시 없음
[06:37:45] 🔍 DART 공시 확인 중... (조회기간: 20260702 ~ 20260703)
[06:37:45]    총 30건의 주요사항보고 조회됨
[06:37:45]    배당 결정 공시 없음
[06:37:46] 🔍 KIND ETF 공시 확인 중... (조회기간: 2026-07-02 ~ 2026-07-03)
[06:37:46]    새로운 감시 ETF 이익분배금 공시 없음
[06:42:47] 🔍 DART 공시 확인 중... (조회기간: 20260702 ~ 20260703)
[06:42:47]    총 30건의 주요사항보고 조회됨
[06:42:47]    배당 결정 공시 없음
[06:42:48] 🔍 KIND ETF 공시 확인 중... (조회기간: 2026-07-02 ~ 2026-07-03)
[06:42:48]    새로운 감시 ETF 이익분배금 공시 없음
[06:47:49] 🔍 DART 공시 확인 중... (조회기간: 20260702 ~ 20260703)
[06:47:49]    총 30건의 주요사항보고 조회됨
[06:47:49]    배당 결정 공시 없음
[06:47:51] 🔍 KIND ETF 공시 확인 중... (조회기간: 2026-07-02 ~ 2026-07-03)
[06:47:51]    새로운 감시 ETF 이익분배금 공시 없음
[06:52:53] 🔍 DART 공시 확인 중... (조회기간: 20260702 ~ 20260703)
[06:52:53]    총 30건의 주요사항보고 조회됨
[06:52:53]    배당 결정 공시 없음
[06:52:54] 🔍 KIND ETF 공시 확인 중... (조회기간: 2026-07-02 ~ 2026-07-03)
[06:52:54]    새로운 감시 ETF 이익분배금 공시 없음
[06:57:57] 🔍 DART 공시 확인 중... (조회기간: 20260702 ~ 20260703)
[06:57:57]    총 30건의 주요사항보고 조회됨
[06:57:57]    배당 결정 공시 없음
[06:57:58] 🔍 KIND ETF 공시 확인 중... (조회기간: 2026-07-02 ~ 2026-07-03)
[06:57:58]    새로운 감시 ETF 이익분배금 공시 없음
[07:02:59] 🔍 DART 공시 확인 중... (조회기간: 20260702 ~ 20260703)
[07:02:59]    총 30건의 주요사항보고 조회됨
[07:02:59]    배당 결정 공시 없음
[07:03:00] 🔍 KIND ETF 공시 확인 중... (조회기간: 2026-07-02 ~ 2026-07-03)
[07:03:00]    새로운 감시 ETF 이익분배금 공시 없음
[07:08:01] 🔍 DART 공시 확인 중... (조회기간: 20260702 ~ 20260703)
[07:08:01]    총 30건의 주요사항보고 조회됨
[07:08:01]    배당 결정 공시 없음
[07:08:02] 🔍 KIND ETF 공시 확인 중... (조회기간: 2026-07-02 ~ 2026-07-03)
[07:08:02]    새로운 감시 ETF 이익분배금 공시 없음
[07:13:03] 🔍 DART 공시 확인 중... (조회기간: 20260702 ~ 20260703)
[07:13:03]    총 30건의 주요사항보고 조회됨
[07:13:03]    배당 결정 공시 없음
[07:13:04] 🔍 KIND ETF 공시 확인 중... (조회기간: 2026-07-02 ~ 2026-07-03)
[07:13:04]    새로운 감시 ETF 이익분배금 공시 없음
[07:18:05] 🔍 DART 공시 확인 중... (조회기간: 20260702 ~ 20260703)
[07:18:05]    총 30건의 주요사항보고 조회됨
[07:18:05]    배당 결정 공시 없음
[07:18:05] 🔍 KIND ETF 공시 확인 중... (조회기간: 2026-07-02 ~ 2026-07-03)
[07:18:05]    새로운 감시 ETF 이익분배금 공시 없음
[07:23:06] 🔍 DART 공시 확인 중... (조회기간: 20260702 ~ 20260703)
[07:23:06]    총 30건의 주요사항보고 조회됨
[07:23:06]    배당 결정 공시 없음
[07:23:07] 🔍 KIND ETF 공시 확인 중... (조회기간: 2026-07-02 ~ 2026-07-03)
[07:23:07]    새로운 감시 ETF 이익분배금 공시 없음
[07:28:08] 🔍 DART 공시 확인 중... (조회기간: 20260702 ~ 20260703)
[07:28:08]    총 30건의 주요사항보고 조회됨
[07:28:08]    배당 결정 공시 없음
[07:28:09] 🔍 KIND ETF 공시 확인 중... (조회기간: 2026-07-02 ~ 2026-07-03)
[07:28:09]    새로운 감시 ETF 이익분배금 공시 없음
[07:33:09] 🔍 DART 공시 확인 중... (조회기간: 20260702 ~ 20260703)
[07:33:09]    총 30건의 주요사항보고 조회됨
[07:33:09]    배당 결정 공시 없음
[07:33:15] 🔍 KIND ETF 공시 확인 중... (조회기간: 2026-07-02 ~ 2026-07-03)
[07:33:15]    새로운 감시 ETF 이익분배금 공시 없음
[07:38:19] 🔍 DART 공시 확인 중... (조회기간: 20260702 ~ 20260703)
[07:38:19]    총 30건의 주요사항보고 조회됨
[07:38:19]    배당 결정 공시 없음
[07:38:20] 🔍 KIND ETF 공시 확인 중... (조회기간: 2026-07-02 ~ 2026-07-03)
[07:38:20]    새로운 감시 ETF 이익분배금 공시 없음
[07:43:21] 🔍 DART 공시 확인 중... (조회기간: 20260702 ~ 20260703)
[07:43:21]    총 30건의 주요사항보고 조회됨
[07:43:21]    배당 결정 공시 없음
[07:43:23] 🔍 KIND ETF 공시 확인 중... (조회기간: 2026-07-02 ~ 2026-07-03)
[07:43:23]    새로운 감시 ETF 이익분배금 공시 없음
[07:48:27] 🔍 DART 공시 확인 중... (조회기간: 20260702 ~ 20260703)
[07:48:27]    총 30건의 주요사항보고 조회됨
[07:48:27]    배당 결정 공시 없음
[07:48:28] 🔍 KIND ETF 공시 확인 중... (조회기간: 2026-07-02 ~ 2026-07-03)
[07:48:28]    새로운 감시 ETF 이익분배금 공시 없음
[07:53:29] 🔍 DART 공시 확인 중... (조회기간: 20260702 ~ 20260703)
[07:53:29]    총 30건의 주요사항보고 조회됨
[07:53:29]    배당 결정 공시 없음
[07:53:30] 🔍 KIND ETF 공시 확인 중... (조회기간: 2026-07-02 ~ 2026-07-03)
[07:53:30]    새로운 감시 ETF 이익분배금 공시 없음
[07:58:30] 🔍 DART 공시 확인 중... (조회기간: 20260702 ~ 20260703)
[07:58:30]    총 30건의 주요사항보고 조회됨
[07:58:30]    배당 결정 공시 없음
[07:58:31] 🔍 KIND ETF 공시 확인 중... (조회기간: 2026-07-02 ~ 2026-07-03)
[07:58:31]    새로운 감시 ETF 이익분배금 공시 없음
[08:03:32] 🔍 DART 공시 확인 중... (조회기간: 20260702 ~ 20260703)
[08:03:32]    총 30건의 주요사항보고 조회됨
[08:03:32]    배당 결정 공시 없음
[08:03:32] 🔍 KIND ETF 공시 확인 중... (조회기간: 2026-07-02 ~ 2026-07-03)
[08:03:32]    새로운 감시 ETF 이익분배금 공시 없음
[08:08:33] 🔍 DART 공시 확인 중... (조회기간: 20260702 ~ 20260703)
[08:08:33]    총 30건의 주요사항보고 조회됨
[08:08:33]    배당 결정 공시 없음
[08:08:34] 🔍 KIND ETF 공시 확인 중... (조회기간: 2026-07-02 ~ 2026-07-03)
[08:08:34]    새로운 감시 ETF 이익분배금 공시 없음
[08:13:35] 🔍 DART 공시 확인 중... (조회기간: 20260702 ~ 20260703)
[08:13:35]    총 30건의 주요사항보고 조회됨
[08:13:35]    배당 결정 공시 없음
[08:13:36] 🔍 KIND ETF 공시 확인 중... (조회기간: 2026-07-02 ~ 2026-07-03)
[08:13:36]    새로운 감시 ETF 이익분배금 공시 없음
[08:18:37] 🔍 DART 공시 확인 중... (조회기간: 20260702 ~ 20260703)
[08:18:37]    총 30건의 주요사항보고 조회됨
[08:18:37]    배당 결정 공시 없음
[08:18:40] 🔍 KIND ETF 공시 확인 중... (조회기간: 2026-07-02 ~ 2026-07-03)
[08:18:40]    새로운 감시 ETF 이익분배금 공시 없음
[08:23:42] 🔍 DART 공시 확인 중... (조회기간: 20260702 ~ 20260703)
[08:23:42]    총 30건의 주요사항보고 조회됨
[08:23:42]    배당 결정 공시 없음
[08:23:43] 🔍 KIND ETF 공시 확인 중... (조회기간: 2026-07-02 ~ 2026-07-03)
[08:23:43]    새로운 감시 ETF 이익분배금 공시 없음
[08:28:44] 🔍 DART 공시 확인 중... (조회기간: 20260702 ~ 20260703)
[08:28:44]    총 30건의 주요사항보고 조회됨
[08:28:44]    배당 결정 공시 없음
[08:28:45] 🔍 KIND ETF 공시 확인 중... (조회기간: 2026-07-02 ~ 2026-07-03)
[08:28:45]    새로운 감시 ETF 이익분배금 공시 없음
[08:33:46] 🔍 DART 공시 확인 중... (조회기간: 20260702 ~ 20260703)
[08:33:46]    총 30건의 주요사항보고 조회됨
[08:33:46]    배당 결정 공시 없음
[08:33:46] 🔍 KIND ETF 공시 확인 중... (조회기간: 2026-07-02 ~ 2026-07-03)
[08:33:46]    새로운 감시 ETF 이익분배금 공시 없음
[08:38:47] 🔍 DART 공시 확인 중... (조회기간: 20260702 ~ 20260703)
[08:38:47]    총 30건의 주요사항보고 조회됨
[08:38:47]    배당 결정 공시 없음
[08:38:48] 🔍 KIND ETF 공시 확인 중... (조회기간: 2026-07-02 ~ 2026-07-03)
[08:38:48]    새로운 감시 ETF 이익분배금 공시 없음
[08:43:49] 🔍 DART 공시 확인 중... (조회기간: 20260702 ~ 20260703)
[08:43:49]    총 30건의 주요사항보고 조회됨
[08:43:49]    배당 결정 공시 없음
[08:43:50] 🔍 KIND ETF 공시 확인 중... (조회기간: 2026-07-02 ~ 2026-07-03)
[08:43:50]    새로운 감시 ETF 이익분배금 공시 없음
[08:43:50] ⏰ 아침 배당기준일 리마인드 스케줄러 기동 중...
[08:43:50] ⏰ 리마인드 스케줄러 점검 완료.
[08:48:50] 🔍 DART 공시 확인 중... (조회기간: 20260702 ~ 20260703)
[08:48:50]    총 30건의 주요사항보고 조회됨
[08:48:50]    배당 결정 공시 없음
[08:48:51] 🔍 KIND ETF 공시 확인 중... (조회기간: 2026-07-02 ~ 2026-07-03)
[08:48:51]    새로운 감시 ETF 이익분배금 공시 없음
[08:53:52] 🔍 DART 공시 확인 중... (조회기간: 20260702 ~ 20260703)
[08:53:52]    총 30건의 주요사항보고 조회됨
[08:53:52]    배당 결정 공시 없음
[08:53:53] 🔍 KIND ETF 공시 확인 중... (조회기간: 2026-07-02 ~ 2026-07-03)
[08:53:53]    새로운 감시 ETF 이익분배금 공시 없음
[08:58:53] 🔍 DART 공시 확인 중... (조회기간: 20260702 ~ 20260703)
[08:58:53]    총 30건의 주요사항보고 조회됨
[08:58:53]    배당 결정 공시 없음
[08:58:54] 🔍 KIND ETF 공시 확인 중... (조회기간: 2026-07-02 ~ 2026-07-03)
[08:58:54]    새로운 감시 ETF 이익분배금 공시 없음
[09:03:55] 🔍 DART 공시 확인 중... (조회기간: 20260702 ~ 20260703)
[09:03:55]    총 30건의 주요사항보고 조회됨
[09:03:55]    배당 결정 공시 없음
[09:03:56] 🔍 KIND ETF 공시 확인 중... (조회기간: 2026-07-02 ~ 2026-07-03)
[09:03:56]    새로운 감시 ETF 이익분배금 공시 없음
[09:08:57] 🔍 DART 공시 확인 중... (조회기간: 20260702 ~ 20260703)
[09:08:57]    총 30건의 주요사항보고 조회됨
[09:08:57]    배당 결정 공시 없음
[09:08:57] 🔍 KIND ETF 공시 확인 중... (조회기간: 2026-07-02 ~ 2026-07-03)
[09:08:57]    새로운 감시 ETF 이익분배금 공시 없음
[09:13:58] 🔍 DART 공시 확인 중... (조회기간: 20260702 ~ 20260703)
[09:13:58]    총 30건의 주요사항보고 조회됨
[09:13:58]    배당 결정 공시 없음
[09:13:59] 🔍 KIND ETF 공시 확인 중... (조회기간: 2026-07-02 ~ 2026-07-03)
[09:13:59]    새로운 감시 ETF 이익분배금 공시 없음
[09:19:00] 🔍 DART 공시 확인 중... (조회기간: 20260702 ~ 20260703)
[09:19:00]    총 30건의 주요사항보고 조회됨
[09:19:00]    배당 결정 공시 없음
[09:19:01] 🔍 KIND ETF 공시 확인 중... (조회기간: 2026-07-02 ~ 2026-07-03)
[09:19:01]    새로운 감시 ETF 이익분배금 공시 없음
[09:24:01] 🔍 DART 공시 확인 중... (조회기간: 20260702 ~ 20260703)
[09:24:01]    총 30건의 주요사항보고 조회됨
[09:24:01]    배당 결정 공시 없음
[09:24:02] 🔍 KIND ETF 공시 확인 중... (조회기간: 2026-07-02 ~ 2026-07-03)
[09:24:02]    새로운 감시 ETF 이익분배금 공시 없음
[09:29:03] 🔍 DART 공시 확인 중... (조회기간: 20260702 ~ 20260703)
[09:29:03]    총 30건의 주요사항보고 조회됨
[09:29:03]    배당 결정 공시 없음
[09:29:04] 🔍 KIND ETF 공시 확인 중... (조회기간: 2026-07-02 ~ 2026-07-03)
[09:29:04]    새로운 감시 ETF 이익분배금 공시 없음
[09:34:05] 🔍 DART 공시 확인 중... (조회기간: 20260702 ~ 20260703)
[09:34:05]    총 30건의 주요사항보고 조회됨
[09:34:05]    배당 결정 공시 없음
[09:34:05] 🔍 KIND ETF 공시 확인 중... (조회기간: 2026-07-02 ~ 2026-07-03)
[09:34:05]    새로운 감시 ETF 이익분배금 공시 없음
[09:39:06] 🔍 DART 공시 확인 중... (조회기간: 20260702 ~ 20260703)
[09:39:06]    총 30건의 주요사항보고 조회됨
[09:39:06]    배당 결정 공시 없음
[09:39:07] 🔍 KIND ETF 공시 확인 중... (조회기간: 2026-07-02 ~ 2026-07-03)
[09:39:07]    새로운 감시 ETF 이익분배금 공시 없음
[09:44:08] 🔍 DART 공시 확인 중... (조회기간: 20260702 ~ 20260703)
[09:44:08]    총 30건의 주요사항보고 조회됨
[09:44:08]    배당 결정 공시 없음
[09:44:08] 🔍 KIND ETF 공시 확인 중... (조회기간: 2026-07-02 ~ 2026-07-03)
[09:44:08]    새로운 감시 ETF 이익분배금 공시 없음
[09:49:09] 🔍 DART 공시 확인 중... (조회기간: 20260702 ~ 20260703)
[09:49:09]    총 30건의 주요사항보고 조회됨
[09:49:09]    배당 결정 공시 없음
[09:49:10] 🔍 KIND ETF 공시 확인 중... (조회기간: 2026-07-02 ~ 2026-07-03)
[09:49:10]    새로운 감시 ETF 이익분배금 공시 없음
[09:54:11] 🔍 DART 공시 확인 중... (조회기간: 20260702 ~ 20260703)
[09:54:11]    총 30건의 주요사항보고 조회됨
[09:54:11]    배당 결정 공시 없음
[09:54:12] 🔍 KIND ETF 공시 확인 중... (조회기간: 2026-07-02 ~ 2026-07-03)
[09:54:12]    새로운 감시 ETF 이익분배금 공시 없음
[09:59:12] 🔍 DART 공시 확인 중... (조회기간: 20260702 ~ 20260703)
[09:59:12]    총 30건의 주요사항보고 조회됨
[09:59:12]    배당 결정 공시 없음
[09:59:13] 🔍 KIND ETF 공시 확인 중... (조회기간: 2026-07-02 ~ 2026-07-03)
[09:59:13]    새로운 감시 ETF 이익분배금 공시 없음
[10:04:14] 🔍 DART 공시 확인 중... (조회기간: 20260702 ~ 20260703)
[10:04:14]    총 30건의 주요사항보고 조회됨
[10:04:14]    배당 결정 공시 없음
[10:04:15] 🔍 KIND ETF 공시 확인 중... (조회기간: 2026-07-02 ~ 2026-07-03)
[10:04:15]    새로운 감시 ETF 이익분배금 공시 없음
[10:09:16] 🔍 DART 공시 확인 중... (조회기간: 20260702 ~ 20260703)
[10:09:16]    총 30건의 주요사항보고 조회됨
[10:09:16]    배당 결정 공시 없음
[10:09:17] 🔍 KIND ETF 공시 확인 중... (조회기간: 2026-07-02 ~ 2026-07-03)
[10:09:17]    새로운 감시 ETF 이익분배금 공시 없음
[10:14:17] 🔍 DART 공시 확인 중... (조회기간: 20260702 ~ 20260703)
[10:14:17]    총 30건의 주요사항보고 조회됨
[10:14:17]    배당 결정 공시 없음
[10:14:18] 🔍 KIND ETF 공시 확인 중... (조회기간: 2026-07-02 ~ 2026-07-03)
[10:14:18]    새로운 감시 ETF 이익분배금 공시 없음
[10:19:19] 🔍 DART 공시 확인 중... (조회기간: 20260702 ~ 20260703)
[10:19:19]    총 30건의 주요사항보고 조회됨
[10:19:19]    배당 결정 공시 없음
[10:19:20] 🔍 KIND ETF 공시 확인 중... (조회기간: 2026-07-02 ~ 2026-07-03)
[10:19:20]    새로운 감시 ETF 이익분배금 공시 없음
[10:24:21] 🔍 DART 공시 확인 중... (조회기간: 20260702 ~ 20260703)
[10:24:21]    총 30건의 주요사항보고 조회됨
[10:24:21]    배당 결정 공시 없음
[10:24:22] 🔍 KIND ETF 공시 확인 중... (조회기간: 2026-07-02 ~ 2026-07-03)
[10:24:22]    새로운 감시 ETF 이익분배금 공시 없음
[10:29:22] 🔍 DART 공시 확인 중... (조회기간: 20260702 ~ 20260703)
[10:29:22]    총 30건의 주요사항보고 조회됨
[10:29:22]    배당 결정 공시 없음
[10:29:23] 🔍 KIND ETF 공시 확인 중... (조회기간: 2026-07-02 ~ 2026-07-03)
[10:29:23]    새로운 감시 ETF 이익분배금 공시 없음
[10:34:24] 🔍 DART 공시 확인 중... (조회기간: 20260702 ~ 20260703)
[10:34:24]    총 30건의 주요사항보고 조회됨
[10:34:24]    배당 결정 공시 없음
[10:34:25] 🔍 KIND ETF 공시 확인 중... (조회기간: 2026-07-02 ~ 2026-07-03)
[10:34:25]    새로운 감시 ETF 이익분배금 공시 없음
[10:39:26] 🔍 DART 공시 확인 중... (조회기간: 20260702 ~ 20260703)
[10:39:26]    총 30건의 주요사항보고 조회됨
[10:39:26]    배당 결정 공시 없음
[10:39:26] 🔍 KIND ETF 공시 확인 중... (조회기간: 2026-07-02 ~ 2026-07-03)
[10:39:26]    새로운 감시 ETF 이익분배금 공시 없음
[10:44:27] 🔍 DART 공시 확인 중... (조회기간: 20260702 ~ 20260703)
[10:44:27]    총 30건의 주요사항보고 조회됨
[10:44:27]    배당 결정 공시 없음
[10:44:28] 🔍 KIND ETF 공시 확인 중... (조회기간: 2026-07-02 ~ 2026-07-03)
[10:44:28]    새로운 감시 ETF 이익분배금 공시 없음
[10:49:29] 🔍 DART 공시 확인 중... (조회기간: 20260702 ~ 20260703)
[10:49:29]    총 31건의 주요사항보고 조회됨
[10:49:29]    배당 결정 공시 없음
[10:49:29] 🔍 KIND ETF 공시 확인 중... (조회기간: 2026-07-02 ~ 2026-07-03)
[10:49:29]    새로운 감시 ETF 이익분배금 공시 없음
[10:54:30] 🔍 DART 공시 확인 중... (조회기간: 20260702 ~ 20260703)
[10:54:30]    총 31건의 주요사항보고 조회됨
[10:54:30]    배당 결정 공시 없음
[10:54:31] 🔍 KIND ETF 공시 확인 중... (조회기간: 2026-07-02 ~ 2026-07-03)
[10:54:31]    새로운 감시 ETF 이익분배금 공시 없음
[10:59:32] 🔍 DART 공시 확인 중... (조회기간: 20260702 ~ 20260703)
[10:59:32]    총 31건의 주요사항보고 조회됨
[10:59:32]    배당 결정 공시 없음
[10:59:33] 🔍 KIND ETF 공시 확인 중... (조회기간: 2026-07-02 ~ 2026-07-03)
[10:59:33]    새로운 감시 ETF 이익분배금 공시 없음
[11:04:34] 🔍 DART 공시 확인 중... (조회기간: 20260702 ~ 20260703)
[11:04:34]    총 31건의 주요사항보고 조회됨
[11:04:34]    배당 결정 공시 없음
[11:04:34] 🔍 KIND ETF 공시 확인 중... (조회기간: 2026-07-02 ~ 2026-07-03)
[11:04:34]    새로운 감시 ETF 이익분배금 공시 없음
[11:09:35] 🔍 DART 공시 확인 중... (조회기간: 20260702 ~ 20260703)
[11:09:35]    총 31건의 주요사항보고 조회됨
[11:09:35]    배당 결정 공시 없음
[11:09:36] 🔍 KIND ETF 공시 확인 중... (조회기간: 2026-07-02 ~ 2026-07-03)
[11:09:36]    새로운 감시 ETF 이익분배금 공시 없음
[11:14:37] 🔍 DART 공시 확인 중... (조회기간: 20260702 ~ 20260703)
[11:14:37]    총 31건의 주요사항보고 조회됨
[11:14:37]    배당 결정 공시 없음
[11:14:37] 🔍 KIND ETF 공시 확인 중... (조회기간: 2026-07-02 ~ 2026-07-03)
[11:14:37]    새로운 감시 ETF 이익분배금 공시 없음
[11:19:38] 🔍 DART 공시 확인 중... (조회기간: 20260702 ~ 20260703)
[11:19:38]    총 31건의 주요사항보고 조회됨
[11:19:38]    배당 결정 공시 없음
[11:19:39] 🔍 KIND ETF 공시 확인 중... (조회기간: 2026-07-02 ~ 2026-07-03)
[11:19:39]    새로운 감시 ETF 이익분배금 공시 없음
[11:24:40] 🔍 DART 공시 확인 중... (조회기간: 20260702 ~ 20260703)
[11:24:40]    총 31건의 주요사항보고 조회됨
[11:24:40]    배당 결정 공시 없음
[11:24:40] 🔍 KIND ETF 공시 확인 중... (조회기간: 2026-07-02 ~ 2026-07-03)
[11:24:40]    새로운 감시 ETF 이익분배금 공시 없음
[11:29:41] 🔍 DART 공시 확인 중... (조회기간: 20260702 ~ 20260703)
[11:29:41]    총 31건의 주요사항보고 조회됨
[11:29:41]    배당 결정 공시 없음
[11:29:42] 🔍 KIND ETF 공시 확인 중... (조회기간: 2026-07-02 ~ 2026-07-03)
[11:29:42]    새로운 감시 ETF 이익분배금 공시 없음
[11:34:43] 🔍 DART 공시 확인 중... (조회기간: 20260702 ~ 20260703)
[11:34:43]    총 31건의 주요사항보고 조회됨
[11:34:43]    배당 결정 공시 없음
[11:34:44] 🔍 KIND ETF 공시 확인 중... (조회기간: 2026-07-02 ~ 2026-07-03)
[11:34:44]    새로운 감시 ETF 이익분배금 공시 없음
[11:39:44] 🔍 DART 공시 확인 중... (조회기간: 20260702 ~ 20260703)
[11:39:44]    총 31건의 주요사항보고 조회됨
[11:39:44]    배당 결정 공시 없음
[11:39:45] 🔍 KIND ETF 공시 확인 중... (조회기간: 2026-07-02 ~ 2026-07-03)
[11:39:45]    새로운 감시 ETF 이익분배금 공시 없음
[11:44:46] 🔍 DART 공시 확인 중... (조회기간: 20260702 ~ 20260703)
[11:44:46]    총 31건의 주요사항보고 조회됨
[11:44:46]    배당 결정 공시 없음
[11:44:47] 🔍 KIND ETF 공시 확인 중... (조회기간: 2026-07-02 ~ 2026-07-03)
[11:44:47]    새로운 감시 ETF 이익분배금 공시 없음
[11:49:48] 🔍 DART 공시 확인 중... (조회기간: 20260702 ~ 20260703)
[11:49:48]    총 31건의 주요사항보고 조회됨
[11:49:48]    배당 결정 공시 없음
[11:49:48] 🔍 KIND ETF 공시 확인 중... (조회기간: 2026-07-02 ~ 2026-07-03)
[11:49:48]    새로운 감시 ETF 이익분배금 공시 없음
[11:54:49] 🔍 DART 공시 확인 중... (조회기간: 20260702 ~ 20260703)
[11:54:49]    총 31건의 주요사항보고 조회됨
[11:54:49]    배당 결정 공시 없음
[11:54:50] 🔍 KIND ETF 공시 확인 중... (조회기간: 2026-07-02 ~ 2026-07-03)
[11:54:50]    새로운 감시 ETF 이익분배금 공시 없음
[11:59:51] 🔍 DART 공시 확인 중... (조회기간: 20260702 ~ 20260703)
[11:59:51]    총 31건의 주요사항보고 조회됨
[11:59:51]    배당 결정 공시 없음
[11:59:52] 🔍 KIND ETF 공시 확인 중... (조회기간: 2026-07-02 ~ 2026-07-03)
[11:59:52]    새로운 감시 ETF 이익분배금 공시 없음
[12:04:53] 🔍 DART 공시 확인 중... (조회기간: 20260702 ~ 20260703)
[12:04:53]    총 31건의 주요사항보고 조회됨
[12:04:53]    배당 결정 공시 없음
[12:04:53] 🔍 KIND ETF 공시 확인 중... (조회기간: 2026-07-02 ~ 2026-07-03)
[12:04:53]    새로운 감시 ETF 이익분배금 공시 없음
[12:09:54] 🔍 DART 공시 확인 중... (조회기간: 20260702 ~ 20260703)
[12:09:54]    총 31건의 주요사항보고 조회됨
[12:09:54]    배당 결정 공시 없음
[12:09:55] 🔍 KIND ETF 공시 확인 중... (조회기간: 2026-07-02 ~ 2026-07-03)
[12:09:55]    새로운 감시 ETF 이익분배금 공시 없음
[12:14:56] 🔍 DART 공시 확인 중... (조회기간: 20260702 ~ 20260703)
[12:14:56]    총 31건의 주요사항보고 조회됨
[12:14:56]    배당 결정 공시 없음
[12:14:57] 🔍 KIND ETF 공시 확인 중... (조회기간: 2026-07-02 ~ 2026-07-03)
[12:14:57]    새로운 감시 ETF 이익분배금 공시 없음
[12:19:58] 🔍 DART 공시 확인 중... (조회기간: 20260702 ~ 20260703)
[12:19:58]    총 31건의 주요사항보고 조회됨
[12:19:58]    배당 결정 공시 없음
[12:19:58] 🔍 KIND ETF 공시 확인 중... (조회기간: 2026-07-02 ~ 2026-07-03)
[12:19:58]    새로운 감시 ETF 이익분배금 공시 없음
[12:24:59] 🔍 DART 공시 확인 중... (조회기간: 20260702 ~ 20260703)
[12:24:59]    총 31건의 주요사항보고 조회됨
[12:24:59]    배당 결정 공시 없음
[12:25:00] 🔍 KIND ETF 공시 확인 중... (조회기간: 2026-07-02 ~ 2026-07-03)
[12:25:00]    새로운 감시 ETF 이익분배금 공시 없음
[12:30:01] 🔍 DART 공시 확인 중... (조회기간: 20260702 ~ 20260703)
[12:30:01]    총 31건의 주요사항보고 조회됨
[12:30:01]    배당 결정 공시 없음
[12:30:02] 🔍 KIND ETF 공시 확인 중... (조회기간: 2026-07-02 ~ 2026-07-03)
[12:30:02]    새로운 감시 ETF 이익분배금 공시 없음
[12:35:02] 🔍 DART 공시 확인 중... (조회기간: 20260702 ~ 20260703)
[12:35:02]    총 31건의 주요사항보고 조회됨
[12:35:02]    배당 결정 공시 없음
[12:35:03] 🔍 KIND ETF 공시 확인 중... (조회기간: 2026-07-02 ~ 2026-07-03)
[12:35:03]    새로운 감시 ETF 이익분배금 공시 없음
[12:40:04] 🔍 DART 공시 확인 중... (조회기간: 20260702 ~ 20260703)
[12:40:04]    총 31건의 주요사항보고 조회됨
[12:40:04]    배당 결정 공시 없음
[12:40:05] 🔍 KIND ETF 공시 확인 중... (조회기간: 2026-07-02 ~ 2026-07-03)
[12:40:05]    새로운 감시 ETF 이익분배금 공시 없음
[12:45:06] 🔍 DART 공시 확인 중... (조회기간: 20260702 ~ 20260703)
[12:45:06]    총 31건의 주요사항보고 조회됨
[12:45:06]    배당 결정 공시 없음
[12:45:06] 🔍 KIND ETF 공시 확인 중... (조회기간: 2026-07-02 ~ 2026-07-03)
[12:45:06]    새로운 감시 ETF 이익분배금 공시 없음
[12:50:07] 🔍 DART 공시 확인 중... (조회기간: 20260702 ~ 20260703)
[12:50:07]    총 31건의 주요사항보고 조회됨
[12:50:07]    배당 결정 공시 없음
[12:50:08] 🔍 KIND ETF 공시 확인 중... (조회기간: 2026-07-02 ~ 2026-07-03)
[12:50:08]    새로운 감시 ETF 이익분배금 공시 없음
[12:55:09] 🔍 DART 공시 확인 중... (조회기간: 20260702 ~ 20260703)
[12:55:09]    총 31건의 주요사항보고 조회됨
[12:55:09]    배당 결정 공시 없음
[12:55:10] 🔍 KIND ETF 공시 확인 중... (조회기간: 2026-07-02 ~ 2026-07-03)
[12:55:10]    새로운 감시 ETF 이익분배금 공시 없음
[13:00:10] 🔍 DART 공시 확인 중... (조회기간: 20260702 ~ 20260703)
[13:00:10]    총 31건의 주요사항보고 조회됨
[13:00:10]    배당 결정 공시 없음
[13:00:11] 🔍 KIND ETF 공시 확인 중... (조회기간: 2026-07-02 ~ 2026-07-03)
[13:00:11]    새로운 감시 ETF 이익분배금 공시 없음
[13:05:12] 🔍 DART 공시 확인 중... (조회기간: 20260702 ~ 20260703)
[13:05:12]    총 31건의 주요사항보고 조회됨
[13:05:12]    배당 결정 공시 없음
[13:05:13] 🔍 KIND ETF 공시 확인 중... (조회기간: 2026-07-02 ~ 2026-07-03)
[13:05:13]    새로운 감시 ETF 이익분배금 공시 없음
[13:10:14] 🔍 DART 공시 확인 중... (조회기간: 20260702 ~ 20260703)
[13:10:14]    총 31건의 주요사항보고 조회됨
[13:10:14]    배당 결정 공시 없음
[13:10:14] 🔍 KIND ETF 공시 확인 중... (조회기간: 2026-07-02 ~ 2026-07-03)
[13:10:14]    새로운 감시 ETF 이익분배금 공시 없음
[13:15:15] 🔍 DART 공시 확인 중... (조회기간: 20260702 ~ 20260703)
[13:15:15]    총 31건의 주요사항보고 조회됨
[13:15:15]    배당 결정 공시 없음
[13:15:16] 🔍 KIND ETF 공시 확인 중... (조회기간: 2026-07-02 ~ 2026-07-03)
[13:15:16]    새로운 감시 ETF 이익분배금 공시 없음
[13:20:17] 🔍 DART 공시 확인 중... (조회기간: 20260702 ~ 20260703)
[13:20:17]    총 31건의 주요사항보고 조회됨
[13:20:17]    배당 결정 공시 없음
[13:20:18] 🔍 KIND ETF 공시 확인 중... (조회기간: 2026-07-02 ~ 2026-07-03)
[13:20:18]    새로운 감시 ETF 이익분배금 공시 없음
[13:25:19] 🔍 DART 공시 확인 중... (조회기간: 20260702 ~ 20260703)
[13:25:19]    총 31건의 주요사항보고 조회됨
[13:25:19]    배당 결정 공시 없음
[13:25:25] 🔍 KIND ETF 공시 확인 중... (조회기간: 2026-07-02 ~ 2026-07-03)
[13:25:25]    새로운 감시 ETF 이익분배금 공시 없음
[13:30:32] 🔍 DART 공시 확인 중... (조회기간: 20260702 ~ 20260703)
[13:30:32]    총 31건의 주요사항보고 조회됨
[13:30:32]    배당 결정 공시 없음
[13:30:34] 🔍 KIND ETF 공시 확인 중... (조회기간: 2026-07-02 ~ 2026-07-03)
[13:30:34]    새로운 감시 ETF 이익분배금 공시 없음
[13:35:35] 🔍 DART 공시 확인 중... (조회기간: 20260702 ~ 20260703)
[13:35:35]    총 31건의 주요사항보고 조회됨
[13:35:35]    배당 결정 공시 없음
[13:35:36] 🔍 KIND ETF 공시 확인 중... (조회기간: 2026-07-02 ~ 2026-07-03)
[13:35:36]    새로운 감시 ETF 이익분배금 공시 없음
[13:40:37] 🔍 DART 공시 확인 중... (조회기간: 20260702 ~ 20260703)
[13:40:37]    총 31건의 주요사항보고 조회됨
[13:40:37]    배당 결정 공시 없음
[13:40:38] 🔍 KIND ETF 공시 확인 중... (조회기간: 2026-07-02 ~ 2026-07-03)
[13:40:38]    새로운 감시 ETF 이익분배금 공시 없음
[13:45:39] 🔍 DART 공시 확인 중... (조회기간: 20260702 ~ 20260703)
[13:45:39]    총 31건의 주요사항보고 조회됨
[13:45:39]    배당 결정 공시 없음
[13:45:40] 🔍 KIND ETF 공시 확인 중... (조회기간: 2026-07-02 ~ 2026-07-03)
[13:45:40]    새로운 감시 ETF 이익분배금 공시 없음
[13:50:41] 🔍 DART 공시 확인 중... (조회기간: 20260702 ~ 20260703)
[13:50:41]    총 32건의 주요사항보고 조회됨
[13:50:41]    배당 결정 공시 없음
[13:50:42] 🔍 KIND ETF 공시 확인 중... (조회기간: 2026-07-02 ~ 2026-07-03)
[13:50:42]    새로운 감시 ETF 이익분배금 공시 없음
[13:55:43] 🔍 DART 공시 확인 중... (조회기간: 20260702 ~ 20260703)
[13:55:43]    총 32건의 주요사항보고 조회됨
[13:55:43]    배당 결정 공시 없음
[13:55:44] 🔍 KIND ETF 공시 확인 중... (조회기간: 2026-07-02 ~ 2026-07-03)
[13:55:44]    새로운 감시 ETF 이익분배금 공시 없음
[14:00:45] 🔍 DART 공시 확인 중... (조회기간: 20260702 ~ 20260703)
[14:00:45]    총 32건의 주요사항보고 조회됨
[14:00:45]    배당 결정 공시 없음
[14:00:45] 🔍 KIND ETF 공시 확인 중... (조회기간: 2026-07-02 ~ 2026-07-03)
[14:00:45]    새로운 감시 ETF 이익분배금 공시 없음
[14:05:46] 🔍 DART 공시 확인 중... (조회기간: 20260702 ~ 20260703)
[14:05:46]    총 32건의 주요사항보고 조회됨
[14:05:46]    배당 결정 공시 없음
[14:05:47] 🔍 KIND ETF 공시 확인 중... (조회기간: 2026-07-02 ~ 2026-07-03)
[14:05:47]    새로운 감시 ETF 이익분배금 공시 없음
[14:10:48] 🔍 DART 공시 확인 중... (조회기간: 20260702 ~ 20260703)
[14:10:48]    총 32건의 주요사항보고 조회됨
[14:10:48]    배당 결정 공시 없음
[14:10:49] 🔍 KIND ETF 공시 확인 중... (조회기간: 2026-07-02 ~ 2026-07-03)
[14:10:49]    새로운 감시 ETF 이익분배금 공시 없음
[14:15:50] 🔍 DART 공시 확인 중... (조회기간: 20260702 ~ 20260703)
[14:15:50]    총 32건의 주요사항보고 조회됨
[14:15:50]    배당 결정 공시 없음
[14:15:52] 🔍 KIND ETF 공시 확인 중... (조회기간: 2026-07-02 ~ 2026-07-03)
[14:15:52]    새로운 감시 ETF 이익분배금 공시 없음
[14:20:58] 🔍 DART 공시 확인 중... (조회기간: 20260702 ~ 20260703)
[14:20:58]    총 32건의 주요사항보고 조회됨
[14:20:58]    배당 결정 공시 없음
[14:20:59] 🔍 KIND ETF 공시 확인 중... (조회기간: 2026-07-02 ~ 2026-07-03)
[14:20:59]    새로운 감시 ETF 이익분배금 공시 없음
[14:26:01] 🔍 DART 공시 확인 중... (조회기간: 20260702 ~ 20260703)
[14:26:01]    총 32건의 주요사항보고 조회됨
[14:26:01]    배당 결정 공시 없음
[14:26:03] 🔍 KIND ETF 공시 확인 중... (조회기간: 2026-07-02 ~ 2026-07-03)
[14:26:03]    새로운 감시 ETF 이익분배금 공시 없음
[14:31:04] 🔍 DART 공시 확인 중... (조회기간: 20260702 ~ 20260703)
[14:31:04]    총 32건의 주요사항보고 조회됨
[14:31:04]    배당 결정 공시 없음
[14:31:05] 🔍 KIND ETF 공시 확인 중... (조회기간: 2026-07-02 ~ 2026-07-03)
[14:31:05]    새로운 감시 ETF 이익분배금 공시 없음
[14:36:06] 🔍 DART 공시 확인 중... (조회기간: 20260702 ~ 20260703)
[14:36:06]    총 32건의 주요사항보고 조회됨
[14:36:06]    배당 결정 공시 없음
[14:36:07] 🔍 KIND ETF 공시 확인 중... (조회기간: 2026-07-02 ~ 2026-07-03)
[14:36:07]    새로운 감시 ETF 이익분배금 공시 없음
[14:41:08] 🔍 DART 공시 확인 중... (조회기간: 20260702 ~ 20260703)
[14:41:08]    총 32건의 주요사항보고 조회됨
[14:41:08]    배당 결정 공시 없음
[14:41:09] 🔍 KIND ETF 공시 확인 중... (조회기간: 2026-07-02 ~ 2026-07-03)
[14:41:09]    새로운 감시 ETF 이익분배금 공시 없음
[14:46:10] 🔍 DART 공시 확인 중... (조회기간: 20260702 ~ 20260703)
[14:46:10]    총 32건의 주요사항보고 조회됨
[14:46:10]    배당 결정 공시 없음
[14:46:11] 🔍 KIND ETF 공시 확인 중... (조회기간: 2026-07-02 ~ 2026-07-03)
[14:46:11]    새로운 감시 ETF 이익분배금 공시 없음
[14:51:12] 🔍 DART 공시 확인 중... (조회기간: 20260702 ~ 20260703)
[14:51:12]    총 33건의 주요사항보고 조회됨
[14:51:12]    배당 결정 공시 없음
[14:51:13] 🔍 KIND ETF 공시 확인 중... (조회기간: 2026-07-02 ~ 2026-07-03)
[14:51:13]    새로운 감시 ETF 이익분배금 공시 없음
[14:56:14] 🔍 DART 공시 확인 중... (조회기간: 20260702 ~ 20260703)
[14:56:14]    총 34건의 주요사항보고 조회됨
[14:56:14]    배당 결정 공시 없음
[14:56:16] 🔍 KIND ETF 공시 확인 중... (조회기간: 2026-07-02 ~ 2026-07-03)
[14:56:16]    새로운 감시 ETF 이익분배금 공시 없음
[15:01:21] 🔍 DART 공시 확인 중... (조회기간: 20260702 ~ 20260703)
[15:01:21]    총 34건의 주요사항보고 조회됨
[15:01:21]    배당 결정 공시 없음
[15:01:22] 🔍 KIND ETF 공시 확인 중... (조회기간: 2026-07-02 ~ 2026-07-03)
[15:01:22]    새로운 감시 ETF 이익분배금 공시 없음
[15:06:23] 🔍 DART 공시 확인 중... (조회기간: 20260702 ~ 20260703)
[15:06:23]    총 34건의 주요사항보고 조회됨
[15:06:23]    배당 결정 공시 없음
[15:06:24] 🔍 KIND ETF 공시 확인 중... (조회기간: 2026-07-02 ~ 2026-07-03)
[15:06:24]    새로운 감시 ETF 이익분배금 공시 없음
[15:11:24] 🔍 DART 공시 확인 중... (조회기간: 20260702 ~ 20260703)
[15:11:24]    총 35건의 주요사항보고 조회됨
[15:11:24]    배당 결정 공시 없음
[15:11:26] 🔍 KIND ETF 공시 확인 중... (조회기간: 2026-07-02 ~ 2026-07-03)
[15:11:26]    새로운 감시 ETF 이익분배금 공시 없음
[15:16:27] 🔍 DART 공시 확인 중... (조회기간: 20260702 ~ 20260703)
[15:16:27]    총 35건의 주요사항보고 조회됨
[15:16:27]    배당 결정 공시 없음
[15:16:30] 🔍 KIND ETF 공시 확인 중... (조회기간: 2026-07-02 ~ 2026-07-03)
[15:16:30]    새로운 감시 ETF 이익분배금 공시 없음
[15:21:32] 🔍 DART 공시 확인 중... (조회기간: 20260702 ~ 20260703)
[15:21:32]    총 35건의 주요사항보고 조회됨
[15:21:32]    배당 결정 공시 없음
[15:21:33] 🔍 KIND ETF 공시 확인 중... (조회기간: 2026-07-02 ~ 2026-07-03)
[15:21:33]    새로운 감시 ETF 이익분배금 공시 없음
[15:26:34] 🔍 DART 공시 확인 중... (조회기간: 20260702 ~ 20260703)
[15:26:34]    총 35건의 주요사항보고 조회됨
[15:26:34]    배당 결정 공시 없음
[15:26:35] 🔍 KIND ETF 공시 확인 중... (조회기간: 2026-07-02 ~ 2026-07-03)
[15:26:35]    새로운 감시 ETF 이익분배금 공시 없음
[15:31:36] 🔍 DART 공시 확인 중... (조회기간: 20260702 ~ 20260703)
[15:31:36]    총 35건의 주요사항보고 조회됨
[15:31:36]    배당 결정 공시 없음
[15:31:37] 🔍 KIND ETF 공시 확인 중... (조회기간: 2026-07-02 ~ 2026-07-03)
[15:31:37]    새로운 감시 ETF 이익분배금 공시 없음
[15:36:38] 🔍 DART 공시 확인 중... (조회기간: 20260702 ~ 20260703)
[15:36:38]    총 35건의 주요사항보고 조회됨
[15:36:38]    배당 결정 공시 없음
[15:36:40] 🔍 KIND ETF 공시 확인 중... (조회기간: 2026-07-02 ~ 2026-07-03)
[15:36:40]    새로운 감시 ETF 이익분배금 공시 없음
[15:41:43] 🔍 DART 공시 확인 중... (조회기간: 20260702 ~ 20260703)
[15:41:43]    총 35건의 주요사항보고 조회됨
[15:41:43]    배당 결정 공시 없음
[15:41:43] 🔍 KIND ETF 공시 확인 중... (조회기간: 2026-07-02 ~ 2026-07-03)
[15:41:43]    새로운 감시 ETF 이익분배금 공시 없음
[15:46:44] 🔍 DART 공시 확인 중... (조회기간: 20260702 ~ 20260703)
[15:46:44]    총 37건의 주요사항보고 조회됨
[15:46:44]    배당 결정 공시 없음
[15:46:45] 🔍 KIND ETF 공시 확인 중... (조회기간: 2026-07-02 ~ 2026-07-03)
[15:46:45]    새로운 감시 ETF 이익분배금 공시 없음
[15:51:46] 🔍 DART 공시 확인 중... (조회기간: 20260702 ~ 20260703)
[15:51:46]    총 37건의 주요사항보고 조회됨
[15:51:46]    배당 결정 공시 없음
[15:51:46] 🔍 KIND ETF 공시 확인 중... (조회기간: 2026-07-02 ~ 2026-07-03)
[15:51:46]    새로운 감시 ETF 이익분배금 공시 없음
[15:56:47] 🔍 DART 공시 확인 중... (조회기간: 20260702 ~ 20260703)
[15:56:47]    총 37건의 주요사항보고 조회됨
[15:56:47]    배당 결정 공시 없음
[15:56:48] 🔍 KIND ETF 공시 확인 중... (조회기간: 2026-07-02 ~ 2026-07-03)
[15:56:48]    새로운 감시 ETF 이익분배금 공시 없음
[16:01:49] 🔍 DART 공시 확인 중... (조회기간: 20260702 ~ 20260703)
[16:01:49]    총 40건의 주요사항보고 조회됨
[16:01:49]    배당 결정 공시 없음
[16:01:49] 🔍 KIND ETF 공시 확인 중... (조회기간: 2026-07-02 ~ 2026-07-03)
[16:01:49]    새로운 감시 ETF 이익분배금 공시 없음
[16:06:50] 🔍 DART 공시 확인 중... (조회기간: 20260702 ~ 20260703)
[16:06:50]    총 41건의 주요사항보고 조회됨
[16:06:50]    배당 결정 공시 없음
[16:06:51] 🔍 KIND ETF 공시 확인 중... (조회기간: 2026-07-02 ~ 2026-07-03)
[16:06:51]    새로운 감시 ETF 이익분배금 공시 없음
[16:11:51] 🔍 DART 공시 확인 중... (조회기간: 20260702 ~ 20260703)
[16:11:51]    총 42건의 주요사항보고 조회됨
[16:11:51]    배당 결정 공시 없음
[16:11:52] 🔍 KIND ETF 공시 확인 중... (조회기간: 2026-07-02 ~ 2026-07-03)
[16:11:52]    새로운 감시 ETF 이익분배금 공시 없음
[16:16:53] 🔍 DART 공시 확인 중... (조회기간: 20260702 ~ 20260703)
[16:16:53]    총 42건의 주요사항보고 조회됨
[16:16:53]    배당 결정 공시 없음
[16:16:54] 🔍 KIND ETF 공시 확인 중... (조회기간: 2026-07-02 ~ 2026-07-03)
[16:16:54]    새로운 감시 ETF 이익분배금 공시 없음
[16:21:54] 🔍 DART 공시 확인 중... (조회기간: 20260702 ~ 20260703)
[16:21:54]    총 42건의 주요사항보고 조회됨
[16:21:54]    배당 결정 공시 없음
[16:21:55] 🔍 KIND ETF 공시 확인 중... (조회기간: 2026-07-02 ~ 2026-07-03)
[16:21:55]    새로운 감시 ETF 이익분배금 공시 없음
[16:26:56] 🔍 DART 공시 확인 중... (조회기간: 20260702 ~ 20260703)
[16:26:56]    총 42건의 주요사항보고 조회됨
[16:26:56]    배당 결정 공시 없음
[16:26:56] 🔍 KIND ETF 공시 확인 중... (조회기간: 2026-07-02 ~ 2026-07-03)
[16:26:56]    새로운 감시 ETF 이익분배금 공시 없음
[16:31:57] 🔍 DART 공시 확인 중... (조회기간: 20260702 ~ 20260703)
[16:31:57]    총 43건의 주요사항보고 조회됨
[16:31:57]    배당 결정 공시 없음
[16:31:58] 🔍 KIND ETF 공시 확인 중... (조회기간: 2026-07-02 ~ 2026-07-03)
[16:31:58]    새로운 감시 ETF 이익분배금 공시 없음
[16:36:59] 🔍 DART 공시 확인 중... (조회기간: 20260702 ~ 20260703)
[16:36:59]    총 43건의 주요사항보고 조회됨
[16:36:59]    배당 결정 공시 없음
[16:36:59] 🔍 KIND ETF 공시 확인 중... (조회기간: 2026-07-02 ~ 2026-07-03)
[16:36:59]    새로운 감시 ETF 이익분배금 공시 없음
[16:42:00] 🔍 DART 공시 확인 중... (조회기간: 20260702 ~ 20260703)
[16:42:00]    총 44건의 주요사항보고 조회됨
[16:42:00]    배당 결정 공시 없음
[16:42:01] 🔍 KIND ETF 공시 확인 중... (조회기간: 2026-07-02 ~ 2026-07-03)
[16:42:01]    새로운 감시 ETF 이익분배금 공시 없음
[16:47:02] 🔍 DART 공시 확인 중... (조회기간: 20260702 ~ 20260703)
[16:47:02]    총 44건의 주요사항보고 조회됨
[16:47:02]    배당 결정 공시 없음
[16:47:03] 🔍 KIND ETF 공시 확인 중... (조회기간: 2026-07-02 ~ 2026-07-03)
[16:47:03]    새로운 감시 ETF 이익분배금 공시 없음
[16:52:04] 🔍 DART 공시 확인 중... (조회기간: 20260702 ~ 20260703)
[16:52:04]    총 45건의 주요사항보고 조회됨
[16:52:04]    배당 결정 공시 없음
[16:52:05] 🔍 KIND ETF 공시 확인 중... (조회기간: 2026-07-02 ~ 2026-07-03)
[16:52:05]    새로운 감시 ETF 이익분배금 공시 없음
[16:57:05] 🔍 DART 공시 확인 중... (조회기간: 20260702 ~ 20260703)
[16:57:05]    총 46건의 주요사항보고 조회됨
[16:57:05]    배당 결정 공시 없음
[16:57:06] 🔍 KIND ETF 공시 확인 중... (조회기간: 2026-07-02 ~ 2026-07-03)
[16:57:06]    새로운 감시 ETF 이익분배금 공시 없음
[17:02:07] 🔍 DART 공시 확인 중... (조회기간: 20260702 ~ 20260703)
[17:02:07]    총 46건의 주요사항보고 조회됨
[17:02:07]    배당 결정 공시 없음
[17:02:08] 🔍 KIND ETF 공시 확인 중... (조회기간: 2026-07-02 ~ 2026-07-03)
[17:02:08]    새로운 감시 ETF 이익분배금 공시 없음
[17:07:08] 🔍 DART 공시 확인 중... (조회기간: 20260702 ~ 20260703)
[17:07:08]    총 48건의 주요사항보고 조회됨
[17:07:08]    배당 결정 공시 없음
[17:07:09] 🔍 KIND ETF 공시 확인 중... (조회기간: 2026-07-02 ~ 2026-07-03)
[17:07:09]    새로운 감시 ETF 이익분배금 공시 없음
[17:12:10] 🔍 DART 공시 확인 중... (조회기간: 20260702 ~ 20260703)
[17:12:10]    총 50건의 주요사항보고 조회됨
[17:12:10]    배당 결정 공시 없음
[17:12:11] 🔍 KIND ETF 공시 확인 중... (조회기간: 2026-07-02 ~ 2026-07-03)
[17:12:11]    새로운 감시 ETF 이익분배금 공시 없음
[17:17:12] 🔍 DART 공시 확인 중... (조회기간: 20260702 ~ 20260703)
[17:17:12]    총 52건의 주요사항보고 조회됨
[17:17:12]    배당 결정 공시 없음
[17:17:12] 🔍 KIND ETF 공시 확인 중... (조회기간: 2026-07-02 ~ 2026-07-03)
[17:17:12]    새로운 감시 ETF 이익분배금 공시 없음
[17:22:13] 🔍 DART 공시 확인 중... (조회기간: 20260702 ~ 20260703)
[17:22:13]    총 52건의 주요사항보고 조회됨
[17:22:13]    배당 결정 공시 없음
[17:22:14] 🔍 KIND ETF 공시 확인 중... (조회기간: 2026-07-02 ~ 2026-07-03)
[17:22:14]    새로운 감시 ETF 이익분배금 공시 없음
[17:27:15] 🔍 DART 공시 확인 중... (조회기간: 20260702 ~ 20260703)
[17:27:15]    총 52건의 주요사항보고 조회됨
[17:27:15]    배당 결정 공시 없음
[17:27:15] 🔍 KIND ETF 공시 확인 중... (조회기간: 2026-07-02 ~ 2026-07-03)
[17:27:15]    새로운 감시 ETF 이익분배금 공시 없음
[17:32:16] 🔍 DART 공시 확인 중... (조회기간: 20260702 ~ 20260703)
[17:32:16]    총 52건의 주요사항보고 조회됨
[17:32:16]    배당 결정 공시 없음
[17:32:17] 🔍 KIND ETF 공시 확인 중... (조회기간: 2026-07-02 ~ 2026-07-03)
[17:32:17]    새로운 감시 ETF 이익분배금 공시 없음
[17:37:18] 🔍 DART 공시 확인 중... (조회기간: 20260702 ~ 20260703)
[17:37:18]    총 52건의 주요사항보고 조회됨
[17:37:18]    배당 결정 공시 없음
[17:37:18] 🔍 KIND ETF 공시 확인 중... (조회기간: 2026-07-02 ~ 2026-07-03)
[17:37:18]    새로운 감시 ETF 이익분배금 공시 없음
[17:42:19] 🔍 DART 공시 확인 중... (조회기간: 20260702 ~ 20260703)
[17:42:19]    총 52건의 주요사항보고 조회됨
[17:42:19]    배당 결정 공시 없음
[17:42:20] 🔍 KIND ETF 공시 확인 중... (조회기간: 2026-07-02 ~ 2026-07-03)
[17:42:20]    새로운 감시 ETF 이익분배금 공시 없음
[17:47:21] 🔍 DART 공시 확인 중... (조회기간: 20260702 ~ 20260703)
[17:47:21]    총 53건의 주요사항보고 조회됨
[17:47:21]    배당 결정 공시 없음
[17:47:21] 🔍 KIND ETF 공시 확인 중... (조회기간: 2026-07-02 ~ 2026-07-03)
[17:47:21]    새로운 감시 ETF 이익분배금 공시 없음
[17:52:22] 🔍 DART 공시 확인 중... (조회기간: 20260702 ~ 20260703)
[17:52:22]    총 53건의 주요사항보고 조회됨
[17:52:22]    배당 결정 공시 없음
[17:52:23] 🔍 KIND ETF 공시 확인 중... (조회기간: 2026-07-02 ~ 2026-07-03)
[17:52:23]    새로운 감시 ETF 이익분배금 공시 없음
[17:57:26] 🔍 DART 공시 확인 중... (조회기간: 20260702 ~ 20260703)
[17:57:26]    총 53건의 주요사항보고 조회됨
[17:57:26]    배당 결정 공시 없음
[17:57:27] 🔍 KIND ETF 공시 확인 중... (조회기간: 2026-07-02 ~ 2026-07-03)
[17:57:27]    새로운 감시 ETF 이익분배금 공시 없음
[18:02:28] 🔍 DART 공시 확인 중... (조회기간: 20260702 ~ 20260703)
[18:02:28]    총 55건의 주요사항보고 조회됨
[18:02:28]    배당 결정 공시 없음
[18:02:29] 🔍 KIND ETF 공시 확인 중... (조회기간: 2026-07-02 ~ 2026-07-03)
[18:02:29]    새로운 감시 ETF 이익분배금 공시 없음
[18:07:30] 🔍 DART 공시 확인 중... (조회기간: 20260702 ~ 20260703)
[18:07:30]    총 55건의 주요사항보고 조회됨
[18:07:30]    배당 결정 공시 없음
[18:07:30] 🔍 KIND ETF 공시 확인 중... (조회기간: 2026-07-02 ~ 2026-07-03)
[18:07:30]    새로운 감시 ETF 이익분배금 공시 없음
[18:12:31] 🔍 DART 공시 확인 중... (조회기간: 20260702 ~ 20260703)
[18:12:31]    총 55건의 주요사항보고 조회됨
[18:12:31]    배당 결정 공시 없음
[18:12:32] 🔍 KIND ETF 공시 확인 중... (조회기간: 2026-07-02 ~ 2026-07-03)
[18:12:32]    새로운 감시 ETF 이익분배금 공시 없음
[18:17:33] 🔍 DART 공시 확인 중... (조회기간: 20260702 ~ 20260703)
[18:17:33]    총 55건의 주요사항보고 조회됨
[18:17:33]    배당 결정 공시 없음
[18:17:34] 🔍 KIND ETF 공시 확인 중... (조회기간: 2026-07-02 ~ 2026-07-03)
[18:17:34]    새로운 감시 ETF 이익분배금 공시 없음
[18:22:36] 🔍 DART 공시 확인 중... (조회기간: 20260702 ~ 20260703)
[18:22:36]    총 55건의 주요사항보고 조회됨
[18:22:36]    배당 결정 공시 없음
[18:22:37] 🔍 KIND ETF 공시 확인 중... (조회기간: 2026-07-02 ~ 2026-07-03)
[18:22:37]    새로운 감시 ETF 이익분배금 공시 없음
[18:27:37] 🔍 DART 공시 확인 중... (조회기간: 20260702 ~ 20260703)
[18:27:37]    총 55건의 주요사항보고 조회됨
[18:27:37]    배당 결정 공시 없음
[18:27:39] 🔍 KIND ETF 공시 확인 중... (조회기간: 2026-07-02 ~ 2026-07-03)
[18:27:39]    새로운 감시 ETF 이익분배금 공시 없음
[18:32:41] 🔍 DART 공시 확인 중... (조회기간: 20260702 ~ 20260703)
[18:32:41]    총 55건의 주요사항보고 조회됨
[18:32:41]    배당 결정 공시 없음
[18:32:42] 🔍 KIND ETF 공시 확인 중... (조회기간: 2026-07-02 ~ 2026-07-03)
[18:32:42]    새로운 감시 ETF 이익분배금 공시 없음
[18:37:44] 🔍 DART 공시 확인 중... (조회기간: 20260702 ~ 20260703)
[18:37:44]    총 55건의 주요사항보고 조회됨
[18:37:44]    배당 결정 공시 없음
[18:37:45] 🔍 KIND ETF 공시 확인 중... (조회기간: 2026-07-02 ~ 2026-07-03)
[18:37:45]    새로운 감시 ETF 이익분배금 공시 없음
[18:42:45] 🔍 DART 공시 확인 중... (조회기간: 20260702 ~ 20260703)
[18:42:45]    총 55건의 주요사항보고 조회됨
[18:42:45]    배당 결정 공시 없음
[18:42:46] 🔍 KIND ETF 공시 확인 중... (조회기간: 2026-07-02 ~ 2026-07-03)
[18:42:46]    새로운 감시 ETF 이익분배금 공시 없음
[18:47:47] 🔍 DART 공시 확인 중... (조회기간: 20260702 ~ 20260703)
[18:47:47]    총 55건의 주요사항보고 조회됨
[18:47:47]    배당 결정 공시 없음
[18:47:48] 🔍 KIND ETF 공시 확인 중... (조회기간: 2026-07-02 ~ 2026-07-03)
[18:47:48]    새로운 감시 ETF 이익분배금 공시 없음
[18:52:49] 🔍 DART 공시 확인 중... (조회기간: 20260702 ~ 20260703)
[18:52:49]    총 55건의 주요사항보고 조회됨
[18:52:49]    배당 결정 공시 없음
[18:52:50] 🔍 KIND ETF 공시 확인 중... (조회기간: 2026-07-02 ~ 2026-07-03)
[18:52:50]    새로운 감시 ETF 이익분배금 공시 없음
[18:57:51] 🔍 DART 공시 확인 중... (조회기간: 20260702 ~ 20260703)
[18:57:51]    총 55건의 주요사항보고 조회됨
[18:57:51]    배당 결정 공시 없음
[18:57:55] 🔍 KIND ETF 공시 확인 중... (조회기간: 2026-07-02 ~ 2026-07-03)
[18:57:55]    새로운 감시 ETF 이익분배금 공시 없음
[19:02:58] 🔍 DART 공시 확인 중... (조회기간: 20260702 ~ 20260703)
[19:02:58]    총 55건의 주요사항보고 조회됨
[19:02:58]    배당 결정 공시 없음
[19:02:59] 🔍 KIND ETF 공시 확인 중... (조회기간: 2026-07-02 ~ 2026-07-03)
[19:02:59]    새로운 감시 ETF 이익분배금 공시 없음
[19:07:59] 🔍 DART 공시 확인 중... (조회기간: 20260702 ~ 20260703)
[19:07:59]    총 55건의 주요사항보고 조회됨
[19:07:59]    배당 결정 공시 없음
[19:08:00] 🔍 KIND ETF 공시 확인 중... (조회기간: 2026-07-02 ~ 2026-07-03)
[19:08:00]    새로운 감시 ETF 이익분배금 공시 없음
[19:13:01] 🔍 DART 공시 확인 중... (조회기간: 20260702 ~ 20260703)
[19:13:01]    총 55건의 주요사항보고 조회됨
[19:13:01]    배당 결정 공시 없음
[19:13:01] 🔍 KIND ETF 공시 확인 중... (조회기간: 2026-07-02 ~ 2026-07-03)
[19:13:01]    새로운 감시 ETF 이익분배금 공시 없음
[19:18:02] 🔍 DART 공시 확인 중... (조회기간: 20260702 ~ 20260703)
[19:18:02]    총 55건의 주요사항보고 조회됨
[19:18:02]    배당 결정 공시 없음
[19:18:03] 🔍 KIND ETF 공시 확인 중... (조회기간: 2026-07-02 ~ 2026-07-03)
[19:18:03]    새로운 감시 ETF 이익분배금 공시 없음
[19:23:04] 🔍 DART 공시 확인 중... (조회기간: 20260702 ~ 20260703)
[19:23:04]    총 55건의 주요사항보고 조회됨
[19:23:04]    배당 결정 공시 없음
[19:23:04] 🔍 KIND ETF 공시 확인 중... (조회기간: 2026-07-02 ~ 2026-07-03)
[19:23:04]    새로운 감시 ETF 이익분배금 공시 없음
[19:28:05] 🔍 DART 공시 확인 중... (조회기간: 20260702 ~ 20260703)
[19:28:05]    총 55건의 주요사항보고 조회됨
[19:28:05]    배당 결정 공시 없음
[19:28:06] 🔍 KIND ETF 공시 확인 중... (조회기간: 2026-07-02 ~ 2026-07-03)
[19:28:06]    새로운 감시 ETF 이익분배금 공시 없음
[19:33:07] 🔍 DART 공시 확인 중... (조회기간: 20260702 ~ 20260703)
[19:33:07]    총 55건의 주요사항보고 조회됨
[19:33:07]    배당 결정 공시 없음
[19:33:07] 🔍 KIND ETF 공시 확인 중... (조회기간: 2026-07-02 ~ 2026-07-03)
[19:33:07]    새로운 감시 ETF 이익분배금 공시 없음
[19:38:08] 🔍 DART 공시 확인 중... (조회기간: 20260702 ~ 20260703)
[19:38:08]    총 55건의 주요사항보고 조회됨
[19:38:08]    배당 결정 공시 없음
[19:38:09] 🔍 KIND ETF 공시 확인 중... (조회기간: 2026-07-02 ~ 2026-07-03)
[19:38:09]    새로운 감시 ETF 이익분배금 공시 없음
[19:43:10] 🔍 DART 공시 확인 중... (조회기간: 20260702 ~ 20260703)
[19:43:10]    총 55건의 주요사항보고 조회됨
[19:43:10]    배당 결정 공시 없음
[19:43:10] 🔍 KIND ETF 공시 확인 중... (조회기간: 2026-07-02 ~ 2026-07-03)
[19:43:10]    새로운 감시 ETF 이익분배금 공시 없음
[19:48:11] 🔍 DART 공시 확인 중... (조회기간: 20260702 ~ 20260703)
[19:48:11]    총 55건의 주요사항보고 조회됨
[19:48:11]    배당 결정 공시 없음
[19:48:12] 🔍 KIND ETF 공시 확인 중... (조회기간: 2026-07-02 ~ 2026-07-03)
[19:48:12]    새로운 감시 ETF 이익분배금 공시 없음
[19:53:13] 🔍 DART 공시 확인 중... (조회기간: 20260702 ~ 20260703)
[19:53:13]    총 55건의 주요사항보고 조회됨
[19:53:13]    배당 결정 공시 없음
[19:53:14] 🔍 KIND ETF 공시 확인 중... (조회기간: 2026-07-02 ~ 2026-07-03)
[19:53:14]    새로운 감시 ETF 이익분배금 공시 없음
[19:58:15] 🔍 DART 공시 확인 중... (조회기간: 20260702 ~ 20260703)
[19:58:15]    총 55건의 주요사항보고 조회됨
[19:58:15]    배당 결정 공시 없음
[19:58:15] 🔍 KIND ETF 공시 확인 중... (조회기간: 2026-07-02 ~ 2026-07-03)
[19:58:15]    새로운 감시 ETF 이익분배금 공시 없음
[20:03:16] 🔍 DART 공시 확인 중... (조회기간: 20260702 ~ 20260703)
[20:03:16]    총 55건의 주요사항보고 조회됨
[20:03:16]    배당 결정 공시 없음
[20:03:18] 🔍 KIND ETF 공시 확인 중... (조회기간: 2026-07-02 ~ 2026-07-03)
[20:03:18]    새로운 감시 ETF 이익분배금 공시 없음
[20:08:19] 🔍 DART 공시 확인 중... (조회기간: 20260702 ~ 20260703)
[20:08:19]    총 55건의 주요사항보고 조회됨
[20:08:19]    배당 결정 공시 없음
[20:08:20] 🔍 KIND ETF 공시 확인 중... (조회기간: 2026-07-02 ~ 2026-07-03)
[20:08:20]    새로운 감시 ETF 이익분배금 공시 없음
[20:13:21] 🔍 DART 공시 확인 중... (조회기간: 20260702 ~ 20260703)
[20:13:21]    총 55건의 주요사항보고 조회됨
[20:13:21]    배당 결정 공시 없음
[20:13:22] 🔍 KIND ETF 공시 확인 중... (조회기간: 2026-07-02 ~ 2026-07-03)
[20:13:22]    새로운 감시 ETF 이익분배금 공시 없음


  ╔═══════════════════════════════════════════════════════╗
  ║                                                       ║
  ║   📊  통합 모니터링 시스템  📊                       ║
  ║                                                       ║
  ║   DART 배당 공시 + TrendForce 뉴스                    ║
  ║   v2.1.0  (Python + DART + TrendForce + Gmail)        ║
  ║                                                       ║
  ╚═══════════════════════════════════════════════════════╝


🚀 [System] 단회 통합 모니터링(DART + TrendForce)을 시작합니다...
📂 설정을 로드합니다...

╔══════════════════════════════════════════════╗
║          📋 애플리케이션 설정 정보           ║
╠══════════════════════════════════════════════╣
║ DART API Key : 5d51********
║ 이메일 발송  : Selenium Gmail 자동화
║ 수신자       : meejin.an@samsung.com, songyee.lee@samsung.com, eg222.ko@samsung.com, jiwon99.kwon@samsung.com, bokyu.kim@samsung.com, jeonghwan.lim@samsung.com
║ 폴링 간격    : 5분
╚══════════════════════════════════════════════╝
📥 DART 기업 고유번호 데이터를 다운로드 중...
✅ 기업 고유번호 로드 완료: 총 118484개 기업, 3977개 상장사 매핑
💾 공시 처리 이력 로드 완료: 37개 로드됨 (C:\Users\infomax\OneDrive\dev\dart-mail-sender\processed_disclosures.txt)
🎯 감시 종목 필터 설정 완료: 14개 종목 매핑됨
   감시 대상 종목:
     ✅ LG유플러스 (032640)
     ✅ SK텔레콤 (017670)
     ✅ KT (030200)
     ✅ KB금융 (105560)
     ✅ 신한지주 (055550)
     ✅ 하나금융지주 (086790)
     ✅ 기업은행 (024110)
     ✅ 우리금융지주 (316140)
     ✅ 현대자동차 (005380)
     ✅ 기아 (000270)
     ✅ 맥쿼리인프라 (088980)
     ✅ 삼성전자 (005930)
     ✅ 삼성E&A (028050)
     ✅ 에스원 (012750)

🚀 단회 공시 모니터링을 시작합니다.
   수신자: ['meejin.an@samsung.com', 'songyee.lee@samsung.com', 'eg222.ko@samsung.com', 'jiwon99.kwon@samsung.com', 'bokyu.kim@samsung.com', 'jeonghwan.lim@samsung.com']
   감시 키워드: "현금ㆍ현물배당 결정"

[08:44:37] 🔍 DART 공시 확인 중... (조회기간: 20260713 ~ 20260714)
[08:44:37]    총 163건의 거래소공시(I) 조회됨
[08:44:37]    📋 배당 결정 공시 6건 발견

[08:44:37]    🔔 ═══════════════════════════════════════
[08:44:37]    🔔 새로운 배당 공시 발견!
[08:44:37]    🔔 기업명  : 기업은행
[08:44:37]    🔔 종목코드: 024110
[08:44:37]    🔔 보고서  : 현금ㆍ현물배당결정              
[08:44:37]    🔔 접수일  : 20260713
[08:44:37]    🔔 ═══════════════════════════════════════

[08:44:37]    📧 이메일 발송 중...
   📋 DART 공시 원문 PDF 생성 중...
   🌐 DART 공시 페이지 접속 중...
   📄 PDF 생성 중...
   📄 PDF 생성 완료: C:\Users\infomax\AppData\Local\Temp\기업은행_현금현물배당결정_20260713.pdf (69,744 bytes)
   📎 [SMTP] 파일 첨부 완료: 기업은행_현금현물배당결정_20260713.pdf
   ✅ [SMTP] 이메일 발송 성공 → 수신인 6명
[08:44:37]    ✅ 이메일 발송 성공 → ['meejin.an@samsung.com', 'songyee.lee@samsung.com', 'eg222.ko@samsung.com', 'jiwon99.kwon@samsung.com', 'bokyu.kim@samsung.com', 'jeonghwan.lim@samsung.com']
[08:44:37]    ⏰ 배당기준일 파싱 중...
[08:44:37]    ⚠️ 배당기준일 파싱 실패 (예약 보류)
[08:44:37]    🏁 1건의 공시 처리 완료
[08:45:06] 🔍 KIND ETF 공시 확인 중... (조회기간: 2026-07-13 ~ 2026-07-14)
[08:45:06]    새로운 감시 ETF 이익분배금 공시 없음
[08:45:06] ⏰ 아침 배당기준일 리마인드 스케줄러 기동 중...
[08:45:06] ⏰ 리마인드 스케줄러 점검 완료.
🏁 단회 공시 모니터링 완료.
⏹️  프로그램이 종료되었습니다.
❌ TrendForce 단회 실행 중 오류: No module named 'deep_translator'
